公司代號,公司名稱,員工福利平均數(仟元/人),員工薪資平均數(仟元/人),非擔任主管職務之全時員工薪資平均數(仟元/人),非擔任主管之全時員工薪資中位數(仟元/人),管理職女性主管占比,職業災害人數及比率-人數,職業災害人數及比率-比率
1101,台泥,"1,184","1,043","1,082",958,26.21%,1,0.09%
1102,亞泥,"1,353","1,214","1,110","1,003",22.31%,0,0.00%
1103,嘉泥,"1,797","1,553","1,139",923,40.00%,0,0.00%
1104,環泥,992,842,760,678,18.47%,0,0.00%
1108,幸福,640,523,523,478,28.57%,3,0.66%
1109,信大,772,641,664,624,30.00%,0,0.00%
1110,東泥,776,615,603,587,17.65%,1,1.33%
1201,味全,887,745,735,657,28.38%,6,4.37%
1203,味王,649,566,585,555,8.82%,5,0.69%
1210,大成,827,696,697,598,15.00%,13,0.55%
1213,大飲,513,435,446,402,3.00%,0,0.00%
1215,卜蜂,892,766,579,497,6.00%,18,0.82%
1216,統一,"1,408","1,244","1,217","1,043",22.39%,5,0.09%
1217,愛之味,804,671,684,582,33.98%,5,0.90%
1218,泰山,946,803,737,634,23.90%,7,1.07%
1219,福壽,807,675,647,599,14.30%,8,1.30%
1220,台榮,696,582,603,553,13.79%,1,0.46%
1225,福懋油,902,767,701,614,8.70%,2,0.87%
1227,佳格,"1,195",981,827,758,30.00%,8,0.80%
1229,聯華,"4,077","3,804",738,673,22.00%,0,0.00%
1231,聯華食,787,661,634,534,30.00%,21,0.01%
1232,大統益,"1,996","1,758","1,591","1,382",27.27%,1,0.69%
1233,天仁,480,394,509,455,45.46%,16,1.16%
1234,黑松,935,773,779,577,12.66%,4,0.70%
1235,興泰,492,410,395,406,33.33%,1,5.00%
1236,宏亞,598,500,487,457,47.22%,6,0.96%
1256,鮮活果汁-KY,N/A,N/A,N/A,N/A,34.15%,24,2.66%
1301,台塑,"1,475","1,276","1,506","1,403",6.51%,6,0.09%
1303,南亞,"1,401","1,242","1,410","1,369",4.21%,8,0.07%
1304,台聚,"1,858","1,609","1,471","1,318",1.08%,0,0.00%
1305,華夏,"1,366","1,188","1,190","1,165",3.33%,4,0.60%
1307,三芳,806,675,627,600,10.00%,1,0.13%
1308,亞聚,"1,714","1,462","1,439","1,346",3.12%,0,0.00%
1309,台達化,"1,568","1,353","1,366","1,280",15.38%,0,0.00%
1310,台苯,"1,374","1,117","1,059","1,018",20.00%,2,1.07%
1312,國喬,"1,916","1,567","1,590","1,426",27.27%,0,0.00%
1313,聯成,"1,789","1,544","1,281",891,31.00%,2,0.89%
1314,中石化,"1,395","1,234",989,899,5.92%,1,0.07%
1315,達新,765,615,599,520,44.20%,2,0.56%
1316,上曜,"1,401","1,285",669,592,7.14%,0,0.00%
1319,東陽,679,564,619,532,13.00%,0,0.00%
1321,大洋,909,752,809,750,8.06%,4,0.88%
1323,永裕,701,596,597,513,25.66%,1,0.14%
1324,地球,713,591,556,456,29.63%,0,0.00%
1325,恆大,560,452,473,389,50.00%,0,0.00%
1326,台化,"1,744","1,515","1,528","1,435",0.75%,3,0.02%
1337,再生-KY,N/A,N/A,N/A,N/A,14.29%,0,0.00%
1338,廣華-KY,N/A,N/A,N/A,N/A,27.40%,0,0.00%
1339,昭輝,679,567,510,449,42.00%,3,1.12%
1340,勝悅-KY,N/A,N/A,N/A,N/A,0.00%,0,0.00%
1341,富林-KY,N/A,N/A,N/A,N/A,22.00%,11,1.17%
1342,八貫,812,718,643,510,33.33%,7,2.00%
1402,遠東新,"1,286","1,103",976,849,19.00%,101,0.50%
1409,新纖,907,778,761,611,8.89%,3,0.16%
1410,南染,673,580,537,547,41.18%,0,0.00%
1413,宏洲,741,623,648,614,18.00%,2,0.85%
1414,東和,675,557,564,527,17.60%,4,1.90%
1416,廣豐,"1,613","1,250",766,781,42.86%,0,0.00%
1417,嘉裕,663,558,551,446,53.84%,3,1.00%
1418,東華,994,694,542,478,14.29%,0,0.00%
1419,新紡,792,672,652,564,56.00%,0,0.00%
1423,利華,742,619,508,442,33.33%,1,1.49%
1432,大魯閣,377,297,430,364,33.30%,18,2.90%
1434,福懋,600,504,567,507,17.00%,14,0.24%
1435,中福,827,757,"1,005",552,66.70%,0,0.00%
1436,華友聯,"1,187","1,005",866,842,7.41%,1,1.85%
1437,勤益控,"3,654","3,355",696,415,25.00%,0,0.00%
1438,三地開發,843,724,468,443,40.00%,0,0.00%
1439,雋揚,"1,548","1,280",911,898,12.50%,0,0.00%
1440,南紡,783,663,631,560,9.61%,9,0.80%
1441,大東,830,697,600,559,18.75%,0,0.00%
1442,名軒,"1,237","1,022",871,808,50.00%,0,0.00%
1443,立益物流,784,664,604,574,14.94%,0,0.00%
1444,力麗,690,565,563,488,22.73%,7,0.75%
1445,大宇,676,571,539,471,20.00%,0,0.00%
1446,宏和,685,574,577,476,14.63%,0,0.00%
1447,力鵬,735,591,555,499,23.73%,3,0.57%
1449,佳和,588,492,503,482,31.70%,2,0.23%
1451,年興,744,634,595,526,22.00%,1,0.12%
1452,宏益,959,823,740,626,33.00%,17,7.11%
1453,大將,727,598,498,479,25.00%,0,0.00%
1454,台富,649,541,515,449,6.80%,0,0.00%
1455,集盛,827,701,691,587,11.93%,4,0.33%
1456,怡華,881,746,623,626,12.50%,0,0.00%
1457,宜進,914,737,600,589,55.50%,0,0.00%
1459,聯發,694,575,499,447,14.29%,0,0.00%
1460,宏遠,707,580,543,501,3.00%,21,1.00%
1463,強盛新,626,536,537,500,17.07%,0,0.00%
1464,得力,639,545,535,494,31.57%,11,1.39%
1465,偉全,510,414,462,428,25.00%,0,0.00%
1466,聚隆,765,647,651,600,35.00%,2,0.55%
1467,南緯,786,640,696,597,61.00%,2,1.00%
1468,昶和,802,667,557,507,20.00%,0,0.00%
1470,大統新創,756,660,591,521,34.30%,0,0.00%
1471,首利,"1,085",925,760,762,25.00%,0,0.00%
1472,三洋實業,665,548,426,354,40.00%,0,0.00%
1473,台南,725,623,532,451,77.00%,2,0.01%
1474,弘裕,727,629,572,505,14.23%,1,0.21%
1475,業旺,839,702,529,495,10.00%,0,0.00%
1476,儒鴻,"1,080",943,879,760,36.00%,6,0.33%
1477,聚陽,"1,924","1,747","1,348","1,226",50.00%,0,0.00%
1503,士電,"1,204","1,063","1,016",841,8.16%,0,0.00%
1504,東元,"1,059",910,877,717,21.59%,2,0.09%
1506,正道,727,597,521,466,41.67%,1,0.04%
1512,瑞利,634,513,537,492,16.67%,0,0.00%
1513,中興電,956,796,809,702,15.00%,3,0.18%
1514,亞力,984,838,825,725,1.56%,1,0.00%
1515,力山,591,510,563,486,14.01%,98,5.73%
1516,川飛,845,749,521,694,0.00%,0,0.00%
1517,利奇,605,504,534,502,8.45%,5,0.60%
1519,華城,"1,016",861,826,708,13.33%,5,0.55%
1521,大億,729,604,613,565,12.22%,0,0.00%
1522,堤維西,668,549,575,525,20.00%,16,1.00%
1524,耿鼎,654,546,521,458,8.16%,4,0.89%
1525,江申,690,570,580,519,19.00%,1,0.30%
1526,日馳,859,748,598,415,20.00%,0,0.00%
1527,鑽全,725,625,607,540,0.81%,8,1.08%
1528,恩德,978,861,657,572,4.08%,0,0.00%
1529,樂事綠能,633,506,525,480,10.00%,0,0.00%
1530,亞崴,731,617,664,539,9.43%,1,0.60%
1531,高林股,937,796,661,630,19.23%,1,0.59%
1532,勤美,958,811,769,615,31.75%,1,0.32%
1533,車王電,673,563,596,510,0.00%,0,0.00%
1535,中宇,"1,154","1,009","1,025",935,7.75%,0,0.00%
1536,和大,800,644,636,607,9.09%,11,1.19%
1537,廣隆,"1,032",873,791,644,23.93%,0,0.00%
1538,正峰,809,686,475,444,30.76%,1,1.40%
1539,巨庭,629,510,476,417,17.00%,0,0.00%
1540,喬福,707,578,542,512,0.00%,0,0.00%
1541,錩泰,696,590,587,537,22.73%,0,0.00%
1558,伸興,"1,047",874,886,831,44.00%,10,0.32%
1560,中砂,908,761,762,699,6.70%,12,0.81%
1568,倉佑,691,557,570,526,26.00%,5,1.20%
1582,信錦,"1,189","1,015",940,803,15.22%,0,0.00%
1583,程泰,788,629,651,587,17.00%,2,0.54%
1587,吉茂,699,594,564,541,27.59%,0,0.00%
1589,永冠-KY,N/A,N/A,N/A,N/A,15.67%,75,0.03%
1590,亞德客-KY,N/A,N/A,N/A,N/A,10.04%,85,1.06%
1597,直得,900,770,740,665,31.43%,1,0.23%
1598,岱宇,742,620,598,508,27.50%,3,0.00%
1603,華電,692,598,538,472,27.66%,9,1.52%
1604,聲寶,"1,040",882,798,715,8.26%,0,0.00%
1605,華新,"1,152","1,032","1,190",967,17.54%,17,0.60%
1608,華榮,895,755,790,769,14.75%,2,0.47%
1609,大亞,"1,259","1,121",927,860,16.45%,12,2.00%
1611,中電,866,698,"1,635","1,100",5.00%,0,0.00%
1612,宏泰,"1,295","1,160","1,188",991,0.00%,1,0.30%
1614,三洋電,522,418,567,549,0.93%,12,1.24%
1615,大山,813,688,616,558,23.68%,4,1.60%
1616,億泰,774,648,601,539,14.29%,0,0.00%
1617,榮星,906,793,698,640,2.00%,0,0.00%
1618,合機,826,692,676,640,30.23%,5,2.39%
1626,艾美特-KY,N/A,N/A,N/A,N/A,23.00%,13,0.39%
1702,南僑,"2,853","2,627","1,009",729,37.50%,0,0.00%
1707,葡萄王,"1,077",950,827,796,45.71%,1,0.21%
1708,東鹼,"1,144",997,955,886,38.46%,0,0.00%
1709,和益,"2,157","1,982","1,706","1,527",13.00%,0,0.00%
1710,東聯,"1,464","1,132","1,061",981,1.82%,3,0.91%
1711,永光,903,767,741,707,13.00%,4,0.23%
1712,興農,907,781,732,654,18.00%,4,0.29%
1713,國化,975,846,743,706,35.50%,0,0.00%
1714,和桐,913,743,751,629,36.80%,0,0.00%
1717,長興,"1,214","1,023",979,824,15.40%,3,0.07%
1718,中纖,813,652,674,614,25.00%,2,0.34%
1720,生達,873,740,796,699,44.44%,8,1.00%
1721,三晃,870,709,716,685,22.30%,13,2.61%
1722,台肥,"1,577","1,381","1,359","1,186",13.41%,3,5.80%
1723,中碳,"1,717","1,508","1,311","1,234",7.89%,0,0.00%
1725,元禎,949,764,738,626,12.50%,0,0.00%
1726,永記,883,757,736,670,6.00%,21,2.97%
1727,中華化,770,642,638,585,25.71%,0,0.00%
1730,花仙子,"1,211","1,032",822,700,38.46%,0,0.00%
1731,美吾華,862,734,647,548,59.09%,0,0.00%
1732,毛寶,646,546,530,462,50.00%,0,0.00%
1733,五鼎,709,600,608,533,41.70%,7,0.95%
1734,杏輝,682,559,538,491,41.80%,26,0.45%
1735,日勝化,888,743,685,610,20.00%,212,0.00%
1736,喬山,835,706,692,589,21.43%,7,0.60%
1737,臺鹽,"1,128",954,950,872,26.00%,484,0.00%
1752,南光,641,536,530,470,0.82%,9,1.48%
1760,寶齡富錦,"1,021",867,773,598,49.30%,4,0.77%
1762,中化生,"1,157",992,962,848,22.00%,0,0.00%
1773,勝一,"1,452","1,288","1,086",932,9.09%,6,1.47%
1776,展宇,928,787,667,622,4.17%,4,3.10%
1783,和康生,918,784,609,520,42.86%,0,0.00%
1786,科妍,"1,005",844,656,558,27.27%,0,0.00%
1789,神隆,"1,047",883,802,721,34.80%,17,2.52%
1795,美時,"1,198",908,"1,030",754,37.20%,2,0.36%
1802,台玻,811,692,717,680,12.38%,93,2.26%
1805,寶徠,"1,192","1,042",727,654,20.00%,0,0.00%
1806,冠軍,788,604,623,563,2.00%,10,0.12%
1808,潤隆,"1,409","1,196",991,850,20.00%,0,0.00%
1809,中釉,834,711,679,406,4.76%,0,0.00%
1810,和成,816,704,671,590,9.26%,3,0.37%
1817,凱撒衛,913,791,744,623,25.00%,0,0.00%
1903,士紙,"1,044",905,579,526,20.96%,0,0.00%
1904,正隆,"1,177","1,026","1,003",941,5.88%,6,0.02%
1905,華紙,948,800,769,708,10.73%,2,0.07%
1906,寶隆,"1,273","1,071",714,787,1.00%,0,0.00%
1907,永豐餘,"2,736","2,539",821,726,18.00%,63,0.60%
1909,榮成,946,814,733,697,6.17%,5,0.44%
2002,中鋼,"2,741","2,466","2,360","2,226",2.11%,3,0.03%
2006,東和鋼鐵,"1,306","1,151","1,180","1,139",8.45%,18,1.03%
2007,燁興,831,619,662,627,5.65%,3,0.70%
2008,高興昌,662,536,508,477,15.25%,2,0.98%
2009,第一銅,811,685,695,682,4.00%,4,1.63%
2010,春源,831,690,710,639,8.48%,22,1.90%
2012,春雨,859,756,626,571,19.00%,6,1.05%
2013,中鋼構,"1,836","1,598","1,522","1,352",2.00%,0,0.00%
2014,中鴻,"1,818","1,513","1,475","1,412",3.64%,1,0.09%
2015,豐興,"1,347","1,168","1,108",989,25.00%,23,2.50%
2017,官田鋼,643,527,602,485,20.50%,13,4.40%
2020,美亞,"1,068",754,812,795,26.00%,5,1.50%
2022,聚亨,736,620,577,517,11.53%,2,1.28%
2023,燁輝,"1,121",857,797,777,3.30%,0,0.00%
2024,志聯,766,615,617,577,29.03%,0,0.00%
2025,千興,701,518,580,580,25.00%,0,0.00%
2027,大成鋼,"1,950","1,835","1,735","1,400",20.98%,1,0.10%
2028,威致,"1,086",844,895,851,40.00%,6,1.63%
2029,盛餘,"1,388","1,178","1,212","1,149",8.25%,0,0.00%
2030,彰源,854,733,704,568,0.00%,0,0.00%
2031,新光鋼,"1,255","1,053",988,813,16.00%,2,0.63%
2032,新鋼,698,563,583,554,11.50%,5,2.60%
2033,佳大,689,552,508,493,27.27%,0,0.00%
2034,允強,"1,065",898,822,725,20.37%,13,1.28%
2038,海光,817,712,680,616,6.00%,0,0.00%
2049,上銀,"1,040",896,917,839,12.69%,43,0.89%
2059,川湖,836,705,766,678,26.19%,1,0.16%
2062,橋椿,722,598,549,486,63.73%,20,2.00%
2069,運錩,"1,031",881,832,736,42.85%,3,0.16%
2101,南港,960,840,683,592,0.55%,13,1.18%
2102,泰豐,881,540,545,515,9.09%,4,1.00%
2103,台橡,"1,583","1,057","1,196","1,078",24.60%,5,0.30%
2104,國際中橡,"2,089","1,540",729,554,29.03%,2,0.82%
2105,正新,889,771,718,650,0.40%,11,0.20%
2106,建大,771,661,650,598,13.08%,10,0.50%
2107,厚生,851,736,628,572,8.93%,0,0.00%
2108,南帝,"2,820","2,575","1,998","1,806",0.60%,0,0.00%
2109,華豐,696,601,570,511,0.00%,0,0.00%
2114,鑫永銓,862,753,544,521,25.00%,1,0.88%
2115,六暉-KY,N/A,N/A,N/A,N/A,55.00%,0,0.00%
2201,裕隆,"1,151",936,862,804,16.20%,0,0.00%
2204,中華,"1,299","1,120","1,110","1,007",13.53%,3,0.15%
2206,三陽工業,"1,091",922,912,898,1.00%,8,0.36%
2207,和泰車,"3,260","2,894","2,425","1,936",7.00%,0,0.00%
2208,台船,"1,179",949,956,970,5.00%,13,0.42%
2211,長榮鋼,"1,124",943,922,892,17.00%,3,0.54%
2227,裕日車,"1,572","1,293","1,183","1,126",12.80%,0,0.00%
2228,劍麟,828,712,605,518,10.53%,0,0.00%
2231,為升,838,737,642,574,3.92%,10,2.33%
2233,宇隆,903,770,680,601,24.00%,6,1.60%
2236,百達-KY,N/A,N/A,N/A,N/A,20.00%,2,0.29%
2239,英利-KY,N/A,N/A,N/A,N/A,0.00%,0,0.00%
2241,艾姆勒,812,642,650,592,19.35%,8,1.29%
2243,宏旭-KY,N/A,N/A,N/A,N/A,10.63%,0,0.00%
2247,汎德永業,"1,101",930,953,749,8.33%,12,0.70%
2250,IKKA-KY,N/A,N/A,N/A,N/A,37.00%,0,0.00%
2301,光寶科,"1,753","1,574","1,434","1,154",23.00%,40,0.10%
2302,麗正,842,691,616,464,50.00%,0,0.00%
2303,聯電,"2,093","1,915","1,447","1,150",12.20%,9,0.06%
2305,全友,946,800,706,663,24.32%,0,0.00%
2308,台達電,"1,621","1,430","1,525","1,293",32.30%,243,2.77%
2312,金寶,"1,800","1,582","1,072",926,26.03%,1,0.18%
2313,華通,"1,017",855,889,793,12.50%,32,0.66%
2314,台揚,926,791,797,634,15.58%,0,0.00%
2316,楠梓電,631,518,552,527,17.00%,9,0.66%
2317,鴻海,"2,551","2,343","2,558","1,829",20.30%,197,0.02%
2321,東訊,952,791,794,661,8.77%,0,0.00%
2323,中環,721,618,600,562,26.00%,8,1.12%
2324,仁寶,"1,411","1,214","1,250","1,059",19.34%,87,0.97%
2327,國巨,932,826,747,637,34.00%,10,0.25%
2328,廣宇,"1,982","1,655","1,244","1,185",26.32%,0,0.00%
2329,華泰,743,613,666,573,45.00%,13,0.23%
2330,台積電,"2,706","2,463","2,425","1,851",13.00%,44,0.07%
2331,精英,"1,195","1,014",967,788,32.00%,11,1.40%
2332,友訊,"1,243","1,063","1,122",928,45.45%,3,0.54%
2337,旺宏,"2,146","1,934","1,834","1,388",28.00%,1,0.03%
2338,光罩,"1,879","1,733","1,282","1,076",19.61%,2,0.67%
2340,台亞,"1,377","1,195","1,014",839,36.00%,2,0.21%
2342,茂矽,"1,010",851,823,707,48.00%,8,0.11%
2344,華邦電,"2,492","2,321","2,332","1,858",11.62%,0,0.00%
2345,智邦,"1,179","1,026","1,052",732,27.70%,6,0.19%
2347,聯強,"1,383","1,205","1,179","1,006",50.16%,2,0.27%
2348,海悅,"1,827","1,633","1,372","1,136",31.82%,0,0.00%
2349,錸德,781,677,651,566,3.57%,5,0.86%
2351,順德,865,722,717,608,14.00%,3,0.20%
2352,佳世達,"2,110","1,832","1,592","1,258",15.00%,0,0.00%
2353,宏,"2,566","2,264","2,190","1,651",30.80%,9,0.00%
2354,鴻準,"3,696","3,267","4,103","3,390",0.00%,0,0.00%
2355,敬鵬,787,673,672,601,23.50%,27,0.85%
2356,英業達,"1,229","1,074","1,024",838,13.82%,36,0.20%
2357,華碩,"2,269","2,076","2,002","1,504",23.35%,5,0.07%
2359,所羅門,"1,074",913,870,787,21.57%,3,1.00%
2360,致茂,"1,257","1,107","1,117",952,13.86%,27,1.50%
2362,藍天,"1,580","1,377","1,192","1,073",26.39%,2,0.30%
2363,矽統,"1,509","1,346","1,253","1,097",6.00%,2,1.00%
2364,倫飛,"1,025",878,692,589,27.50%,0,0.00%
2365,昆盈,"1,197",930,829,718,36.36%,0,0.00%
2367,燿華,694,579,559,503,1.78%,3,0.06%
2368,金像電,"1,000",848,765,623,20.81%,60,0.81%
2369,菱生,741,610,607,511,16.67%,0,0.00%
2371,大同,915,794,730,645,21.20%,8,0.31%
2373,震旦行,823,586,723,636,15.00%,0,0.00%
2374,佳能,"1,315","1,135","1,110",995,22.58%,0,0.00%
2375,凱美,"1,639","1,441",731,759,40.00%,0,0.00%
2376,技嘉,"3,117","2,945","1,474","1,002",27.34%,4,0.06%
2377,微星,"2,353","2,168","1,935","1,606",24.50%,5,0.18%
2379,瑞昱,"5,131","4,866","4,083","3,270",9.20%,0,0.00%
2380,虹光,"1,034",858,863,765,7.00%,2,0.49%
2382,廣達,"1,803","1,585","1,420","1,174",7.70%,123,1.18%
2383,台光電,"1,309","1,146",935,767,8.00%,6,0.58%
2385,群光,"2,454","2,212","1,764","1,482",0.00%,21,0.00%
2387,精元,"1,037",898,740,670,6.90%,0,0.00%
2388,威盛,"2,376","2,078","1,556","1,424",26.00%,2,0.54%
2390,云辰,"2,076","1,903","1,042","1,012",4.10%,0,0.00%
2392,正崴,"1,367","1,163","1,181","1,034",18.18%,0,0.00%
2393,億光,995,862,814,598,33.20%,7,1.04%
2395,研華,"1,475","1,284","1,151",996,25.00%,12,0.00%
2397,友通,"1,025",883,848,672,37.50%,0,0.00%
2399,映泰,"1,440","1,278","1,068",861,35.90%,0,0.00%
2401,凌陽,"1,643","1,423","1,442","1,235",26.70%,0,0.00%
2402,毅嘉,802,688,509,455,22.86%,7,3.21%
2404,漢唐,"1,588","1,428","1,364","1,190",12.00%,3,0.35%
2405,輔信,"1,296","1,125","1,042",903,18.37%,3,1.49%
2406,國碩,787,662,655,601,28.00%,0,0.00%
2408,南亞科,"1,959","1,788","1,735","1,377",33.61%,0,0.00%
2409,友達,"1,681","1,441","1,475",972,27.40%,3,0.01%
2412,中華電,"1,691",901,"1,507","1,478",20.70%,39,0.19%
2413,環科,626,533,521,452,1.00%,9,1.20%
2414,精技,"1,151",994,907,815,19.67%,1,0.25%
2415,錩新,"1,665","1,451",981,852,27.60%,0,0.00%
2417,圓剛,"1,169",993,"1,034",975,27.00%,0,0.00%
2419,仲琦,"1,430","1,213","1,012",890,25.00%,0,0.00%
2420,新巨,737,627,575,498,36.00%,5,0.87%
2421,建準,"1,002",797,857,686,20.00%,566,0.00%
2423,固緯,"1,173","1,011",919,840,3.88%,0,0.00%
2424,隴華,983,844,586,544,25.00%,0,0.00%
2425,承啟,"1,282","1,008",678,690,42.85%,0,0.00%
2426,鼎元,845,707,708,619,31.40%,7,0.96%
2427,三商電,959,826,744,692,16.00%,0,0.00%
2428,興勤,"1,081",930,869,656,43.00%,1,0.20%
2429,銘旺科,723,585,466,359,1.39%,1,1.39%
2430,燦坤,642,519,693,633,30.00%,56,2.29%
2431,聯昌,"1,076",892,817,721,0.00%,0,0.00%
2433,互盛電,802,596,700,637,4.00%,0,0.00%
2434,統懋,728,596,551,502,4.16%,0,0.00%
2436,偉詮電,"1,725","1,538","1,443","1,352",4.55%,0,0.00%
2438,翔耀,632,516,508,463,60.00%,0,0.00%
2439,美律,"1,260",994,894,718,32.75%,0,0.00%
2440,太空梭,"1,334","1,150",939,878,25.00%,0,0.00%
2441,超豐,"1,105",961,935,756,8.23%,7,0.16%
2442,新美齊,"1,925","1,061","1,211",946,16.67%,0,0.00%
2444,兆勁,611,487,482,422,1.65%,0,0.00%
2449,京元電子,894,764,803,662,32.82%,25,0.26%
2450,神腦,748,610,607,568,28.95%,3,0.14%
2451,創見,914,772,790,631,15.05%,13,1.27%
2453,凌群,"1,189","1,009",885,811,20.00%,3,0.26%
2454,聯發科,"5,460","5,138","5,150","3,992",4.50%,0,0.00%
2455,全新,"1,669","1,474","1,230",845,17.39%,4,1.57%
2457,飛宏,"1,116",936,873,744,25.33%,3,0.55%
2458,義隆,"2,349","2,109","1,970","1,798",19.00%,0,0.00%
2459,敦吉,"1,346","1,204",969,933,0.00%,0,0.00%
2460,建通,822,690,675,594,5.97%,0,0.00%
2461,光群雷,"1,027",903,752,651,29.00%,3,2.05%
2462,良得電,"1,456","1,239",993,883,20.00%,0,0.00%
2464,盟立,"1,262","1,086","1,122",927,10.55%,0,0.00%
2465,麗臺,"1,005",848,848,710,34.00%,3,0.96%
2466,冠西電,736,571,539,404,30.43%,2,1.35%
2467,志聖,"1,367","1,203","1,097",921,11.36%,3,0.81%
2468,華經,923,769,662,595,27.27%,5,1.90%
2471,資通,"1,434","1,246","1,172","1,078",23.00%,0,0.00%
2472,立隆電,"1,578","1,361","1,086","1,028",57.00%,0,0.00%
2474,可成,699,583,643,540,25.00%,20,0.45%
2476,鉅祥,789,687,707,633,29.30%,9,1.30%
2477,美隆電,933,819,760,641,17.24%,1,0.38%
2478,大毅,"1,123","1,009",741,585,26.67%,6,0.60%
2480,敦陽科,"1,222","1,040","1,004",932,26.12%,0,0.00%
2481,強茂,"1,014",866,770,619,42.34%,23,1.55%
2482,連宇,923,783,723,576,25.81%,2,1.07%
2483,百容,653,557,530,471,10.00%,20,3.00%
2484,希華,772,653,655,582,31.00%,0,0.00%
2485,兆赫,657,542,574,431,23.30%,20,2.00%
2486,一詮,909,787,739,629,13.50%,14,1.65%
2488,漢平,762,611,735,637,52.00%,0,0.00%
2489,瑞軒,"1,942","1,756","1,683","1,378",38.71%,0,0.00%
2491,吉祥全,961,844,544,522,6.00%,0,0.00%
2492,華新科,926,791,802,595,44.30%,5,0.17%
2493,揚博,"1,218","1,058","1,012",867,33.00%,0,0.00%
2495,普安,"1,026",886,885,772,17.50%,0,0.00%
2496,卓越,"1,303","1,005",599,586,100.00%,0,0.00%
2497,怡利電,764,649,613,572,0.51%,0,0.00%
2498,宏達電,"1,221","1,029","1,175",949,26.24%,3,0.15%
2501,國建,"1,434","1,269","1,042",941,25.81%,1,0.66%
2504,國產,"1,454","1,332",924,883,22.90%,3,0.49%
2505,國揚,"1,599","1,334","1,045",926,42.86%,0,0.00%
2506,太設,716,598,805,740,31.00%,1,1.35%
2509,全坤建,899,739,755,737,66.67%,0,0.00%
2511,太子,"1,456","1,263",869,856,35.40%,0,0.00%
2514,龍邦,"1,750","1,559",770,703,80.00%,0,0.00%
2515,中工,"1,160","1,009",759,705,24.00%,0,0.00%
2516,新建,969,834,623,560,13.00%,4,0.56%
2520,冠德,"2,123","1,856","1,312","1,105",33.33%,0,0.00%
2524,京城,"1,949","1,598","1,106",996,28.57%,0,0.00%
2527,宏璟,"1,414","1,157",828,846,60.00%,0,0.00%
2528,皇普,976,844,744,658,0.00%,0,0.00%
2530,華建,"1,224","1,059","1,059",989,40.00%,0,0.00%
2534,宏盛,"1,179","1,015",797,712,10.71%,0,0.00%
2535,達欣工,"1,509","1,316","1,123","1,073",8.50%,2,0.30%
2536,宏普,"1,066",900,"1,040",977,28.57%,0,0.00%
2537,聯上發,"1,511","1,331",951,946,62.50%,0,0.00%
2538,基泰,"1,535","1,359","1,266","1,283",0.00%,0,0.00%
2539,櫻花建,"1,054",882,862,719,33.33%,2,3.13%
2540,愛山林,"3,083","2,831","2,046","1,415",10.00%,0,0.00%
2542,興富發,"1,388","1,265","1,062",770,40.00%,0,0.00%
2543,皇昌,819,645,613,472,14.20%,9,0.90%
2545,皇翔,"1,401","1,181","1,127",877,17.50%,0,0.00%
2546,根基,"1,084",966,929,865,9.00%,4,0.76%
2547,日勝生,"1,371","1,141",932,835,31.43%,0,0.00%
2548,華固,"3,302","2,933","1,657","1,507",0.18%,0,0.00%
2597,潤弘,"1,481","1,293","1,140",942,11.29%,1,0.10%
2601,益航,"1,170",959,"1,035",909,29.41%,0,0.00%
2603,長榮,"4,271","3,606","3,613","3,337",15.74%,6,0.27%
2605,新興,"2,170","1,937","1,445","1,460",0.38%,0,0.00%
2606,裕民,"2,199","1,680","1,669","1,453",25.00%,1,0.10%
2607,榮運,"1,079",844,881,864,24.00%,7,0.67%
2608,嘉里大榮,823,676,699,677,13.80%,88,2.00%
2609,陽明,"3,379","3,010","2,753","2,429",27.63%,8,0.54%
2610,華航,"2,039","1,460","1,729","1,241",27.82%,67,0.68%
2611,志信,796,626,604,560,8.89%,0,0.00%
2612,中航,"1,781","1,554","1,294","1,193",2.73%,2,0.55%
2613,中櫃,762,628,595,580,0.00%,7,0.95%
2614,東森,"1,471","1,298","1,066","1,003",39.47%,1,0.39%
2615,萬海,"2,802","2,549","2,554","2,380",16.00%,6,1.09%
2616,山隆,753,646,824,776,11.28%,0,0.00%
2617,台航,"1,416","1,205","1,293","1,100",21.00%,1,0.47%
2618,長榮航,"1,425","1,131","1,243",727,32.50%,27,0.26%
2630,亞航,765,626,631,596,5.34%,7,0.60%
2633,台灣高鐵,"1,064",892,898,812,15.31%,1,0.02%
2634,漢翔,"1,111",927,896,762,18.90%,31,0.61%
2636,台驊控股,"2,541","2,317",727,552,10.32%,0,0.00%
2637,慧洋-KY,N/A,N/A,N/A,N/A,49.00%,0,0.00%
2642,宅配通,690,570,615,576,16.39%,62,3.67%
2701,萬企,625,495,457,431,50.00%,0,0.00%
2702,華園,513,436,438,368,50.00%,2,0.02%
2704,國賓,787,655,587,474,47.00%,28,3.00%
2705,六福,526,430,488,425,55.30%,44,0.36%
2706,第一店,610,496,425,406,66.67%,0,0.00%
2707,晶華,698,584,610,495,50.79%,11,0.96%
2712,遠雄來,575,475,493,395,32.79%,7,0.18%
2722,夏都,501,413,419,359,54.84%,8,1.83%
2723,美食-KY,N/A,N/A,N/A,N/A,36.00%,260,1.79%
2727,王品,491,408,594,502,41.04%,69,0.78%
2731,雄獅,530,421,425,390,71.11%,4,0.33%
2739,寒舍,671,555,552,465,45.80%,97,7.27%
2748,雲品,692,578,546,479,52.10%,24,3.47%
2753,八方雲集,"1,091",936,789,721,40.91%,17,1.28%
2801,彰銀,"1,705","1,342","1,285","1,194",58.96%,1,0.01%
2809,京城銀,"1,069",920,846,763,53.87%,2,0.21%
2812,台中銀,"1,309","1,131","1,058",876,37.93%,16,0.58%
2816,旺旺保,"1,152",998,"1,005",786,42.00%,4,0.88%
2820,華票,"2,226","1,883","1,581","1,386",12.50%,0,0.00%
2832,台產,"1,042",911,960,728,7.95%,4,0.44%
2834,臺企銀,"1,538","1,245","1,195","1,069",48.11%,4,0.08%
2836,高雄銀,"1,545","1,286","1,185","1,085",51.27%,5,4.59%
2838,聯邦銀,"1,009",862,838,737,54.16%,3,1.14%
2845,遠東銀,"1,467","1,230","1,167","1,037",39.44%,1,0.00%
2849,安泰銀,"1,174","1,022",939,803,49.57%,16,1.09%
2850,新產,"1,338","1,227","1,159",871,17.39%,0,0.00%
2851,中再保,"2,086","1,836","1,631","1,479",44.74%,2,1.37%
2852,第一保,"1,178","1,053","1,040",786,12.73%,2,0.00%
2855,統一證,"2,433","2,161","1,782","1,163",35.04%,0,0.00%
2867,三商壽,"1,019",896,872,743,48.41%,2,0.10%
2880,華南金,"1,714","1,398","1,332","1,141",52.18%,42,0.40%
2881,富邦金,"1,223","1,033","1,436","1,136",55.90%,50,0.32%
2882,國泰金,"1,160","1,014","1,320","1,088",52.55%,75,0.13%
2883,凱基金,"1,933","1,658","1,468","1,143",61.00%,0,0.70%
2884,玉山金,"1,454","1,234","1,168","1,069",43.20%,20,0.20%
2885,元大金,"2,310","2,043","1,612","1,346",53.32%,24,0.22%
2886,兆豐金,"2,091","1,539","1,450","1,173",52.00%,56,0.61%
2887,台新金,"1,564","1,333","1,300","1,034",48.00%,1,0.01%
2888,新光金,"1,247","1,083","1,198","1,017",55.30%,12,0.07%
2889,國票金,"2,072","1,846","1,417","1,010",11.11%,0,0.00%
2890,永豐金,"1,704","1,451","1,363","1,116",39.29%,28,0.32%
2891,中信金,"2,102","1,902","1,557","1,259",56.09%,25,0.18%
2892,第一金,"1,751","1,496","1,294","1,180",51.10%,8,0.08%
2897,王道銀行,"1,738","1,545","1,251","1,023",46.00%,7,0.80%
2901,欣欣,853,689,568,518,44.44%,0,0.00%
2903,遠百,853,771,700,653,25.45%,0,0.00%
2904,匯僑,"1,049",875,671,655,20.00%,0,0.00%
2905,三商,"2,850","2,676",874,742,47.96%,2,0.11%
2906,高林,914,766,564,507,51.50%,0,0.00%
2908,特力,"1,165",916,926,795,66.67%,2,0.04%
2910,統領,725,600,560,514,3.89%,0,0.00%
2911,麗嬰房,577,470,477,434,46.15%,0,0.00%
2912,統一超,811,681,933,807,49.54%,22,0.26%
2913,農林,808,647,583,471,43.00%,5,1.47%
2915,潤泰全,755,642,540,420,41.00%,0,0.00%
2923,鼎固-KY,N/A,N/A,N/A,N/A,40.19%,0,0.00%
2929,淘帝-KY,N/A,N/A,N/A,N/A,22.00%,0,0.00%
2939,永邑-KY,N/A,N/A,N/A,N/A,37.50%,0,0.00%
2945,三商家購,442,356,413,346,57.00%,42,1.11%
3002,歐格,"1,138",997,897,875,55.55%,0,0.00%
3003,健和興,817,687,584,521,17.30%,2,0.28%
3004,豐達科,936,799,690,619,19.00%,2,0.48%
3005,神基,"1,718","1,578","1,488","1,242",21.83%,15,0.16%
3006,晶豪科,"4,825","4,605","4,509","4,333",4.42%,0,0.00%
3008,大立光,"1,228","1,094","1,146",842,10.00%,32,0.45%
3010,華立,"2,092","1,840","1,431","1,155",11.11%,1,0.24%
3011,今皓,967,830,670,540,12.50%,0,0.00%
3013,晟銘電,"1,196",985,877,840,37.00%,29,0.58%
3014,聯陽,"3,183","2,957","2,849","2,698",13.00%,0,0.00%
3015,全漢,"1,174","1,023",984,845,27.27%,3,0.40%
3016,嘉晶,"1,067",888,951,851,27.45%,3,0.48%
3017,奇鋐,"1,344","1,131",969,869,20.85%,16,0.15%
3018,隆銘綠能,911,762,605,570,40.00%,0,0.00%
3019,亞光,"1,254","1,105",954,783,12.75%,0,0.00%
3021,鴻名,761,618,693,561,50.00%,0,0.00%
3022,威強電,"1,243","1,089",843,795,25.71%,0,0.00%
3023,信邦,813,679,677,498,46.67%,14,1.16%
3024,憶聲,"1,242","1,056",867,822,41.42%,0,0.00%
3025,星通,"1,169","1,002","1,007",844,45.45%,0,0.00%
3026,禾伸堂,"1,100",963,869,646,46.88%,20,1.91%
3027,盛達,991,793,788,716,30.43%,0,0.00%
3028,增你強,"1,273","1,100","1,048",923,32.10%,3,0.40%
3029,零壹,"1,466","1,273","1,050",849,52.00%,0,0.00%
3030,德律,"1,348","1,166","1,168","1,019",10.53%,5,0.90%
3031,佰鴻,"1,374","1,227",849,761,34.00%,1,1.28%
3032,偉訓,"1,649","1,455",970,881,2.14%,0,0.00%
3033,威健,"1,762","1,557","1,350","1,191",9.78%,1,0.20%
3034,聯詠,"5,412","5,162","4,994","4,018",8.20%,0,0.00%
3035,智原,"2,432","2,202","2,073","1,633",18.24%,0,0.00%
3036,文曄,"1,885","1,684","1,373","1,088",26.10%,0,0.00%
3037,欣興,"1,068",921,866,689,18.87%,56,0.42%
3038,全台,730,630,621,535,15.79%,3,0.35%
3040,遠見,"1,157","1,001",815,828,50.00%,0,0.00%
3041,揚智,"2,409","2,172","1,818","1,564",15.00%,0,0.00%
3042,晶技,"1,144","1,049","1,036",782,15.27%,10,0.92%
3043,科風,700,590,440,398,16.00%,0,0.00%
3044,健鼎,"1,103",972,666,465,15.77%,0,0.00%
3045,台灣大,"1,274","1,094","1,072",923,48.00%,5,0.13%
3046,建,"1,294","1,142","1,111","1,090",20.80%,0,0.00%
3047,訊舟,"1,280","1,091",999,888,20.00%,0,0.00%
3048,益登,"1,644","1,465","1,345","1,111",50.00%,0,0.00%
3049,精金,"1,277","1,053",942,824,22.22%,0,0.00%
3050,鈺德,790,658,629,579,38.00%,0,0.00%
3051,力特,750,620,576,526,3.00%,10,1.65%
3052,夆典,972,827,668,626,13.00%,0,0.00%
3054,立萬利,"1,175","1,003",947,824,33.00%,0,0.00%
3055,蔚華科,"2,488","2,126","1,288","1,155",5.88%,0,0.00%
3056,富華新,"1,471","1,309","1,529",895,57.14%,0,0.00%
3057,喬鼎,"1,406","1,208","1,181","1,004",20.00%,0,0.00%
3058,立德,"1,294","1,098",873,688,12.50%,0,0.00%
3059,華晶科,"2,063","1,861","1,261","1,198",18.52%,1,0.41%
3060,銘異,919,771,640,557,22.00%,0,0.00%
3062,建漢,"1,303","1,124","1,047",952,3.95%,0,0.00%
3090,日電貿,"1,002",836,864,717,55.88%,1,0.68%
3092,鴻碩,"1,850","1,637",986,713,26.19%,382,16.99%
3094,聯傑,"1,460","1,250","1,143","1,134",16.67%,0,0.00%
3130,一零四,"1,393","1,224","1,188","1,026",56.00%,0,0.00%
3138,耀登,"1,656","1,473","1,228",946,36.00%,0,0.00%
3149,正達,829,710,663,583,0.00%,0,0.00%
3164,景岳,742,609,584,553,9.63%,0,0.00%
3167,大量,"1,072",582,804,691,15.38%,2,0.81%
3189,景碩,903,783,750,582,19.00%,30,0.53%
3209,全科,"1,524","1,314","1,086",981,8.10%,0,0.00%
3229,晟鈦,637,529,549,486,66.67%,0,0.00%
3231,緯創,"1,592","1,406","1,292","1,101",21.50%,16,0.15%
3257,虹冠電,"2,221","2,023","1,303","1,196",15.00%,0,0.00%
3266,昇陽,"1,288","1,112","1,019","1,024",20.00%,0,0.00%
3296,勝德,930,779,722,667,30.91%,2,1.47%
3305,昇貿,988,850,590,484,23.00%,0,0.00%
3308,聯德,"1,116",930,639,643,66.00%,0,0.00%
3311,閎暉,724,585,613,436,33.33%,2,0.13%
3312,弘憶股,"1,575","1,385",969,872,18.18%,0,0.00%
3321,同泰,654,548,535,479,31.25%,16,3.00%
3338,泰碩,"1,202","1,027",866,783,2.00%,0,0.00%
3346,麗清,"1,380","1,194",982,702,5.00%,0,0.00%
3356,奇偶,"1,192","1,032",947,848,26.40%,0,0.00%
3376,新日興,631,551,575,388,2.00%,22,0.94%
3380,明泰,"1,052",893,902,825,24.00%,0,0.00%
3406,玉晶光,"1,194","1,032",879,717,9.38%,43,0.00%
3413,京鼎,"1,456","1,297","1,249","1,093",0.00%,0,0.00%
3416,融程電,935,789,727,593,24.00%,3,0.78%
3419,譁裕,"1,102",946,826,722,20.75%,0,0.00%
3432,台端,"1,497","1,296",822,651,50.00%,0,0.00%
3437,榮創,809,656,662,569,28.68%,6,0.68%
3443,創意,"3,191","2,919","2,237","1,856",0.00%,0,0.00%
3450,聯鈞,815,599,648,575,30.00%,6,0.90%
3454,晶睿,"1,114",960,909,721,28.57%,2,0.20%
3481,群創,"1,312","1,158","1,122",747,13.35%,30,0.11%
3494,誠研,848,709,610,476,22.22%,0,0.00%
3501,維熹,723,608,564,475,51.00%,0,0.00%
3504,揚明光,899,766,739,622,18.10%,12,1.38%
3515,華擎,"2,928","2,703","2,277","1,937",38.39%,0,0.00%
3518,柏騰,"1,395","1,239",868,819,20.00%,1,2.30%
3528,安馳,"1,847","1,644","1,116","1,029",32.56%,0,0.00%
3530,晶相光,"3,592","3,356","1,539","1,172",14.28%,0,0.00%
3532,台勝科,"1,378","1,209","1,257","1,198",5.00%,0,0.00%
3533,嘉澤,"2,316","2,067","1,437","1,185",23.53%,0,0.00%
3535,晶彩科,"1,011",851,855,750,2.82%,3,1.40%
3543,州巧,887,752,675,566,5.54%,13,3.43%
3545,敦泰,"3,248","2,987","2,679","1,963",3.00%,0,0.00%
3550,聯穎,"1,104",937,813,745,31.70%,0,0.00%
3557,嘉威,"2,309","2,084","1,177",885,30.00%,0,0.00%
3563,牧德,"1,394","1,183","1,157",943,3.57%,0,0.00%
3576,聯合再生,884,708,665,450,24.43%,17,0.97%
3583,辛耘,"1,069",919,884,749,22.06%,3,0.50%
3588,通嘉,"2,352","2,144","1,715","1,526",17.86%,0,0.00%
3591,艾笛森,939,783,634,505,34.38%,1,0.69%
3592,瑞鼎,"6,466","6,119",N/A,N/A,7.60%,0,0.00%
3593,力銘,975,803,653,643,5.00%,0,0.00%
3596,智易,"2,212","1,975","1,805","1,598",19.00%,0,0.00%
3605,宏致,971,769,823,634,36.76%,4,0.66%
3607,谷崧,714,560,611,545,9.48%,0,0.00%
3617,碩天,"1,209","1,041",936,841,33.00%,0,0.00%
3622,洋華,"1,168","1,036",832,699,21.60%,0,0.00%
3645,達邁,983,845,827,755,17.65%,0,0.00%
3652,精聯,"1,062",921,808,730,25.00%,3,1.00%
3653,健策,945,853,727,612,22.80%,13,0.81%
3661,世芯-KY,N/A,N/A,N/A,N/A,16.00%,0,0.00%
3665,貿聯-KY,N/A,N/A,N/A,N/A,34.04%,70,0.06%
3669,圓展,"1,157","1,006",953,773,15.25%,0,0.00%
3673,TPK-KY,N/A,N/A,N/A,N/A,25.00%,26,0.01%
3679,新至陞,"1,750","1,555",649,615,33.00%,6,0.00%
3686,達能,"1,379","1,204",780,622,20.00%,0,0.00%
3694,海華,"1,282","1,144","1,003",912,2.15%,0,0.00%
3701,大眾控,"2,962","2,776",902,750,16.67%,0,0.00%
3702,大聯大,"2,848","2,586","1,714","1,484",36.80%,0,0.00%
3703,欣陸,"2,069","1,475",768,707,8.00%,1,0.05%
3704,合勤控,"1,648","1,446","1,078",895,29.00%,0,0.00%
3705,永信,"1,964","1,667",772,674,67.00%,0,0.00%
3706,神達,"2,650","2,650","1,147","1,001",28.00%,1,0.06%
3708,上緯投控,"1,523","1,340",758,620,27.27%,0,0.00%
3711,日月光投控,"4,584","3,674",915,726,51.52%,0,0.00%
3712,永崴投控,"2,875","2,818",970,849,33.00%,0,0.00%
3714,富采,"2,782","2,575",883,720,24.50%,0,0.00%
4104,佳醫,"1,159",999,893,756,34.29%,0,0.00%
4106,雃博,995,843,732,631,18.80%,13,4.90%
4108,懷特,"1,238","1,087",708,587,63.16%,0,0.00%
4119,旭富,876,727,696,634,18.18%,0,0.00%
4133,亞諾法,867,726,621,547,44.00%,0,0.00%
4137,麗豐-KY,N/A,N/A,N/A,N/A,73.00%,0,0.00%
4142,國光生,926,800,623,564,25.58%,7,1.38%
4148,全宇生技-KY,N/A,N/A,N/A,N/A,24.00%,5,1.35%
4155,訊映,797,673,709,623,50.00%,0,0.00%
4164,承業醫,"1,722","1,546","1,019",857,6.10%,6,2.80%
4190,佐登-KY,N/A,N/A,N/A,N/A,0.00%,0,0.00%
4306,炎洲,701,597,571,537,30.00%,0,0.00%
4414,如興,"1,552","1,346",980,797,25.00%,0,0.00%
4426,利勤,490,405,418,397,42.86%,19,2.00%
4438,廣越,"1,037",868,835,772,46.90%,0,0.00%
4439,冠星-KY,N/A,N/A,N/A,N/A,32.14%,0,0.00%
4440,宜新實業,823,718,609,620,0.00%,0,0.00%
4526,東台,774,630,656,595,1.00%,12,1.79%
4532,瑞智,"1,015",840,922,791,12.90%,5,1.58%
4536,拓凱,"1,074",919,703,555,17.00%,1,0.31%
4540,全球傳動,670,563,585,523,21.43%,8,0.71%
4545,銘鈺,766,649,610,524,33.33%,3,0.55%
4551,智伸科,"2,240","2,024","1,279","1,027",33.00%,0,0.00%
4552,力達-KY,N/A,N/A,N/A,N/A,20.00%,0,0.00%
4555,氣立,707,573,498,440,28.26%,0,0.00%
4557,永新-KY,N/A,N/A,N/A,N/A,0.00%,6,1.07%
4560,強信-KY,N/A,N/A,N/A,N/A,5.37%,9,0.63%
4562,穎漢,677,572,554,469,49.00%,8,2.43%
4564,元翎,707,586,580,510,27.78%,7,2.10%
4566,時碩工業,997,868,683,541,15.40%,0,0.00%
4571,鈞興-KY,N/A,N/A,N/A,N/A,5.00%,0,0.00%
4572,駐龍,595,508,532,474,25.00%,1,0.44%
4576,大銀微系統,"1,062",928,876,762,18.00%,2,0.30%
4581,光隆精密-KY,N/A,N/A,N/A,N/A,15.38%,0,0.00%
4583,台灣精銳,733,635,N/A,N/A,28.57%,5,0.73%
4720,德淵,960,797,727,658,24.14%,1,0.44%
4722,國精化,"1,112",964,818,776,11.00%,1,0.32%
4736,泰博,889,766,654,535,1.10%,0,0.00%
4737,華廣,646,543,543,472,33.30%,2,0.19%
4739,康普,"1,151",983,764,683,18.19%,1,0.60%
4746,台耀,"1,146","1,007",965,899,26.00%,41,4.93%
4755,三福化,"1,109",886,969,859,0.00%,1,0.27%
4763,材料-KY,N/A,N/A,N/A,N/A,8.33%,23,6.17%
4764,雙鍵,947,823,730,663,22.20%,0,0.00%
4766,南寶,"1,023",881,807,719,9.89%,5,0.62%
4770,上品,"1,162","1,019",931,753,13.10%,10,2.60%
4807,日成-KY,N/A,N/A,N/A,N/A,37.50%,0,0.00%
4904,遠傳,"1,146",965,962,837,32.00%,27,0.50%
4906,正文,"1,138",963,952,812,2.95%,5,2.37%
4912,聯德控股-KY,N/A,N/A,N/A,N/A,15.00%,180,31.00%
4915,致伸,"2,108","1,869","1,662","1,362",24.30%,23,0.22%
4916,事欣科,"1,809","1,634",674,669,50.00%,0,0.00%
4919,新唐,"1,899","1,742","1,691","1,341",13.00%,5,0.02%
4927,泰鼎-KY,N/A,N/A,N/A,N/A,32.98%,73,0.84%
4930,燦星網,993,839,799,612,40.00%,0,0.00%
4934,太極,"1,509","1,346",898,835,25.00%,0,0.00%
4935,茂林-KY,N/A,N/A,N/A,N/A,30.20%,0,0.00%
4938,和碩,"1,490","1,264","1,236",984,18.14%,8,0.09%
4942,嘉彰,"1,147","1,011",764,572,26.30%,0,0.00%
4943,康控-KY,N/A,N/A,N/A,N/A,0.00%,0,0.00%
4952,凌通,"2,717","2,472","2,346","2,223",17.00%,0,0.00%
4956,光鋐,742,622,660,566,26.00%,0,0.00%
4958,臻鼎-KY,N/A,N/A,N/A,N/A,15.10%,34,0.08%
4960,誠美材,971,777,766,696,11.76%,20,1.80%
4961,天鈺,"2,909","2,672","2,345","1,836",25.00%,0,0.00%
4967,十銓,770,637,614,536,10.16%,0,0.00%
4968,立積,"1,548","1,350","1,480","1,205",3.66%,0,0.00%
4976,佳凌,617,523,549,522,20.00%,4,0.45%
4977,眾達-KY,N/A,N/A,N/A,N/A,25.00%,0,0.00%
4989,榮科,"1,374","1,154","1,119","1,071",21.00%,0,0.00%
4994,傳奇,902,765,723,650,42.86%,0,0.00%
4999,鑫禾,841,725,684,530,25.00%,0,0.00%
5007,三星,839,699,703,667,9.80%,20,1.41%
5203,訊連,"1,692","1,491","1,405","1,125",15.20%,0,0.00%
5215,科嘉-KY,N/A,N/A,N/A,N/A,35.13%,9,0.28%
5222,全訊,999,813,765,691,0.00%,0,0.00%
5225,東科-KY,N/A,N/A,N/A,N/A,17.00%,0,0.00%
5234,達興材料,"1,790","1,595","1,466","1,097",22.50%,0,0.00%
5243,乙盛-KY,N/A,N/A,N/A,N/A,18.60%,1,0.02%
5244,弘凱,"1,984","1,802","1,189",934,0.00%,0,0.00%
5258,虹堡,906,752,707,586,1.50%,0,0.00%
5269,祥碩,"3,882","3,605","2,475","1,984",9.20%,0,0.00%
5283,禾聯碩,778,667,665,606,14.29%,11,1.60%
5284,jpp-KY,N/A,N/A,N/A,N/A,19.23%,21,2.08%
5285,界霖,697,614,568,538,45.00%,1,0.30%
5288,豐祥-KY,N/A,N/A,N/A,N/A,7.61%,7,0.14%
5306,桂盟,"1,463","1,302",803,691,30.00%,0,0.00%
5388,中磊,"1,066",915,912,591,17.86%,3,0.17%
5434,崇越,"2,137","1,893","1,529","1,179",24.00%,0,0.00%
5469,瀚宇博,"1,138",989,828,730,16.67%,7,1.03%
5471,松翰,"2,364","2,143","2,127","1,925",13.51%,0,0.00%
5484,慧友,797,648,670,584,27.00%,0,0.00%
5515,建國,"1,104",942,917,748,18.00%,0,0.00%
5519,隆大,"1,583","1,323","1,028",955,5.10%,1,1.02%
5521,工信,712,594,709,585,5.00%,0,0.00%
5522,遠雄,"2,643","2,350","1,936","1,729",38.00%,0,0.00%
5525,順天,899,751,759,777,30.00%,0,0.00%
5531,鄉林,"1,134",986,707,608,0.00%,0,0.00%
5533,皇鼎,"1,354",999,832,804,45.45%,0,0.00%
5534,長虹,"1,482","1,288",946,913,12.00%,0,0.00%
5538,東明-KY,N/A,N/A,N/A,N/A,50.00%,0,0.00%
5546,永固-KY,N/A,N/A,N/A,N/A,22.00%,0,0.00%
5607,遠雄港,"3,325","2,942","1,015",885,50.00%,0,0.00%
5608,四維航,"2,193","2,033","1,739","1,570",75.00%,0,0.00%
5706,鳳凰,336,239,406,377,50.00%,0,0.00%
5871,中租-KY,N/A,N/A,N/A,N/A,29.06%,8,0.10%
5876,上海商銀,"1,669","1,332","1,290","1,191",23.91%,12,0.40%
5880,合庫金,"1,910","1,514","1,456","1,344",55.55%,4,0.04%
5906,台南-KY,N/A,N/A,N/A,N/A,33.33%,0,0.00%
5907,大洋-KY,N/A,N/A,N/A,N/A,52.00%,0,0.00%
6005,群益證,"1,543","1,373","1,216",845,48.83%,6,0.30%
6024,群益期,"1,395","1,212","1,197",840,28.57%,2,0.68%
6108,競國,694,609,580,546,17.00%,0,0.00%
6112,邁達特,"1,130",963,992,788,42.73%,4,0.50%
6115,鎰勝,"1,100",963,844,684,21.17%,0,0.00%
6116,彩晶,"1,360","1,240","1,157","1,014",13.00%,21,0.85%
6117,迎廣,731,626,633,522,26.67%,6,0.75%
6120,達運,"1,271","1,065",890,711,17.80%,3,0.38%
6128,上福,769,654,564,494,15.79%,2,0.43%
6133,金橋,875,730,680,577,16.67%,0,0.00%
6136,富爾特,"1,152","1,019",840,739,38.00%,0,0.00%
6139,亞翔,742,596,551,463,12.99%,2,0.42%
6141,柏承,715,599,588,512,1.48%,4,0.84%
6142,友勁,737,611,566,408,26.23%,1,0.17%
6152,百一,"1,185","1,027","1,017",882,0.02%,0,0.00%
6153,嘉聯益,772,622,614,543,16.00%,13,0.55%
6155,鈞寶,632,530,512,455,30.23%,2,0.76%
6164,華興,874,723,653,584,21.05%,0,0.00%
6165,浪凡,"2,494","2,311",699,551,50.00%,0,0.00%
6166,凌華,"1,372","1,185","1,087",981,23.00%,1,0.01%
6168,宏齊,989,856,802,702,31.00%,4,0.01%
6176,瑞儀,"1,516","1,335","1,195",919,25.00%,17,1.80%
6177,達麗,"1,258","1,062",913,752,17.60%,0,0.00%
6183,關貿,"1,272","1,102","1,089",955,5.77%,1,0.15%
6184,大豐電,975,844,610,514,44.44%,1,1.11%
6189,豐藝,"1,784","1,539","1,165",913,0.00%,0,0.00%
6191,精成科,"3,786","3,437","2,164","1,787",20.51%,0,0.00%
6192,巨路,"1,387","1,217","1,097",962,16.35%,1,0.21%
6196,帆宣,"1,879","1,663","1,370","1,116",15.23%,0,0.00%
6197,佳必琪,"1,298","1,133",890,784,42.00%,2,0.83%
6201,亞弘電,733,614,598,524,3.40%,4,0.01%
6202,盛群,"2,503","2,280","2,036","1,796",23.00%,0,0.00%
6205,詮欣,"1,012",873,749,589,45.00%,0,0.00%
6206,飛捷,"1,030",902,894,721,30.00%,0,0.00%
6209,今國光,621,490,511,467,19.74%,13,1.42%
6213,聯茂,"1,207","1,032",872,609,12.50%,0,0.00%
6214,精誠,"1,107",940,962,787,22.60%,5,0.13%
6215,和椿,"1,213","1,054","1,077",971,2.76%,0,0.00%
6216,居易,"1,306","1,133",990,865,16.28%,0,0.00%
6224,聚鼎,"1,387","1,214",949,798,5.05%,1,0.11%
6225,天瀚,"1,098",921,"1,015","1,055",66.00%,0,0.00%
6226,光鼎,"1,249","1,103",859,711,50.00%,0,0.00%
6230,尼得科超眾,756,630,685,553,18.18%,7,1.11%
6235,華孚,"1,452","1,296",932,729,22.73%,0,0.00%
6239,力成,"1,041",908,891,734,29.50%,9,0.08%
6243,迅杰,"1,752","1,539","1,211","1,167",5.90%,68,0.00%
6257,矽格,964,831,760,588,27.00%,6,0.24%
6269,台郡,838,670,632,560,16.79%,2,0.08%
6271,同欣電,"1,021",888,893,620,27.30%,27,1.39%
6277,宏正,"1,333","1,148","1,087",929,16.67%,1,0.10%
6278,台表科,"1,086",955,665,539,38.00%,0,0.00%
6281,全國電,917,768,783,715,25.00%,13,0.77%
6282,康舒,"1,151",985,988,767,3.04%,41,0.44%
6283,淳安,"1,188","1,015",901,762,45.83%,0,0.00%
6285,啟,"1,075",915,984,736,21.00%,18,0.34%
6288,聯嘉,814,666,764,512,18.42%,2,1.86%
6405,悅城,757,654,669,648,26.00%,5,1.80%
6409,旭隼,"2,133","1,916","1,254","1,077",32.73%,10,0.33%
6412,群電,"2,149","1,921","1,616","1,352",18.87%,0,0.00%
6414,樺漢,"1,458","1,269","1,118","1,044",16.67%,0,0.00%
6415,矽力*-KY,N/A,N/A,N/A,N/A,12.64%,0,0.00%
6416,瑞祺電通,863,716,678,589,28.57%,1,0.03%
6426,統新,775,648,609,541,0.00%,0,0.00%
6431,光麗-KY,N/A,N/A,N/A,N/A,35.00%,0,0.00%
6438,迅得,"1,216","1,085",902,910,4.00%,0,0.00%
6442,光聖,853,725,651,564,32.26%,0,0.00%
6443,元晶,669,540,568,479,16.66%,25,1.76%
6446,藥華藥,"3,686","3,489","1,153",918,47.83%,0,0.00%
6449,鈺邦,"1,550","1,379",984,777,18.00%,0,0.00%
6451,訊芯-KY,N/A,N/A,N/A,N/A,24.00%,0,0.00%
6456,GIS-KY,N/A,N/A,N/A,N/A,13.20%,14,0.06%
6464,台數科,"1,565","1,362",569,506,54.55%,0,0.00%
6472,保瑞,"1,205","1,066",689,513,29.00%,2,0.00%
6477,安集,571,469,480,461,44.00%,6,0.02%
6491,晶碩,883,763,768,649,27.96%,48,2.60%
6504,南六,786,640,547,500,16.67%,33,8.44%
6505,台塑化,"1,683","1,490","1,546","1,452",8.02%,2,0.04%
6515,穎崴,"1,060",907,909,763,23.00%,0,0.00%
6525,捷敏-KY,N/A,N/A,N/A,N/A,51.09%,3,0.14%
6531,愛普*,"3,604","3,284","2,594","1,999",33.00%,0,0.00%
6533,晶心科,"1,121",927,"1,824","1,537",14.00%,0,0.00%
6541,泰福-KY,N/A,N/A,N/A,N/A,14.20%,0,0.00%
6550,北極星藥業-KY,N/A,N/A,N/A,N/A,37.50%,0,0.00%
6552,易華電,588,514,526,473,24.59%,0,0.00%
6558,興能高,"1,313","1,134",827,721,45.00%,0,0.00%
6573,虹揚-KY,N/A,N/A,N/A,N/A,15.00%,0,0.00%
6579,研揚,"1,164","1,035",946,817,13.95%,3,0.60%
6581,鋼聯,"1,177","1,009",814,805,9.09%,0,0.00%
6582,申豐,"2,190","1,999","1,267","1,044",20.00%,0,0.00%
6585,鼎基,879,747,N/A,N/A,20.93%,4,0.68%
6591,動力-KY,N/A,N/A,N/A,N/A,1.08%,0,0.00%
6592,和潤企業,"1,449","1,249","1,186",939,18.18%,0,0.00%
6598,ABC-KY,N/A,N/A,N/A,N/A,29.41%,0,0.00%
6605,帝寶,669,559,586,547,12.15%,7,0.27%
6625,必應,777,663,583,515,23.00%,1,0.36%
6641,基士德-KY,N/A,N/A,N/A,N/A,30.77%,1,0.18%
6655,科定,926,821,799,650,9.32%,12,1.62%
6666,羅麗芬-KY,N/A,N/A,N/A,N/A,46.15%,0,0.00%
6668,中揚光,901,779,729,670,22.22%,2,0.49%
6669,緯穎,"1,228","1,083","1,158",978,22.00%,5,0.26%
6670,復盛應用,973,817,810,708,19.64%,8,0.86%
6671,三能-KY,N/A,N/A,N/A,N/A,37.23%,9,1.24%
6672,騰輝電子-KY,N/A,N/A,N/A,N/A,16.95%,11,1.27%
6674,鋐寶科技,"1,206","1,044",919,770,20.48%,0,0.00%
6691,洋基工程,"2,208","2,057","1,211","1,002",13.64%,12,2.10%
6698,旭暉應材,691,567,551,461,29.63%,0,0.00%
6706,惠特,"1,237","1,125",997,671,23.68%,1,0.14%
6715,嘉基,"1,587","1,380","1,047",953,13.80%,94,0.00%
6719,力智,"2,603","2,354","1,877","1,573",2.51%,0,0.00%
6743,安普新,"1,140",978,849,717,19.71%,3,2.00%
6754,匯僑設計,"1,160",989,995,879,31.60%,3,1.10%
6756,威鋒電子,"2,776","2,520","2,389","1,714",18.42%,0,0.00%
6768,志強-KY,N/A,N/A,N/A,N/A,39.00%,1,0.20%
6770,力積電,"1,953","1,758","1,501","1,315",13.36%,4,0.05%
6776,展眥篕,"1,432","1,188","1,057",903,44.60%,0,0.00%
6781,AES-KY,N/A,N/A,N/A,N/A,12.00%,0,0.00%
6789,采鈺,"1,536","1,340","1,381","1,086",20.00%,0,0.00%
6790,永豐實,"1,018",840,827,714,35.00%,8,1.13%
6792,詠業,"1,089",961,836,666,11.11%,11,1.92%
6796,晉弘,935,782,N/A,N/A,23.60%,0,0.00%
6799,來頡,"2,881","2,672",N/A,N/A,18.18%,0,0.00%
6806,森崴能源,"1,624","1,460","1,068",781,10.00%,0,0.00%
6807,峰源-KY,N/A,N/A,N/A,N/A,28.89%,370,20.17%
8011,台通,646,529,593,553,29.41%,7,2.73%
8016,矽創,"5,225","4,949","4,263","3,885",27.71%,1,0.29%
8021,尖點,"1,052",953,721,631,18.99%,0,0.00%
8028,昇陽半導體,960,801,713,688,34.37%,10,1.20%
8033,雷虎,"1,115",967,609,593,11.12%,39,0.00%
8039,台虹,"1,052",847,811,727,10.00%,3,0.35%
8046,南電,"1,352","1,196","1,184","1,147",10.36%,0,0.00%
8070,長華*,"3,323","3,086","1,981","1,312",34.00%,0,0.00%
8072,陞泰,"1,017",894,554,475,50.00%,0,0.00%
8081,致新,"3,033","2,756","2,601","2,470",21.43%,0,0.00%
8101,華冠,"1,100",938,818,647,14.00%,1,0.45%
8103,瀚荃,"1,191","1,012",928,790,33.00%,0,0.00%
8104,錸寶,973,813,702,597,4.76%,5,2.15%
8105,凌巨,905,770,762,657,25.00%,3,0.20%
8110,華東,689,587,575,505,34.00%,4,0.22%
8112,至上,"2,509","2,121","1,380","1,238",15.15%,0,0.00%
8114,振樺電,849,725,691,565,48.44%,1,0.31%
8131,福懋科,676,581,572,543,7.37%,2,0.08%
8150,南茂,"1,214","1,018","1,043",993,21.04%,6,0.10%
8163,達方,"1,389","1,217","1,125",941,18.60%,2,0.20%
8201,無敵,"1,120",939,829,754,28.50%,0,0.00%
8210,勤誠,"1,922","1,676","1,299",900,17.40%,0,0.00%
8213,志超,"3,668","3,425","1,549","1,337",27.78%,2,0.52%
8215,明基材,"1,192","1,032","1,055",745,27.00%,4,0.00%
8222,寶一,589,488,462,428,29.00%,0,0.00%
8249,菱光,"2,102","1,854","1,425","1,198",17.00%,0,0.00%
8261,富鼎,"2,320","2,058","1,897","1,512",15.00%,3,2.00%
8271,宇瞻,"1,413","1,178","1,084",959,31.08%,0,0.00%
8341,日友,"1,259","1,102",942,705,8.62%,7,1.95%
8367,建新國際,929,785,761,686,31.82%,16,3.43%
8374,羅昇,"1,313","1,133",946,836,20.00%,0,0.00%
8404,百和興業-KY,N/A,N/A,N/A,N/A,0.30%,27,0.72%
8411,福貞-KY,N/A,N/A,N/A,N/A,26.67%,8,0.63%
8422,可寧衛,"1,129",964,838,647,0.00%,3,1.91%
8429,金麗-KY,N/A,N/A,N/A,N/A,0.00%,0,0.00%
8438,昶昕,849,733,655,559,33.33%,3,0.16%
8442,威宏-KY,N/A,N/A,N/A,N/A,0.00%,0,0.00%
8443,阿瘦,578,468,512,461,50.00%,15,2.69%
8454,富邦媒,975,803,867,743,55.85%,47,1.70%
8462,柏文,840,738,522,455,51.77%,7,0.45%
8463,潤泰材,868,713,643,555,1.21%,5,1.52%
8464,億豐,"1,952","1,733","1,373","1,095",23.26%,4,1.52%
8466,美吉吉-KY,N/A,N/A,N/A,N/A,22.45%,21,2.30%
8467,波力-KY,N/A,N/A,N/A,N/A,7.80%,0,0.00%
8473,山林水,575,467,520,464,0.20%,0,0.00%
8476,台境*,841,711,586,519,15.38%,0,0.00%
8478,東哥遊艇,"1,173","1,078",857,794,18.92%,5,0.76%
8481,政伸,"1,296","1,157","1,111","1,022",38.46%,3,1.12%
8482,商億-KY,N/A,N/A,N/A,N/A,5.00%,155,8.00%
8488,吉源-KY,N/A,N/A,N/A,N/A,22.22%,0,0.00%
8499,鼎炫-KY,N/A,N/A,N/A,N/A,40.00%,0,0.00%
8926,台汽電,"1,684","1,413","1,192","1,029",15.38%,0,0.00%
8940,新天地,719,593,546,462,49.40%,6,1.47%
8996,高力,923,809,756,716,22.00%,3,0.60%
9802,鈺齊-KY,N/A,N/A,N/A,N/A,68.31%,34,2.05%
9902,台火,"1,227",994,668,710,37.50%,0,0.00%
9904,寶成,924,788,813,598,54.00%,8,0.26%
9905,大華,795,633,668,625,19.51%,2,0.67%
9906,欣巴巴,"1,135",968,676,558,57.00%,1,2.00%
9907,統一實,992,826,824,791,10.42%,7,0.62%
9908,大台北,"1,249","1,074","1,022",978,4.33%,0,0.00%
9910,豐泰,"1,321","1,147","1,154",862,42.30%,68,0.05%
9911,櫻花,943,825,748,637,23.29%,7,0.85%
9912,偉聯,"1,439","1,220",856,774,10.00%,0,0.00%
9914,美利達,"1,081",965,938,773,16.22%,15,1.20%
9917,中保科,905,760,729,677,28.60%,41,1.70%
9918,欣天然,"1,211","1,032",938,865,24.00%,0,0.00%
9919,康那香,760,648,552,484,40.00%,12,1.23%
9921,巨大,"1,030",894,875,710,33.33%,0,0.00%
9924,福興,684,578,552,466,28.26%,10,0.80%
9925,新保,813,676,659,609,5.67%,19,1.05%
9926,新海,"1,159",979,"1,222","1,279",24.39%,0,0.00%
9927,泰銘,902,757,668,633,9.09%,0,0.00%
9928,中視,782,653,683,623,28.57%,3,0.67%
9929,秋雨,654,536,501,470,40.00%,1,0.83%
9930,中聯資源,"1,756","1,526","1,368","1,259",8.57%,0,0.00%
9931,欣高,"1,100",937,897,820,2.00%,0,0.00%
9933,中鼎,"1,436","1,249","1,191","1,074",13.82%,0,0.00%
9934,成霖,"1,259","1,088",624,589,34.15%,0,0.00%
9935,慶豐富,634,563,544,478,16.67%,6,1.05%
9937,全國,438,367,487,393,47.51%,27,1.40%
9938,百和,880,767,671,525,14.30%,20,2.00%
9939,宏全,766,673,648,599,5.45%,2,0.55%
9940,信義,"1,570","1,412","1,263",945,18.50%,191,3.75%
9941,裕融,"1,732","1,560","1,285","1,063",28.90%,3,0.44%
9942,茂順,703,590,567,518,20.00%,4,0.39%
9943,好樂迪,464,383,419,374,5.20%,14,0.50%
9944,新麗,714,613,608,525,38.46%,0,0.00%
9945,潤泰新,"1,110",983,653,376,38.00%,0,0.00%
9946,三發地產,"1,205","1,035",834,771,34.48%,2,1.57%
9955,佳龍,754,599,527,429,28.57%,0,0.00%
9958,世紀鋼,841,717,690,638,6.38%,2,0.62%
