公司代號,公司名稱,董事席次(含獨立董事)(席),獨立董事席次(席),女性董事席次及比率-席,女性董事席次及比率-比率,董事出席董事會出席率,董監事進修時數符合進修要點比率
1101,台泥,15,5,4,27.00%,96.19%,100.00%
1102,亞泥,14,3,0,0.00%,97.00%,100.00%
1103,嘉泥,7,3,0,0.00%,95.92%,100.00%
1104,環泥,7,3,0,0.00%,100.00%,100.00%
1108,幸福,7,3,2,28.57%,100.00%,100.00%
1109,信大,9,3,1,11.11%,93.88%,22.22%
1110,東泥,10,3,1,10.00%,97.50%,100.00%
1201,味全,9,3,0,0.00%,95.60%,100.00%
1203,味王,15,3,1,6.70%,74.40%,13.30%
1210,大成,10,3,0,0.00%,96.67%,100.00%
1213,大飲,9,3,1,11.00%,93.00%,11.00%
1215,卜蜂,8,3,0,0.00%,87.50%,100.00%
1216,統一,13,3,3,22.08%,98.90%,100.00%
1217,愛之味,9,3,0,0.00%,85.48%,60.19%
1218,泰山,9,3,1,11.11%,100.00%,44.44%
1219,福壽,9,3,3,33.33%,94.44%,100.00%
1220,台榮,12,3,2,16.67%,96.55%,8.33%
1225,福懋油,9,3,2,22.22%,100.00%,100.00%
1227,佳格,7,3,1,14.29%,80.00%,42.86%
1229,聯華,10,3,1,10.00%,93.00%,100.00%
1231,聯華食,9,3,2,22.20%,100.00%,100.00%
1232,大統益,11,3,0,0.00%,97.00%,100.00%
1233,天仁,7,2,0,0.00%,97.14%,100.00%
1234,黑松,14,3,3,21.40%,92.00%,100.00%
1235,興泰,7,3,1,14.29%,98.81%,57.14%
1236,宏亞,6,3,3,50.00%,95.83%,100.00%
1256,鮮活果汁-KY,8,3,2,25.00%,100.00%,100.00%
1301,台塑,15,4,2,13.00%,91.43%,100.00%
1303,南亞,15,3,2,13.00%,97.78%,100.00%
1304,台聚,9,3,0,0.00%,97.78%,100.00%
1305,華夏,9,3,0,0.00%,97.78%,100.00%
1307,三芳,7,3,0,0.00%,96.80%,100.00%
1308,亞聚,9,3,0,0.00%,100.00%,100.00%
1309,台達化,9,5,1,11.00%,98.15%,81.82%
1310,台苯,11,3,0,0.00%,100.00%,100.00%
1312,國喬,7,3,1,14.29%,96.43%,100.00%
1313,聯成,10,3,0,0.00%,100.00%,100.00%
1314,中石化,9,3,1,11.11%,94.21%,100.00%
1315,達新,8,3,0,0.00%,96.83%,100.00%
1316,上曜,7,2,0,0.00%,98.41%,100.00%
1319,東陽,7,3,1,14.29%,100.00%,0.00%
1321,大洋,10,4,2,20.00%,97.00%,100.00%
1323,永裕,11,4,0,0.00%,100.00%,100.00%
1324,地球,5,3,0,0.00%,100.00%,100.00%
1325,恆大,7,3,3,42.86%,97.96%,14.29%
1326,台化,15,3,1,6.70%,92.00%,100.00%
1337,再生-KY,7,3,0,0.00%,96.43%,100.00%
1338,廣華-KY,7,3,0,0.00%,100.00%,100.00%
1339,昭輝,9,4,2,2.22%,95.56%,100.00%
1340,勝悅-KY,7,3,1,14.28%,100.00%,100.00%
1341,富林-KY,7,3,0,0.00%,100.00%,100.00%
1342,八貫,7,3,0,0.00%,96.00%,100.00%
1402,遠東新,13,3,2,15.00%,91.00%,100.00%
1409,新纖,12,3,1,8.33%,97.62%,100.00%
1410,南染,7,4,0,0.00%,77.55%,71.42%
1413,宏洲,9,2,2,22.00%,84.00%,100.00%
1414,東和,7,3,1,14.00%,100.00%,71.40%
1416,廣豐,8,3,0,0.00%,96.61%,62.50%
1417,嘉裕,7,3,2,28.60%,97.62%,100.00%
1418,東華,9,2,0,0.00%,94.33%,0.00%
1419,新紡,7,3,0,0.00%,98.55%,100.00%
1423,利華,5,3,5,100.00%,83.33%,100.00%
1432,大魯閣,9,4,2,22.22%,72.73%,100.00%
1434,福懋,11,3,1,9.09%,95.00%,100.00%
1435,中福,7,3,0,0.00%,95.90%,100.00%
1436,華友聯,9,3,0,0.00%,96.30%,100.00%
1437,勤益控,7,3,0,0.00%,100.00%,100.00%
1438,三地開發,7,3,2,28.57%,0.00%,42.86%
1439,雋揚,7,3,1,14.00%,100.00%,100.00%
1440,南紡,20,4,5,25.00%,90.00%,100.00%
1441,大東,7,3,1,14.29%,100.00%,86.00%
1442,名軒,7,3,2,28.57%,100.00%,100.00%
1443,立益物流,9,2,0,0.00%,82.00%,11.00%
1444,力麗,9,3,1,11.11%,85.47%,100.00%
1445,大宇,7,3,0,0.00%,98.63%,27.27%
1446,宏和,9,3,2,22.22%,81.82%,55.56%
1447,力鵬,9,3,2,22.22%,95.72%,100.00%
1449,佳和,11,3,0,0.00%,73.00%,80.00%
1451,年興,9,3,0,0.00%,94.95%,100.00%
1452,宏益,9,3,1,11.11%,92.06%,100.00%
1453,大將,7,3,1,14.29%,96.00%,14.29%
1454,台富,9,2,0,0.00%,100.00%,44.00%
1455,集盛,10,3,1,10.00%,100.00%,80.00%
1456,怡華,9,2,1,11.00%,100.00%,83.00%
1457,宜進,9,3,3,33.33%,81.00%,100.00%
1459,聯發,9,3,0,0.00%,96.30%,100.00%
1460,宏遠,11,3,0,0.00%,90.90%,100.00%
1463,強盛新,7,2,1,11.11%,97.22%,44.44%
1464,得力,7,3,0,0.00%,100.00%,100.00%
1465,偉全,7,3,1,14.29%,97.62%,100.00%
1466,聚隆,10,3,2,20.00%,98.00%,100.00%
1467,南緯,11,3,1,9.09%,100.00%,0.00%
1468,昶和,7,3,1,14.28%,100.00%,100.00%
1470,大統新創,11,3,0,0.00%,100.00%,27.30%
1471,首利,7,3,2,28.57%,88.89%,42.86%
1472,三洋實業,7,3,1,14.28%,92.06%,57.14%
1473,台南,11,3,4,36.36%,88.91%,100.00%
1474,弘裕,11,3,1,9.09%,96.49%,45.45%
1475,業旺,5,3,1,20.00%,100.00%,40.00%
1476,儒鴻,12,4,1,8.33%,100.00%,100.00%
1477,聚陽,15,3,6,40.00%,97.80%,100.00%
1503,士電,14,3,0,0.00%,91.07%,100.00%
1504,東元,11,4,2,18.18%,99.19%,90.91%
1506,正道,9,3,1,11.11%,96.67%,100.00%
1512,瑞利,7,3,0,0.00%,87.76%,0.00%
1513,中興電,9,3,1,11.11%,98.15%,100.00%
1514,亞力,12,3,2,16.66%,90.41%,16.66%
1515,力山,9,4,1,11.11%,97.56%,55.56%
1516,川飛,8,3,2,25.00%,100.00%,75.00%
1517,利奇,7,3,4,57.00%,100.00%,100.00%
1519,華城,9,3,0,0.00%,100.00%,100.00%
1521,大億,9,3,1,11.00%,75.56%,66.67%
1522,堤維西,9,3,0,0.00%,96.30%,100.00%
1524,耿鼎,10,2,1,14.28%,82.86%,30.00%
1525,江申,9,2,1,11.11%,100.00%,100.00%
1526,日馳,9,4,3,33.33%,100.00%,100.00%
1527,鑽全,11,3,1,9.10%,85.71%,45.45%
1528,恩德,7,3,1,14.00%,100.00%,100.00%
1529,樂事綠能,11,3,1,9.10%,81.00%,9.10%
1530,亞崴,7,3,0,0.00%,97.00%,100.00%
1531,高林股,7,3,2,28.57%,69.05%,100.00%
1532,勤美,9,3,2,22.00%,85.24%,100.00%
1533,車王電,8,3,1,9.09%,100.00%,100.00%
1535,中宇,11,3,1,9.09%,95.45%,100.00%
1536,和大,13,3,3,23.00%,90.77%,100.00%
1537,廣隆,9,3,0,0.00%,100.00%,100.00%
1538,正峰,5,2,0,0.00%,95.74%,28.57%
1539,巨庭,7,3,2,29.00%,94.00%,100.00%
1540,喬福,7,3,1,14.29%,100.00%,0.00%
1541,錩泰,5,2,3,60.00%,98.00%,0.00%
1558,伸興,10,3,0,0.00%,98.65%,100.00%
1560,中砂,7,3,0,0.00%,100.00%,100.00%
1568,倉佑,9,3,1,11.11%,91.80%,100.00%
1582,信錦,7,4,1,14.29%,100.00%,100.00%
1583,程泰,9,3,1,11.11%,97.53%,100.00%
1587,吉茂,7,3,0,0.00%,95.24%,100.00%
1589,永冠-KY,11,3,1,9.09%,98.65%,100.00%
1590,亞德客-KY,9,3,1,0.11%,90.74%,44.44%
1597,直得,8,3,3,37.50%,95.83%,100.00%
1598,岱宇,6,3,1,17.00%,98.00%,100.00%
1603,華電,5,3,1,20.00%,88.57%,60.00%
1604,聲寶,7,3,0,0.00%,97.40%,71.43%
1605,華新,11,4,2,18.18%,96.59%,100.00%
1608,華榮,7,3,1,14.29%,83.33%,85.71%
1609,大亞,9,4,2,22.00%,96.00%,100.00%
1611,中電,10,2,1,10.00%,87.00%,90.00%
1612,宏泰,8,3,1,12.50%,98.21%,100.00%
1614,三洋電,13,3,3,23.00%,89.74%,7.69%
1615,大山,5,2,2,40.00%,66.00%,20.00%
1616,億泰,7,3,1,14.29%,100.00%,0.00%
1617,榮星,7,3,1,14.00%,89.00%,57.00%
1618,合機,9,3,2,22.00%,100.00%,100.00%
1626,艾美特-KY,9,3,1,11.11%,97.10%,100.00%
1702,南僑,9,3,2,22.22%,65.43%,100.00%
1707,葡萄王,12,4,5,42.00%,97.00%,100.00%
1708,東鹼,10,3,0,0.00%,88.00%,90.00%
1709,和益,19,4,2,10.50%,87.00%,0.00%
1710,東聯,11,3,1,9.10%,95.00%,100.00%
1711,永光,11,3,1,9.00%,100.00%,100.00%
1712,興農,9,3,1,11.11%,100.00%,100.00%
1713,國化,2,3,2,40.00%,100.00%,100.00%
1714,和桐,9,3,1,11.00%,100.00%,100.00%
1717,長興,10,3,2,20.00%,93.83%,40.00%
1718,中纖,9,3,0,0.00%,94.44%,77.78%
1720,生達,7,3,2,28.57%,96.08%,100.00%
1721,三晃,6,3,1,16.67%,80.88%,66.67%
1722,台肥,9,3,2,22.22%,93.82%,77.77%
1723,中碳,9,3,1,11.11%,95.20%,100.00%
1725,元禎,7,3,1,14.00%,98.00%,14.00%
1726,永記,7,3,1,14.29%,94.29%,71.43%
1727,中華化,10,4,1,10.00%,100.00%,100.00%
1730,花仙子,7,3,4,57.14%,94.64%,100.00%
1731,美吾華,13,3,4,30.77%,96.15%,53.85%
1732,毛寶,7,3,4,57.14%,100.00%,100.00%
1733,五鼎,6,4,1,16.70%,100.00%,100.00%
1734,杏輝,11,3,1,9.09%,96.92%,100.00%
1735,日勝化,9,3,0,0.00%,97.83%,11.11%
1736,喬山,11,3,3,27.00%,97.70%,95.00%
1737,臺鹽,8,3,2,25.00%,100.00%,88.00%
1752,南光,7,3,1,14.28%,100.00%,100.00%
1760,寶齡富錦,8,3,1,11.00%,98.00%,100.00%
1762,中化生,7,3,2,28.57%,96.43%,100.00%
1773,勝一,9,3,2,2.22%,87.00%,100.00%
1776,展宇,9,3,1,11.11%,98.61%,100.00%
1783,和康生,7,3,3,42.85%,100.00%,100.00%
1786,科妍,9,3,1,11.11%,97.78%,100.00%
1789,神隆,15,3,3,20.00%,98.10%,100.00%
1795,美時,9,3,1,11.11%,90.91%,100.00%
1802,台玻,15,3,1,6.67%,96.70%,53.30%
1805,寶徠,9,3,1,11.11%,90.74%,100.00%
1806,冠軍,7,3,1,14.29%,100.00%,42.86%
1808,潤隆,7,3,1,14.29%,96.43%,42.86%
1809,中釉,9,3,1,11.11%,98.44%,100.00%
1810,和成,7,3,0,0.00%,77.55%,100.00%
1817,凱撒衛,8,4,1,12.50%,96.00%,100.00%
1903,士紙,7,3,2,28.57%,88.00%,28.57%
1904,正隆,9,3,1,11.00%,100.00%,100.00%
1905,華紙,9,3,0,0.00%,100.00%,100.00%
1906,寶隆,5,2,1,20.00%,87.69%,60.00%
1907,永豐餘,9,4,2,22.20%,95.10%,100.00%
1909,榮成,9,3,0,0.00%,97.14%,100.00%
2002,中鋼,11,3,1,9.09%,98.70%,100.00%
2006,東和鋼鐵,11,3,0,0.00%,100.00%,100.00%
2007,燁興,7,3,0,0.00%,91.00%,100.00%
2008,高興昌,9,3,1,11.11%,96.30%,66.67%
2009,第一銅,7,3,1,14.29%,88.10%,88.89%
2010,春源,11,3,1,9.00%,93.00%,36.00%
2012,春雨,8,3,1,12.50%,96.43%,100.00%
2013,中鋼構,11,3,1,9.00%,97.00%,100.00%
2014,中鴻,7,3,1,14.29%,98.41%,100.00%
2015,豐興,13,3,0,0.00%,95.60%,100.00%
2017,官田鋼,11,2,1,9.09%,87.00%,100.00%
2020,美亞,9,3,1,11.00%,95.70%,100.00%
2022,聚亨,5,3,1,20.00%,90.00%,0.00%
2023,燁輝,7,3,0,0.00%,96.83%,100.00%
2024,志聯,7,3,3,42.85%,100.00%,85.71%
2025,千興,6,2,2,33.33%,100.00%,15.00%
2027,大成鋼,11,3,3,27.27%,90.00%,91.00%
2028,威致,7,3,2,28.57%,85.71%,71.42%
2029,盛餘,10,3,0,0.00%,98.00%,30.00%
2030,彰源,7,3,0,0.00%,98.71%,100.00%
2031,新光鋼,9,3,0,0.00%,98.40%,100.00%
2032,新鋼,9,3,1,11.11%,93.06%,33.33%
2033,佳大,7,3,2,28.57%,80.95%,0.00%
2034,允強,9,4,1,11.10%,100.00%,100.00%
2038,海光,9,3,0,0.00%,96.30%,0.00%
2049,上銀,9,3,3,33.33%,100.00%,100.00%
2059,川湖,7,4,2,28.57%,100.00%,57.14%
2062,橋椿,7,3,2,28.57%,97.62%,100.00%
2069,運錩,7,3,1,14.28%,97.62%,100.00%
2101,南港,9,3,5,55.56%,88.76%,88.89%
2102,泰豐,9,3,1,11.11%,95.58%,33.33%
2103,台橡,7,3,1,14.00%,100.00%,100.00%
2104,國際中橡,7,3,0,0.00%,93.22%,100.00%
2105,正新,11,3,2,18.00%,100.00%,100.00%
2106,建大,11,3,1,9.09%,98.48%,100.00%
2107,厚生,9,3,0,0.00%,100.00%,100.00%
2108,南帝,20,4,3,15.00%,96.00%,100.00%
2109,華豐,0,0,0,0.00%,0.00%,0.00%
2114,鑫永銓,9,3,0,0.00%,100.00%,100.00%
2115,六暉-KY,9,3,3,33.33%,97.22%,100.00%
2201,裕隆,9,3,1,11.11%,92.60%,100.00%
2204,中華,10,3,2,20.00%,100.00%,100.00%
2206,三陽工業,9,3,1,11.11%,90.28%,100.00%
2207,和泰車,14,3,2,14.29%,100.00%,100.00%
2208,台船,15,3,1,6.67%,86.67%,87.00%
2211,長榮鋼,7,3,3,42.86%,100.00%,100.00%
2227,裕日車,11,3,1,9.09%,96.36%,100.00%
2228,劍麟,7,3,2,28.57%,95.00%,100.00%
2231,為升,7,3,2,28.57%,100.00%,100.00%
2233,宇隆,9,3,0,0.00%,94.44%,100.00%
2236,百達-KY,7,3,1,14.29%,96.55%,100.00%
2239,英利-KY,7,3,1,14.30%,84.13%,100.00%
2241,艾姆勒,7,3,1,14.29%,100.00%,100.00%
2243,宏旭-KY,7,3,1,14.29%,82.14%,100.00%
2247,汎德永業,7,3,2,28.57%,98.41%,100.00%
2250,IKKA-KY,9,3,0,0.00%,100.00%,100.00%
2301,光寶科,10,5,0,0.00%,97.33%,100.00%
2302,麗正,5,2,3,60.00%,84.21%,81.25%
2303,聯電,9,5,2,22.22%,98.72%,100.00%
2305,全友,9,3,1,11.11%,94.44%,33.33%
2308,台達電,10,4,1,10.00%,100.00%,100.00%
2312,金寶,15,3,1,6.67%,86.67%,100.00%
2313,華通,9,3,1,11.11%,95.56%,33.33%
2314,台揚,7,3,1,14.29%,97.00%,100.00%
2316,楠梓電,9,3,2,22.00%,92.59%,100.00%
2317,鴻海,9,3,1,11.11%,85.19%,55.56%
2321,東訊,9,3,2,22.22%,95.06%,88.89%
2323,中環,9,3,3,33.00%,91.00%,55.56%
2324,仁寶,15,3,0,0.00%,96.19%,66.67%
2327,國巨,9,3,0,0.00%,82.22%,44.00%
2328,廣宇,7,3,0,0.00%,98.00%,29.00%
2329,華泰,7,3,0,0.00%,86.96%,85.71%
2330,台積電,10,6,1,10.00%,100.00%,40.00%
2331,精英,8,2,0,0.00%,95.80%,100.00%
2332,友訊,9,3,0,0.00%,91.30%,100.00%
2337,旺宏,14,4,2,14.29%,94.90%,100.00%
2338,光罩,6,2,1,16.67%,100.00%,85.71%
2340,台亞,7,3,0,0.00%,92.14%,100.00%
2342,茂矽,9,3,1,11.11%,94.44%,100.00%
2344,華邦電,11,4,2,18.18%,100.00%,100.00%
2345,智邦,8,5,1,12.50%,90.28%,100.00%
2347,聯強,7,3,1,14.29%,97.62%,100.00%
2348,海悅,7,2,1,14.26%,92.86%,28.57%
2349,錸德,7,3,2,28.57%,100.00%,100.00%
2351,順德,9,4,0,0.00%,97.44%,100.00%
2352,佳世達,7,3,0,0.00%,100.00%,100.00%
2353,宏,7,4,1,14.29%,95.24%,100.00%
2354,鴻準,5,3,0,0.00%,82.81%,20.00%
2355,敬鵬,9,3,2,22.22%,96.30%,100.00%
2356,英業達,9,3,0,0.00%,97.44%,100.00%
2357,華碩,13,3,0,0.00%,99.04%,100.00%
2359,所羅門,7,2,1,14.00%,100.00%,100.00%
2360,致茂,7,3,0,0.00%,100.00%,100.00%
2362,藍天,7,3,1,14.00%,98.00%,100.00%
2363,矽統,8,3,2,25.00%,92.62%,75.00%
2364,倫飛,10,3,0,0.00%,90.79%,0.00%
2365,昆盈,7,3,0,0.00%,84.00%,57.14%
2367,燿華,7,3,1,14.29%,100.00%,100.00%
2368,金像電,9,3,3,33.33%,96.30%,100.00%
2369,菱生,9,3,0,0.00%,100.00%,100.00%
2371,大同,7,2,0,0.00%,100.00%,85.71%
2373,震旦行,7,3,2,28.57%,100.00%,100.00%
2374,佳能,9,3,0,0.00%,100.00%,100.00%
2375,凱美,5,2,0,0.00%,92.31%,40.00%
2376,技嘉,9,3,0,0.00%,98.04%,100.00%
2377,微星,11,3,1,9.09%,100.00%,100.00%
2379,瑞昱,10,3,1,10.00%,98.00%,30.00%
2380,虹光,7,4,0,0.00%,96.36%,100.00%
2382,廣達,6,3,0,0.00%,97.62%,42.86%
2383,台光電,7,3,0,0.00%,98.00%,100.00%
2385,群光,8,3,1,12.50%,97.50%,100.00%
2387,精元,7,2,4,57.14%,97.62%,42.86%
2388,威盛,7,3,1,14.29%,95.24%,100.00%
2390,云辰,7,3,3,43.00%,98.00%,100.00%
2392,正崴,9,3,1,11.11%,100.00%,33.33%
2393,億光,9,4,0,0.00%,97.00%,100.00%
2395,研華,7,3,1,14.00%,94.00%,100.00%
2397,友通,7,3,0,0.00%,100.00%,100.00%
2399,映泰,7,3,1,14.28%,100.00%,14.28%
2401,凌陽,7,4,0,0.00%,98.90%,100.00%
2402,毅嘉,7,3,1,14.29%,97.14%,71.43%
2404,漢唐,9,3,2,22.22%,98.88%,77.77%
2405,輔信,7,3,4,57.14%,98.70%,100.00%
2406,國碩,7,3,1,14.28%,96.00%,100.00%
2408,南亞科,12,3,2,16.67%,95.83%,100.00%
2409,友達,8,5,2,25.00%,98.04%,100.00%
2412,中華電,13,5,1,7.69%,97.20%,100.00%
2413,環科,8,3,2,18.00%,98.00%,100.00%
2414,精技,9,3,1,11.11%,100.00%,100.00%
2415,錩新,7,3,1,14.20%,96.00%,56.00%
2417,圓剛,7,3,0,0.00%,98.33%,100.00%
2419,仲琦,10,3,2,20.00%,100.00%,100.00%
2420,新巨,7,2,0,0.00%,97.96%,100.00%
2421,建準,9,4,3,33.33%,94.44%,55.56%
2423,固緯,9,3,1,11.11%,96.00%,78.00%
2424,隴華,9,4,1,11.00%,95.00%,33.00%
2425,承啟,5,2,0,0.00%,93.33%,35.71%
2426,鼎元,7,3,1,14.00%,93.90%,100.00%
2427,三商電,7,2,0,0.00%,97.62%,100.00%
2428,興勤,7,3,1,14.29%,97.96%,100.00%
2429,銘旺科,7,2,0,0.00%,98.00%,42.00%
2430,燦坤,7,3,1,14.29%,98.21%,100.00%
2431,聯昌,10,3,2,0.20%,97.75%,100.00%
2433,互盛電,7,3,1,14.29%,96.43%,100.00%
2434,統懋,7,3,4,57.14%,80.76%,28.57%
2436,偉詮電,7,2,1,14.00%,100.00%,100.00%
2438,翔耀,7,3,1,14.00%,100.00%,42.28%
2439,美律,9,3,1,11.00%,100.00%,100.00%
2440,太空梭,7,3,1,14.29%,100.00%,14.29%
2441,超豐,9,3,0,0.00%,93.65%,44.40%
2442,新美齊,7,3,0,0.00%,100.00%,100.00%
2444,兆勁,6,3,2,33.33%,96.77%,100.00%
2449,京元電子,9,3,0,0.00%,100.00%,44.44%
2450,神腦,11,3,0,0.00%,100.00%,54.54%
2451,創見,9,3,2,22.22%,91.11%,100.00%
2453,凌群,7,3,2,29.00%,100.00%,57.00%
2454,聯發科,8,3,0,0.00%,98.68%,100.00%
2455,全新,11,3,1,9.09%,95.45%,81.82%
2457,飛宏,10,3,0,0.00%,90.24%,100.00%
2458,義隆,9,4,0,0.00%,100.00%,100.00%
2459,敦吉,9,3,0,0.00%,96.00%,33.00%
2460,建通,7,3,0,0.00%,97.67%,71.40%
2461,光群雷,7,3,3,43.00%,100.00%,100.00%
2462,良得電,9,3,1,11.11%,92.00%,44.44%
2464,盟立,5,2,2,40.00%,94.00%,100.00%
2465,麗臺,7,3,0,0.00%,100.00%,50.00%
2466,冠西電,9,3,2,22.22%,96.88%,44.44%
2467,志聖,7,3,0,0.00%,100.00%,14.00%
2468,華經,7,3,4,57.14%,100.00%,85.71%
2471,資通,7,2,1,14.00%,93.00%,100.00%
2472,立隆電,7,2,0,0.00%,100.00%,100.00%
2474,可成,7,3,0,0.00%,95.24%,42.86%
2476,鉅祥,7,3,2,29.00%,100.00%,100.00%
2477,美隆電,10,3,1,10.00%,95.58%,30.00%
2478,大毅,9,3,2,22.22%,100.00%,100.00%
2480,敦陽科,10,3,1,10.00%,96.00%,100.00%
2481,強茂,7,3,0,0.00%,89.80%,85.71%
2482,連宇,7,3,0,0.00%,95.92%,14.29%
2483,百容,9,3,2,22.00%,100.00%,100.00%
2484,希華,10,3,0,0.00%,97.50%,100.00%
2485,兆赫,13,3,0,0.00%,60.00%,30.76%
2486,一詮,7,3,0,0.00%,89.80%,57.14%
2488,漢平,13,3,0,0.00%,100.00%,100.00%
2489,瑞軒,11,4,2,18.00%,97.00%,100.00%
2491,吉祥全,7,3,2,28.57%,100.00%,100.00%
2492,華新科,9,3,0,0.00%,93.06%,100.00%
2493,揚博,7,2,1,14.29%,100.00%,43.00%
2495,普安,7,4,0,0.00%,100.00%,100.00%
2496,卓越,9,3,5,56.00%,93.00%,100.00%
2497,怡利電,9,3,1,11.00%,87.41%,100.00%
2498,宏達電,7,3,1,14.28%,94.28%,71.43%
2501,國建,9,3,1,11.00%,100.00%,100.00%
2504,國產,12,3,1,8.33%,100.00%,100.00%
2505,國揚,9,3,1,11.00%,100.00%,100.00%
2506,太設,9,3,1,11.00%,96.00%,100.00%
2509,全坤建,7,3,0,0.00%,85.71%,42.86%
2511,太子,14,2,2,14.00%,95.00%,100.00%
2514,龍邦,7,3,1,14.29%,96.42%,57.14%
2515,中工,9,3,1,10.00%,93.00%,100.00%
2516,新建,7,2,2,29.00%,80.00%,100.00%
2520,冠德,9,3,3,33.33%,87.50%,100.00%
2524,京城,7,3,1,14.29%,91.79%,0.00%
2527,宏璟,11,3,4,36.36%,91.27%,45.45%
2528,皇普,6,3,2,33.00%,100.00%,100.00%
2530,華建,7,3,0,0.00%,98.84%,100.00%
2534,宏盛,7,3,2,28.57%,93.88%,100.00%
2535,達欣工,7,3,0,0.00%,94.29%,100.00%
2536,宏普,7,3,4,57.14%,100.00%,100.00%
2537,聯上發,7,3,3,42.86%,100.00%,100.00%
2538,基泰,11,3,1,9.09%,87.00%,54.55%
2539,櫻花建,7,3,3,42.86%,100.00%,100.00%
2540,愛山林,7,3,1,0.14%,83.00%,30.00%
2542,興富發,7,3,1,14.29%,98.90%,42.86%
2543,皇昌,7,3,2,28.00%,97.00%,100.00%
2545,皇翔,11,3,4,36.36%,100.00%,18.00%
2546,根基,9,3,1,11.11%,87.78%,100.00%
2547,日勝生,7,3,0,0.00%,100.00%,100.00%
2548,華固,9,3,2,22.22%,97.22%,100.00%
2597,潤弘,9,3,1,11.11%,91.67%,100.00%
2601,益航,7,3,0,0.00%,95.24%,100.00%
2603,長榮,9,3,1,11.11%,100.00%,100.00%
2605,新興,7,3,1,14.29%,80.95%,14.29%
2606,裕民,11,3,0,0.00%,97.90%,100.00%
2607,榮運,9,3,1,11.11%,100.00%,100.00%
2608,嘉里大榮,9,3,3,33.33%,97.78%,22.22%
2609,陽明,11,3,0,0.00%,90.00%,100.00%
2610,華航,13,3,2,15.38%,86.99%,100.00%
2611,志信,7,3,0,0.00%,97.62%,100.00%
2612,中航,7,2,0,0.00%,91.84%,71.43%
2613,中櫃,9,2,1,11.00%,96.30%,100.00%
2614,東森,7,3,0,0.00%,98.57%,57.14%
2615,萬海,7,3,2,28.57%,87.14%,57.14%
2616,山隆,9,3,2,22.22%,0.00%,0.56%
2617,台航,8,3,1,13.00%,98.55%,100.00%
2618,長榮航,8,3,1,12.50%,100.00%,100.00%
2630,亞航,11,4,1,9.09%,89.60%,100.00%
2633,台灣高鐵,13,4,2,15.00%,96.00%,100.00%
2634,漢翔,11,3,1,9.09%,87.88%,81.82%
2636,台驊控股,10,3,0,0.00%,98.46%,100.00%
2637,慧洋-KY,9,5,2,22.00%,100.00%,100.00%
2642,宅配通,11,3,2,18.00%,96.25%,100.00%
2701,萬企,5,3,1,20.00%,100.00%,100.00%
2702,華園,7,3,3,42.86%,81.43%,42.86%
2704,國賓,15,3,5,33.33%,74.71%,40.00%
2705,六福,7,4,3,42.86%,96.61%,100.00%
2706,第一店,5,3,2,40.00%,100.00%,100.00%
2707,晶華,9,3,3,33.00%,90.57%,55.56%
2712,遠雄來,7,3,1,14.00%,100.00%,100.00%
2722,夏都,9,3,2,22.22%,88.89%,100.00%
2723,美食-KY,7,3,1,14.29%,100.00%,42.86%
2727,王品,7,3,1,14.29%,98.00%,100.00%
2731,雄獅,7,3,1,14.29%,100.00%,100.00%
2739,寒舍,9,3,4,44.44%,88.98%,100.00%
2748,雲品,9,3,5,55.56%,100.00%,100.00%
2753,八方雲集,9,4,2,22.22%,98.61%,100.00%
2801,彰銀,9,3,1,11.11%,97.04%,100.00%
2809,京城銀,7,3,0,0.00%,95.43%,100.00%
2812,台中銀,12,4,2,16.67%,99.31%,100.00%
2816,旺旺保,8,3,1,12.00%,98.00%,100.00%
2820,華票,11,3,2,18.18%,100.00%,100.00%
2832,台產,11,3,5,45.45%,97.70%,100.00%
2834,臺企銀,15,5,2,13.30%,98.90%,100.00%
2836,高雄銀,13,3,0,0.00%,91.45%,100.00%
2838,聯邦銀,9,3,2,22.00%,99.00%,100.00%
2845,遠東銀,11,3,3,27.00%,94.81%,100.00%
2849,安泰銀,11,3,3,27.00%,100.00%,100.00%
2850,新產,11,3,1,9.09%,96.59%,100.00%
2851,中再保,9,3,2,22.22%,100.00%,100.00%
2852,第一保,13,3,1,7.69%,96.70%,100.00%
2855,統一證,19,4,9,47.37%,99.00%,100.00%
2867,三商壽,10,3,2,20.00%,97.69%,100.00%
2880,華南金,19,4,5,26.30%,95.05%,100.00%
2881,富邦金,14,5,2,14.00%,92.00%,100.00%
2882,國泰金,13,4,1,7.69%,91.00%,100.00%
2883,凱基金,9,3,1,11.00%,93.00%,100.00%
2884,玉山金,12,5,2,16.67%,100.00%,11.67%
2885,元大金,9,4,0,0.00%,100.00%,100.00%
2886,兆豐金,15,5,7,47.00%,100.00%,100.00%
2887,台新金,7,3,1,14.29%,95.54%,100.00%
2888,新光金,15,3,1,6.70%,99.50%,100.00%
2889,國票金,13,4,2,15.38%,98.46%,100.00%
2890,永豐金,7,3,1,14.29%,98.90%,100.00%
2891,中信金,7,4,0,0.00%,100.00%,100.00%
2892,第一金,15,5,7,47.00%,94.84%,100.00%
2897,王道銀行,14,3,3,21.43%,97.09%,100.00%
2901,欣欣,9,2,3,33.00%,96.80%,66.00%
2903,遠百,7,3,3,42.86%,97.56%,100.00%
2904,匯僑,5,2,0,0.00%,95.00%,100.00%
2905,三商,9,3,0,0.00%,95.59%,100.00%
2906,高林,12,3,1,100.00%,96.00%,100.00%
2908,特力,7,4,2,28.60%,98.21%,100.00%
2910,統領,10,3,2,20.00%,97.00%,0.00%
2911,麗嬰房,7,3,2,28.57%,97.62%,100.00%
2912,統一超,13,3,2,15.38%,100.00%,100.00%
2913,農林,13,3,2,15.38%,86.81%,69.23%
2915,潤泰全,8,2,1,12.50%,90.00%,100.00%
2923,鼎固-KY,11,3,3,27.27%,97.72%,81.82%
2929,淘帝-KY,5,3,0,0.00%,98.21%,60.00%
2939,永邑-KY,7,3,4,57.00%,90.50%,100.00%
2945,三商家購,9,3,0,0.00%,91.11%,55.56%
3002,歐格,11,4,2,18.18%,97.60%,54.54%
3003,健和興,7,3,0,0.00%,92.71%,71.43%
3004,豐達科,9,3,0,0.00%,100.00%,100.00%
3005,神基,6,3,0,0.00%,95.06%,100.00%
3006,晶豪科,8,3,0,0.00%,98.21%,100.00%
3008,大立光,7,2,0,0.00%,94.00%,29.00%
3010,華立,8,2,1,12.50%,100.00%,62.50%
3011,今皓,7,2,1,14.28%,0.00%,85.71%
3013,晟銘電,7,3,2,28.57%,87.30%,57.14%
3014,聯陽,7,3,2,28.57%,100.00%,100.00%
3015,全漢,10,3,1,10.00%,100.00%,100.00%
3016,嘉晶,9,3,1,11.11%,91.67%,55.56%
3017,奇鋐,13,4,0,0.00%,100.00%,69.23%
3018,隆銘綠能,8,2,2,25.00%,88.78%,75.00%
3019,亞光,7,3,1,14.28%,100.00%,85.71%
3021,鴻名,9,2,1,11.00%,88.89%,55.55%
3022,威強電,7,3,1,14.29%,100.00%,100.00%
3023,信邦,11,3,1,9.10%,98.00%,100.00%
3024,憶聲,11,3,4,36.36%,97.00%,70.00%
3025,星通,5,2,1,20.00%,100.00%,0.00%
3026,禾伸堂,9,3,0,0.00%,94.74%,33.33%
3027,盛達,9,4,0,0.00%,80.85%,100.00%
3028,增你強,10,3,0,0.00%,100.00%,100.00%
3029,零壹,8,3,0,0.00%,98.43%,100.00%
3030,德律,9,3,1,11.00%,100.00%,100.00%
3031,佰鴻,7,2,3,42.86%,100.00%,100.00%
3032,偉訓,8,2,1,12.50%,100.00%,25.00%
3033,威健,7,3,1,14.29%,98.41%,100.00%
3034,聯詠,8,3,1,12.50%,98.00%,100.00%
3035,智原,9,3,2,22.22%,97.06%,100.00%
3036,文曄,7,3,3,42.86%,98.81%,100.00%
3037,欣興,9,3,1,11.00%,98.00%,100.00%
3038,全台,9,3,3,33.00%,92.00%,33.00%
3040,遠見,7,3,2,28.60%,100.00%,100.00%
3041,揚智,5,3,1,20.00%,97.80%,40.00%
3042,晶技,11,4,2,18.00%,100.00%,100.00%
3043,科風,6,3,2,33.33%,80.95%,83.33%
3044,健鼎,9,3,1,11.00%,100.00%,100.00%
3045,台灣大,9,5,1,11.11%,96.83%,100.00%
3046,建,7,3,1,14.29%,97.14%,100.00%
3047,訊舟,13,4,1,7.69%,100.00%,100.00%
3048,益登,9,3,1,11.00%,98.00%,100.00%
3049,精金,7,3,1,14.29%,95.00%,100.00%
3050,鈺德,7,3,2,28.57%,100.00%,100.00%
3051,力特,11,3,3,27.00%,91.00%,0.00%
3052,夆典,7,3,2,28.57%,98.21%,42.86%
3054,立萬利,9,3,2,22.22%,98.61%,100.00%
3055,蔚華科,7,3,3,43.00%,96.00%,100.00%
3056,富華新,8,3,3,37.50%,95.51%,100.00%
3057,喬鼎,6,4,0,0.00%,97.00%,80.00%
3058,立德,9,3,1,11.11%,95.56%,100.00%
3059,華晶科,7,3,3,42.86%,100.00%,42.86%
3060,銘異,7,3,1,14.00%,86.00%,29.00%
3062,建漢,7,4,2,28.57%,95.24%,85.71%
3090,日電貿,10,3,2,20.00%,100.00%,100.00%
3092,鴻碩,7,3,0,0.00%,100.00%,100.00%
3094,聯傑,7,3,1,14.30%,100.00%,100.00%
3130,一零四,7,3,1,14.28%,96.88%,100.00%
3138,耀登,7,3,1,14.29%,98.21%,100.00%
3149,正達,7,3,0,0.00%,93.88%,28.57%
3164,景岳,9,3,0,0.00%,85.19%,33.33%
3167,大量,9,3,0,0.00%,97.78%,100.00%
3189,景碩,9,3,1,11.11%,97.22%,100.00%
3209,全科,7,3,0,0.00%,100.00%,100.00%
3229,晟鈦,7,3,0,0.00%,80.52%,85.71%
3231,緯創,9,5,1,11.11%,100.00%,100.00%
3257,虹冠電,7,2,2,28.57%,100.00%,100.00%
3266,昇陽,6,3,0,0.00%,94.44%,100.00%
3296,勝德,6,2,2,33.30%,98.18%,100.00%
3305,昇貿,7,3,1,14.00%,95.00%,100.00%
3308,聯德,7,3,2,28.57%,100.00%,14.29%
3311,閎暉,7,3,1,14.28%,90.00%,100.00%
3312,弘憶股,6,2,1,16.67%,97.14%,100.00%
3321,同泰,7,3,1,14.00%,89.00%,71.00%
3338,泰碩,9,4,1,11.00%,100.00%,100.00%
3346,麗清,9,3,2,22.00%,95.83%,0.00%
3356,奇偶,7,3,2,28.57%,100.00%,71.42%
3376,新日興,8,3,0,0.00%,97.00%,100.00%
3380,明泰,7,3,2,28.57%,100.00%,100.00%
3406,玉晶光,5,2,0,0.00%,100.00%,100.00%
3413,京鼎,7,4,2,28.57%,91.11%,85.71%
3416,融程電,7,2,0,0.00%,100.00%,100.00%
3419,譁裕,11,3,1,9.00%,100.00%,100.00%
3432,台端,5,2,1,20.00%,95.00%,100.00%
3437,榮創,7,3,0,0.00%,87.50%,100.00%
3443,創意,9,5,0,0.00%,93.00%,100.00%
3450,聯鈞,7,3,1,14.29%,98.41%,100.00%
3454,晶睿,9,3,1,11.00%,100.00%,100.00%
3481,群創,7,3,0,0.00%,97.62%,100.00%
3494,誠研,5,3,1,20.00%,80.00%,100.00%
3501,維熹,7,3,2,28.57%,100.00%,0.00%
3504,揚明光,7,3,2,29.00%,100.00%,100.00%
3515,華擎,7,3,0,0.00%,92.86%,100.00%
3518,柏騰,9,3,0,0.00%,94.37%,100.00%
3528,安馳,7,3,0,0.00%,100.00%,100.00%
3530,晶相光,5,3,1,20.00%,98.33%,100.00%
3532,台勝科,10,3,1,10.00%,100.00%,100.00%
3533,嘉澤,7,3,2,28.57%,95.00%,100.00%
3535,晶彩科,9,3,0,0.00%,87.00%,100.00%
3543,州巧,9,3,0,0.00%,98.12%,100.00%
3545,敦泰,7,4,1,14.29%,100.00%,100.00%
3550,聯穎,7,3,0,0.00%,100.00%,100.00%
3557,嘉威,6,2,1,16.67%,97.92%,100.00%
3563,牧德,9,3,0,0.00%,100.00%,100.00%
3576,聯合再生,11,3,0,0.00%,93.94%,45.45%
3583,辛耘,9,3,2,22.00%,99.00%,100.00%
3588,通嘉,5,3,0,0.00%,97.14%,100.00%
3591,艾笛森,8,3,2,25.00%,98.44%,100.00%
3592,瑞鼎,7,3,0,0.00%,100.00%,100.00%
3593,力銘,9,3,1,11.11%,96.83%,77.78%
3596,智易,9,3,0,0.00%,91.67%,88.89%
3605,宏致,5,2,0,0.00%,96.67%,100.00%
3607,谷崧,7,2,0,0.00%,99.00%,100.00%
3617,碩天,7,3,1,14.29%,100.00%,100.00%
3622,洋華,9,3,2,22.22%,100.00%,100.00%
3645,達邁,9,3,3,33.33%,93.65%,100.00%
3652,精聯,9,3,1,11.11%,97.00%,100.00%
3653,健策,10,3,1,10.00%,97.50%,40.00%
3661,世芯-KY,7,3,0,0.00%,100.00%,100.00%
3665,貿聯-KY,6,2,1,17.00%,97.00%,100.00%
3669,圓展,7,3,0,0.00%,95.24%,100.00%
3673,TPK-KY,8,3,0,0.00%,96.40%,100.00%
3679,新至陞,9,3,2,22.00%,100.00%,100.00%
3686,達能,5,3,1,20.00%,99.70%,100.00%
3694,海華,7,3,1,14.00%,91.84%,100.00%
3701,大眾控,7,3,0,0.00%,100.00%,100.00%
3702,大聯大,11,4,1,9.09%,97.39%,100.00%
3703,欣陸,7,3,3,42.86%,100.00%,100.00%
3704,合勤控,9,3,1,11.11%,93.33%,66.67%
3705,永信,9,3,1,11.00%,100.00%,100.00%
3706,神達,10,3,0,0.00%,98.33%,100.00%
3708,上緯投控,7,4,0,0.00%,97.00%,100.00%
3711,日月光投控,13,3,1,7.69%,97.04%,100.00%
3712,永崴投控,9,3,1,11.11%,98.41%,55.56%
3714,富采,9,5,0,0.00%,100.00%,100.00%
4104,佳醫,9,3,0,0.00%,98.61%,100.00%
4106,雃博,9,5,1,11.10%,93.00%,100.00%
4108,懷特,12,3,2,16.67%,100.00%,58.33%
4119,旭富,7,3,1,14.28%,98.21%,100.00%
4133,亞諾法,7,3,2,28.57%,85.71%,100.00%
4137,麗豐-KY,7,7,4,57.00%,100.00%,100.00%
4142,國光生,11,3,2,18.18%,96.60%,0.00%
4148,全宇生技-KY,9,3,1,11.00%,98.15%,100.00%
4155,訊映,9,4,3,33.00%,97.00%,100.00%
4164,承業醫,7,3,0,0.00%,98.00%,100.00%
4190,佐登-KY,6,3,1,11.00%,100.00%,100.00%
4306,炎洲,5,3,0,0.00%,100.00%,80.00%
4414,如興,9,3,1,11.11%,96.29%,77.78%
4426,利勤,7,3,0,0.00%,81.00%,0.00%
4438,廣越,7,3,0,0.00%,100.00%,14.00%
4439,冠星-KY,7,3,0,0.00%,100.00%,100.00%
4440,宜新實業,7,3,1,14.29%,94.64%,100.00%
4526,東台,13,3,2,15.38%,98.46%,100.00%
4532,瑞智,9,3,0,0.00%,79.63%,88.89%
4536,拓凱,9,3,1,11.00%,98.00%,100.00%
4540,全球傳動,7,3,1,14.29%,100.00%,100.00%
4545,銘鈺,7,3,0,0.00%,98.21%,100.00%
4551,智伸科,8,3,1,12.50%,100.00%,100.00%
4552,力達-KY,7,3,1,14.00%,0.00%,100.00%
4555,氣立,7,3,0,0.00%,100.00%,100.00%
4557,永新-KY,9,3,0,0.00%,94.12%,100.00%
4560,強信-KY,7,3,1,14.00%,93.00%,100.00%
4562,穎漢,7,3,0,0.00%,100.00%,100.00%
4564,元翎,7,3,2,28.57%,97.62%,100.00%
4566,時碩工業,6,3,1,16.66%,93.61%,100.00%
4571,鈞興-KY,7,3,0,0.00%,100.00%,100.00%
4572,駐龍,7,3,2,28.57%,100.00%,100.00%
4576,大銀微系統,9,3,1,11.11%,98.15%,100.00%
4581,光隆精密-KY,9,3,2,22.22%,97.22%,100.00%
4583,台灣精銳,7,3,1,14.29%,95.24%,100.00%
4720,德淵,8,2,0,0.00%,100.00%,87.50%
4722,國精化,9,3,1,11.00%,100.00%,11.00%
4736,泰博,7,4,0,0.00%,94.64%,100.00%
4737,華廣,7,3,1,14.28%,100.00%,100.00%
4739,康普,9,3,0,0.00%,97.53%,100.00%
4746,台耀,8,2,0,0.00%,96.00%,100.00%
4755,三福化,9,3,0,0.00%,95.24%,100.00%
4763,材料-KY,7,3,0,0.00%,100.00%,100.00%
4764,雙鍵,7,3,2,28.57%,100.00%,100.00%
4766,南寶,7,3,0,0.00%,95.92%,100.00%
4770,上品,9,3,1,11.11%,96.97%,100.00%
4807,日成-KY,7,3,1,14.28%,90.47%,100.00%
4904,遠傳,11,3,1,9.09%,95.89%,100.00%
4906,正文,9,3,1,11.11%,97.22%,100.00%
4912,聯德控股-KY,9,5,0,0.00%,98.61%,100.00%
4915,致伸,9,5,1,11.11%,97.85%,100.00%
4916,事欣科,7,3,4,57.00%,97.62%,100.00%
4919,新唐,9,4,1,11.11%,92.59%,100.00%
4927,泰鼎-KY,10,3,0,0.00%,97.67%,100.00%
4930,燦星網,5,3,1,20.00%,100.00%,100.00%
4934,太極,7,3,1,14.29%,94.29%,100.00%
4935,茂林-KY,7,3,1,14.29%,97.62%,100.00%
4938,和碩,11,3,1,9.10%,97.40%,100.00%
4942,嘉彰,7,3,0,0.00%,100.00%,100.00%
4943,康控-KY,7,3,0,0.00%,91.43%,85.71%
4952,凌通,7,3,1,14.29%,100.00%,100.00%
4956,光鋐,9,3,0,0.00%,93.75%,66.67%
4958,臻鼎-KY,7,3,0,0.00%,100.00%,100.00%
4960,誠美材,9,3,0,0.00%,98.18%,100.00%
4961,天鈺,7,3,2,28.57%,96.83%,100.00%
4967,十銓,7,3,2,28.57%,100.00%,100.00%
4968,立積,7,4,1,14.26%,100.00%,62.00%
4976,佳凌,9,3,1,11.11%,100.00%,100.00%
4977,眾達-KY,7,3,0,0.00%,97.14%,100.00%
4989,榮科,7,3,2,28.57%,92.86%,100.00%
4994,傳奇,5,3,1,20.00%,96.67%,100.00%
4999,鑫禾,9,4,1,11.11%,97.50%,100.00%
5007,三星,9,3,1,11.11%,95.56%,55.56%
5203,訊連,7,3,1,14.29%,100.00%,100.00%
5215,科嘉-KY,9,3,0,0.00%,96.83%,100.00%
5222,全訊,11,4,1,9.09%,98.86%,100.00%
5225,東科-KY,7,4,0,0.00%,100.00%,100.00%
5234,達興材料,9,3,0,0.00%,100.00%,100.00%
5243,乙盛-KY,7,3,0,0.00%,100.00%,100.00%
5244,弘凱,7,3,0,0.00%,100.00%,100.00%
5258,虹堡,7,3,0,0.00%,97.44%,100.00%
5269,祥碩,7,3,0,0.00%,97.96%,100.00%
5283,禾聯碩,9,3,0,0.00%,93.33%,100.00%
5284,jpp-KY,7,3,1,14.29%,100.00%,100.00%
5285,界霖,7,3,0,0.00%,100.00%,100.00%
5288,豐祥-KY,7,3,0,0.00%,100.00%,100.00%
5306,桂盟,7,3,1,14.00%,100.00%,100.00%
5388,中磊,7,3,1,14.29%,100.00%,100.00%
5434,崇越,9,3,2,22.20%,98.60%,44.40%
5469,瀚宇博,11,3,1,9.09%,97.40%,100.00%
5471,松翰,9,3,0,0.00%,97.00%,44.00%
5484,慧友,7,3,1,14.29%,97.33%,42.86%
5515,建國,13,3,0,0.00%,93.00%,100.00%
5519,隆大,7,3,0,0.00%,100.00%,100.00%
5521,工信,7,3,1,14.29%,100.00%,100.00%
5522,遠雄,7,3,1,14.00%,84.00%,86.00%
5525,順天,13,3,1,7.69%,86.20%,23.08%
5531,鄉林,7,3,1,14.29%,96.75%,42.86%
5533,皇鼎,9,3,2,22.22%,100.00%,33.33%
5534,長虹,9,3,1,11.11%,87.65%,0.00%
5538,東明-KY,7,3,1,14.29%,95.92%,42.86%
5546,永固-KY,7,3,2,29.00%,100.00%,100.00%
5607,遠雄港,5,2,0,0.00%,75.00%,60.00%
5608,四維航,6,3,1,16.67%,97.62%,100.00%
5706,鳳凰,9,3,1,0.11%,100.00%,100.00%
5871,中租-KY,9,3,1,11.11%,99.07%,100.00%
5876,上海商銀,9,3,0,0.00%,100.00%,100.00%
5880,合庫金,15,4,3,20.00%,91.56%,100.00%
5906,台南-KY,7,3,2,28.00%,91.00%,100.00%
5907,大洋-KY,7,3,2,28.57%,95.24%,100.00%
6005,群益證,11,3,0,0.00%,92.73%,81.82%
6024,群益期,7,3,2,28.57%,100.00%,100.00%
6108,競國,6,3,4,67.00%,97.50%,100.00%
6112,邁達特,8,3,2,25.00%,100.00%,100.00%
6115,鎰勝,9,3,2,22.22%,94.54%,100.00%
6116,彩晶,7,3,4,57.00%,98.00%,100.00%
6117,迎廣,7,3,3,42.86%,100.00%,0.00%
6120,達運,7,3,1,14.29%,100.00%,100.00%
6128,上福,9,2,2,28.57%,96.43%,100.00%
6133,金橋,7,2,1,14.28%,85.71%,14.28%
6136,富爾特,7,3,1,14.00%,92.00%,100.00%
6139,亞翔,8,3,1,12.50%,89.29%,12.50%
6141,柏承,7,3,1,14.29%,100.00%,100.00%
6142,友勁,7,3,0,0.00%,100.00%,85.00%
6152,百一,7,7,0,0.00%,100.00%,100.00%
6153,嘉聯益,8,3,1,12.50%,98.36%,100.00%
6155,鈞寶,11,3,1,9.09%,92.42%,100.00%
6164,華興,9,3,1,11.11%,88.88%,100.00%
6165,浪凡,7,3,0,42.86%,96.83%,35.71%
6166,凌華,8,3,2,25.00%,97.00%,100.00%
6168,宏齊,7,3,0,0.00%,97.62%,100.00%
6176,瑞儀,10,4,1,10.00%,99.04%,100.00%
6177,達麗,7,3,1,14.29%,93.33%,100.00%
6183,關貿,15,3,3,20.00%,94.00%,100.00%
6184,大豐電,7,2,1,14.29%,100.00%,20.00%
6189,豐藝,7,3,2,28.57%,97.96%,100.00%
6191,精成科,9,3,0,0.00%,98.61%,100.00%
6192,巨路,7,2,1,14.30%,92.86%,14.30%
6196,帆宣,9,3,2,22.22%,100.00%,100.00%
6197,佳必琪,7,3,2,28.57%,100.00%,57.14%
6201,亞弘電,7,3,1,14.29%,100.00%,100.00%
6202,盛群,9,3,0,0.00%,97.00%,100.00%
6205,詮欣,7,2,2,28.57%,100.00%,100.00%
6206,飛捷,7,3,1,14.00%,92.86%,100.00%
6209,今國光,8,2,1,12.50%,87.00%,37.50%
6213,聯茂,9,4,3,33.00%,98.41%,100.00%
6214,精誠,13,3,2,15.38%,98.90%,100.00%
6215,和椿,7,3,0,0.00%,94.29%,100.00%
6216,居易,9,3,1,11.11%,85.94%,100.00%
6224,聚鼎,10,3,0,0.00%,85.56%,33.33%
6225,天瀚,5,2,4,80.00%,87.00%,0.00%
6226,光鼎,9,3,1,11.00%,96.75%,0.00%
6230,尼得科超眾,7,2,1,14.29%,95.27%,81.81%
6235,華孚,9,3,1,11.11%,97.26%,100.00%
6239,力成,11,4,1,9.09%,96.97%,54.55%
6243,迅杰,9,3,0,0.00%,93.80%,100.00%
6257,矽格,9,3,0,0.00%,100.00%,100.00%
6269,台郡,11,3,2,18.18%,98.00%,36.36%
6271,同欣電,9,3,3,33.33%,97.78%,66.67%
6277,宏正,10,3,1,10.00%,95.38%,100.00%
6278,台表科,10,3,4,40.00%,88.75%,60.00%
6281,全國電,11,3,0,0.00%,96.97%,100.00%
6282,康舒,11,3,0,0.00%,97.38%,100.00%
6283,淳安,9,3,4,44.44%,92.59%,100.00%
6285,啟,9,4,1,11.11%,96.30%,100.00%
6288,聯嘉,9,3,2,22.20%,100.00%,100.00%
6405,悅城,7,3,0,0.00%,98.00%,100.00%
6409,旭隼,8,4,3,37.50%,87.50%,100.00%
6412,群電,7,3,2,29.00%,97.00%,100.00%
6414,樺漢,7,3,1,14.28%,100.00%,100.00%
6415,矽力*-KY,7,3,0,0.00%,91.00%,100.00%
6416,瑞祺電通,7,3,1,14.00%,100.00%,100.00%
6426,統新,7,3,1,14.29%,95.24%,100.00%
6431,光麗-KY,10,3,1,10.00%,100.00%,100.00%
6438,迅得,7,3,0,0.00%,100.00%,100.00%
6442,光聖,7,3,2,28.57%,100.00%,100.00%
6443,元晶,8,3,0,0.00%,96.36%,100.00%
6446,藥華藥,11,3,2,18.18%,94.70%,100.00%
6449,鈺邦,7,3,0,0.00%,96.00%,57.00%
6451,訊芯-KY,7,3,0,0.00%,91.07%,71.43%
6456,GIS-KY,7,3,0,0.00%,97.00%,100.00%
6464,台數科,15,3,2,13.33%,66.67%,100.00%
6472,保瑞,7,3,0,0.00%,95.24%,100.00%
6477,安集,9,3,1,11.00%,98.00%,100.00%
6491,晶碩,9,3,1,11.11%,94.00%,100.00%
6504,南六,9,3,1,11.11%,94.00%,100.00%
6505,台塑化,15,3,1,6.70%,94.00%,100.00%
6515,穎崴,9,4,0,0.00%,97.44%,100.00%
6525,捷敏-KY,9,4,3,33.33%,96.30%,100.00%
6531,愛普*,6,3,1,17.00%,96.00%,83.00%
6533,晶心科,7,3,0,0.00%,100.00%,100.00%
6541,泰福-KY,9,3,1,11.11%,95.23%,100.00%
6550,北極星藥業-KY,7,3,0,0.00%,93.33%,85.71%
6552,易華電,7,3,0,0.00%,98.63%,100.00%
6558,興能高,8,2,3,37.50%,92.86%,100.00%
6573,虹揚-KY,9,4,4,44.00%,94.00%,100.00%
6579,研揚,11,3,0,0.00%,97.00%,100.00%
6581,鋼聯,11,3,1,9.09%,90.91%,90.91%
6582,申豐,7,3,1,14.00%,100.00%,100.00%
6585,鼎基,7,3,0,0.00%,91.00%,100.00%
6591,動力-KY,7,3,0,0.00%,100.00%,100.00%
6592,和潤企業,9,3,0,0.00%,97.78%,100.00%
6598,ABC-KY,6,3,0,0.00%,100.00%,100.00%
6605,帝寶,7,1,2,28.57%,97.92%,71.43%
6625,必應,7,3,0,0.00%,91.67%,100.00%
6641,基士德-KY,7,3,1,14.30%,100.00%,100.00%
6655,科定,7,3,1,14.28%,98.70%,100.00%
6666,羅麗芬-KY,8,4,3,37.50%,97.92%,100.00%
6668,中揚光,7,3,0,0.00%,100.00%,100.00%
6669,緯穎,9,4,2,22.22%,100.00%,100.00%
6670,復盛應用,8,3,0,0.00%,97.01%,100.00%
6671,三能-KY,9,3,1,11.11%,96.30%,100.00%
6672,騰輝電子-KY,7,3,0,0.00%,96.40%,100.00%
6674,鋐寶科技,7,3,1,14.29%,88.57%,42.86%
6691,洋基工程,7,3,0,0.00%,88.04%,100.00%
6698,旭暉應材,9,4,4,44.00%,96.00%,100.00%
6706,惠特,9,3,1,11.11%,98.61%,100.00%
6715,嘉基,7,3,1,14.28%,100.00%,100.00%
6719,力智,9,3,0,0.00%,98.77%,100.00%
6743,安普新,9,3,1,11.11%,97.53%,100.00%
6754,匯僑設計,7,3,2,28.57%,100.00%,100.00%
6756,威鋒電子,9,3,1,11.11%,100.00%,100.00%
6768,志強-KY,7,3,0,0.00%,100.00%,100.00%
6770,力積電,9,5,0,0.00%,98.86%,100.00%
6776,展眥篕,7,4,1,14.29%,97.14%,100.00%
6781,AES-KY,7,3,1,0.14%,100.00%,100.00%
6789,采鈺,6,3,3,50.00%,97.00%,16.00%
6790,永豐實,7,3,2,28.60%,100.00%,100.00%
6792,詠業,7,3,0,0.00%,100.00%,100.00%
6796,晉弘,7,3,1,14.28%,98.33%,100.00%
6799,來頡,7,3,0,0.00%,96.43%,71.43%
6806,森崴能源,7,3,1,14.29%,94.64%,0.00%
6807,峰源-KY,9,4,0,0.00%,100.00%,100.00%
8011,台通,7,3,3,42.86%,93.65%,70.00%
8016,矽創,9,4,1,11.11%,100.00%,100.00%
8021,尖點,7,3,2,28.57%,98.00%,100.00%
8028,昇陽半導體,9,3,1,11.11%,93.39%,100.00%
8033,雷虎,7,2,2,28.58%,87.15%,100.00%
8039,台虹,9,3,0,0.00%,97.06%,100.00%
8046,南電,9,3,0,0.00%,100.00%,100.00%
8070,長華*,9,3,0,0.00%,96.67%,100.00%
8072,陞泰,7,4,2,28.60%,100.00%,100.00%
8081,致新,7,3,3,42.86%,88.10%,14.29%
8101,華冠,9,3,0,0.00%,83.33%,100.00%
8103,瀚荃,7,3,1,14.29%,95.71%,100.00%
8104,錸寶,9,3,3,33.00%,98.15%,100.00%
8105,凌巨,7,3,0,0.00%,89.80%,100.00%
8110,華東,9,3,0,0.00%,86.00%,89.00%
8112,至上,7,3,1,14.29%,85.71%,100.00%
8114,振樺電,9,3,2,22.22%,98.15%,100.00%
8131,福懋科,11,3,1,9.09%,86.36%,100.00%
8150,南茂,9,5,3,33.33%,94.44%,100.00%
8163,達方,9,4,1,11.11%,98.00%,100.00%
8201,無敵,7,3,0,0.00%,100.00%,100.00%
8210,勤誠,5,4,3,33.33%,98.76%,100.00%
8213,志超,15,3,5,33.33%,95.90%,33.33%
8215,明基材,8,3,0,0.00%,100.00%,100.00%
8222,寶一,7,3,2,28.57%,100.00%,100.00%
8249,菱光,7,3,1,14.29%,92.37%,100.00%
8261,富鼎,7,3,1,14.28%,97.62%,100.00%
8271,宇瞻,9,3,1,11.11%,95.00%,100.00%
8341,日友,7,3,0,0.00%,100.00%,100.00%
8367,建新國際,11,3,1,9.09%,92.56%,100.00%
8374,羅昇,9,3,2,22.22%,100.00%,100.00%
8404,百和興業-KY,8,3,0,0.00%,98.57%,100.00%
8411,福貞-KY,7,3,2,28.57%,95.92%,100.00%
8422,可寧衛,6,3,0,0.00%,100.00%,100.00%
8429,金麗-KY,7,3,0,0.00%,83.00%,100.00%
8438,昶昕,9,3,2,22.22%,100.00%,100.00%
8442,威宏-KY,9,3,0,0.00%,94.00%,100.00%
8443,阿瘦,7,3,1,14.29%,96.43%,100.00%
8454,富邦媒,9,3,1,11.11%,100.00%,100.00%
8462,柏文,7,3,2,28.57%,95.60%,100.00%
8463,潤泰材,9,3,1,11.11%,90.28%,100.00%
8464,億豐,9,3,0,0.00%,98.60%,100.00%
8466,美吉吉-KY,8,2,0,0.00%,94.44%,100.00%
8467,波力-KY,7,3,2,28.57%,95.24%,86.00%
8473,山林水,9,3,1,11.00%,84.00%,100.00%
8476,台境*,7,3,1,14.29%,88.31%,100.00%
8478,東哥遊艇,6,3,0,0.00%,100.00%,100.00%
8481,政伸,11,3,1,9.00%,100.00%,100.00%
8482,商億-KY,4,3,1,14.00%,98.00%,100.00%
8488,吉源-KY,9,3,1,11.11%,100.00%,100.00%
8499,鼎炫-KY,7,3,3,42.86%,100.00%,100.00%
8926,台汽電,13,3,1,8.00%,95.73%,100.00%
8940,新天地,7,3,2,28.57%,100.00%,100.00%
8996,高力,9,3,0,0.00%,100.00%,100.00%
9802,鈺齊-KY,8,5,1,12.50%,100.00%,100.00%
9902,台火,7,3,0,0.00%,100.00%,100.00%
9904,寶成,9,3,2,22.00%,100.00%,100.00%
9905,大華,10,3,2,20.00%,93.33%,50.00%
9906,欣巴巴,6,2,4,66.67%,94.87%,100.00%
9907,統一實,10,3,1,10.00%,100.00%,100.00%
9908,大台北,15,3,2,13.30%,93.30%,86.60%
9910,豐泰,13,4,1,7.69%,100.00%,100.00%
9911,櫻花,9,3,0,0.00%,97.00%,100.00%
9912,偉聯,7,3,2,28.57%,100.00%,100.00%
9914,美利達,13,4,3,23.00%,98.00%,100.00%
9917,中保科,11,3,1,9.09%,97.27%,100.00%
9918,欣天然,24,5,3,12.50%,88.37%,79.17%
9919,康那香,9,3,3,33.33%,98.84%,100.00%
9921,巨大,11,3,1,9.09%,98.70%,100.00%
9924,福興,10,3,1,10.00%,96.00%,100.00%
9925,新保,9,4,0,0.00%,86.87%,66.67%
9926,新海,15,3,2,13.33%,79.38%,46.67%
9927,泰銘,9,3,0,0.00%,96.00%,55.56%
9928,中視,9,3,2,22.22%,95.24%,77.78%
9929,秋雨,6,2,0,0.00%,97.40%,14.30%
9930,中聯資源,15,3,0,0.00%,89.00%,100.00%
9931,欣高,9,3,2,22.00%,100.00%,70.00%
9933,中鼎,12,4,1,8.33%,94.05%,100.00%
9934,成霖,6,3,1,16.67%,96.30%,83.33%
9935,慶豐富,7,3,0,0.00%,98.57%,42.86%
9937,全國,9,3,2,22.22%,96.67%,100.00%
9938,百和,8,3,2,25.00%,100.00%,100.00%
9939,宏全,9,3,1,11.00%,98.00%,66.70%
9940,信義,7,4,1,14.29%,96.00%,100.00%
9941,裕融,11,4,1,9.09%,93.50%,100.00%
9942,茂順,9,3,3,33.33%,90.48%,100.00%
9943,好樂迪,7,2,2,28.57%,96.43%,71.43%
9944,新麗,7,3,4,57.00%,100.00%,100.00%
9945,潤泰新,9,3,3,33.33%,87.18%,100.00%
9946,三發地產,7,3,0,0.00%,100.00%,100.00%
9955,佳龍,7,3,0,0.00%,92.86%,100.00%
9958,世紀鋼,9,3,1,0.11%,100.00%,100.00%
