,股票代號,公司名稱,產業類別,直接(範疇一)溫室氣體排放量(公噸CO₂e),能源間接(範疇二)溫室氣體排放量(公噸CO₂e),其他間接(範疇三)溫室氣體排放量(公噸CO₂e),溫室氣體排放密集度,再生能源使用率,用水量(公噸(t)),用水密集度,有害廢棄物(公噸(t)),非有害廢棄物(公噸(t)),總重量(有害+非有害)(公噸(t)),廢棄物密集度,員工福利平均數(仟元/人),員工薪資平均數(仟元/人),非擔任主管職務之全時員工薪資平均數(仟元/人),非擔任主管職務之全時員工薪資中位數(仟元/人),管理職女性主管占比,職業災害人數,職業災害比率,火災件數,火災死傷人數,火災比率(死傷人數/員工總人數),董事會席次(席),獨立董事席次(席),女性董事比率,董事出席董事會出席率,公司年度召開法說會次數(次),ESG_ByPR
0,1101,台泥,水泥工業,99,99,99,71,99,29,43,15,99,99,99,71,71,85,85,43,99,57,15,15,15,99,99,71,71,71,70
1,1102,亞泥,水泥工業,85,85,85,99,71,99,57,29,57,57,85,99,99,99,99,57,57,71,29,29,29,85,85,29,15,99,69
2,1103,嘉泥,水泥工業,15,15,15,15,57,43,99,43,15,43,71,85,85,71,71,99,85,99,43,43,43,43,57,57,57,85,56
3,1104,環泥,水泥工業,43,43,43,43,15,57,29,57,85,85,29,57,57,57,57,15,71,85,99,57,57,29,71,43,99,57,55
4,1108,幸福,水泥工業,71,71,57,85,43,85,71,71,71,71,43,15,15,15,15,71,15,15,57,71,71,15,43,99,85,43,53
5,1109,信大,水泥工業,57,57,71,57,29,71,85,85,43,29,57,29,29,29,29,29,29,29,71,85,85,57,29,15,29,29,48
6,1110,東泥,水泥工業,29,29,29,29,85,15,15,99,29,15,15,43,43,43,43,85,43,43,85,99,99,71,15,85,43,15,48
7,1201,味全,食品工業,39,31,19,51,51,19,63,35,27,27,79,59,55,59,63,51,59,71,99,99,99,79,15,11,79,47,53
8,1203,味王,食品工業,63,79,87,35,35,67,27,27,75,75,67,27,27,27,35,31,43,23,31,23,23,99,39,35,11,43,44
9,1210,大成,食品工業,19,23,15,47,11,23,87,51,15,15,47,55,59,63,59,39,27,51,11,27,27,23,63,15,71,95,40
10,1213,大飲,食品工業,83,87,71,87,71,83,15,55,99,99,63,15,15,11,11,91,91,87,35,31,31,35,43,39,87,15,56
11,1215,卜蜂,食品工業,23,27,43,55,39,27,19,59,19,19,27,63,63,55,31,63,19,31,39,35,35,31,83,19,99,19,40
12,1216,統一,食品工業,15,11,11,11,19,11,91,31,11,11,11,87,87,91,95,47,71,75,43,39,39,95,95,59,67,99,51
13,1217,愛之味,食品工業,87,75,99,67,23,63,99,63,55,55,59,35,35,43,43,59,47,11,47,43,43,39,19,23,15,23,49
14,1218,泰山,食品工業,67,71,91,95,99,39,11,19,63,63,15,39,31,23,27,15,51,43,51,47,47,43,23,79,31,27,47
15,1219,福壽,食品工業,55,63,55,83,27,55,55,71,47,47,55,43,43,39,51,27,55,47,19,51,51,47,27,71,35,31,48
16,1220,台榮,食品工業,31,59,35,15,91,35,79,99,79,79,99,31,39,35,39,11,67,59,55,55,55,87,31,67,47,35,54
17,1225,福懋油,食品工業,71,91,47,99,31,79,23,43,71,71,43,51,51,51,55,23,79,79,27,19,19,51,35,83,39,39,53
18,1227,佳格,食品工業,35,47,27,79,95,43,51,15,43,43,51,79,75,75,75,75,31,55,59,59,59,19,99,47,19,11,53
19,1229,聯華,食品工業,91,35,95,91,79,87,75,79,95,95,91,99,99,67,67,43,83,83,67,67,67,59,11,43,91,83,75
20,1231,聯華食,食品工業,51,51,51,75,87,47,43,83,31,31,31,47,47,47,47,87,11,15,15,11,11,63,47,91,95,79,50
21,1232,大統益,食品工業,43,19,79,27,43,71,59,87,59,59,71,91,91,99,99,55,87,91,71,71,71,83,79,31,43,51,67
22,1233,天仁,食品工業,95,83,67,71,63,75,35,91,67,67,39,19,19,31,23,99,35,39,75,75,75,67,51,27,75,55,58
23,1234,黑松,食品工業,47,55,39,63,55,31,83,95,51,51,95,67,67,79,79,35,75,67,79,79,79,91,55,63,27,59,64
24,1235,興泰,食品工業,99,99,75,19,67,99,47,47,87,87,83,11,11,15,15,67,95,95,83,83,83,15,59,55,63,63,62
25,1236,宏亞,食品工業,75,67,63,31,83,91,71,67,83,83,87,23,23,19,19,95,39,27,87,87,87,11,91,99,55,67,63
26,1256,鮮活果汁-KY,食品工業,79,39,83,39,15,59,31,39,35,35,19,71,71,71,71,79,23,19,91,91,91,27,67,51,83,71,56
27,1702,南僑,食品工業,11,15,23,43,59,15,95,11,23,23,35,95,95,95,87,71,15,35,95,95,95,71,71,87,23,87,57
28,1737,臺鹽,食品工業,27,95,59,23,75,95,67,75,91,91,75,83,83,87,91,19,63,63,63,63,63,75,75,75,59,75,70
29,3054,立萬利,食品工業,59,43,31,59,47,51,39,23,39,39,23,75,79,83,83,83,99,99,23,15,15,55,87,95,51,91,57
30,1301,台塑,塑膠工業,4,0,4,0,0,4,14,9,0,0,14,99,99,99,99,44,49,44,99,99,99,99,99,74,34,99,49
31,1303,南亞,塑膠工業,9,9,9,19,34,9,19,4,9,9,29,64,69,74,74,9,19,54,9,9,9,89,29,64,59,84,34
32,1304,台聚,塑膠工業,54,24,24,74,4,44,74,54,84,84,99,79,79,79,79,0,54,29,14,14,14,49,89,9,24,94,51
33,1305,華夏,塑膠工業,39,19,34,29,19,19,89,44,49,49,84,49,54,64,64,14,14,19,19,19,19,39,9,19,14,89,38
34,1307,三芳,塑膠工業,94,79,79,24,99,69,49,29,69,69,49,69,74,34,59,39,4,4,24,24,24,34,14,34,9,14,45
35,1308,亞聚,塑膠工業,69,29,39,64,24,54,84,84,79,79,94,89,89,89,89,4,84,89,29,29,29,54,84,49,19,59,61
36,1309,台達化,塑膠工業,64,34,54,94,29,49,94,79,59,59,79,74,64,69,69,59,79,84,34,34,34,44,19,69,49,64,59
37,1310,台苯,塑膠工業,34,44,19,44,49,29,79,74,54,54,74,59,49,59,54,64,74,79,39,39,39,79,79,59,29,49,54
38,1312,國喬,塑膠工業,19,59,29,14,44,24,9,99,14,19,9,54,59,54,49,84,69,74,44,44,44,9,0,89,44,44,42
39,1313,聯成,塑膠工業,44,84,64,79,74,59,44,19,64,64,44,84,84,84,84,34,39,9,4,4,4,74,24,44,69,79,52
40,1314,中石化,塑膠工業,14,14,14,9,39,14,4,0,19,14,4,29,29,24,24,29,44,39,49,49,49,59,39,0,4,69,26
41,1315,達新,塑膠工業,84,94,99,69,64,94,59,89,99,99,59,19,19,19,19,94,59,59,59,59,59,64,34,39,39,39,61
42,1321,大洋,塑膠工業,89,39,59,99,89,99,99,69,74,74,89,24,24,29,29,49,9,0,64,64,64,69,94,94,79,34,62
43,1323,永裕,塑膠工業,99,89,84,84,69,79,34,94,89,94,69,14,14,14,14,74,24,24,69,69,69,84,69,29,74,29,60
44,1324,地球,塑膠工業,79,99,89,89,79,84,39,49,94,89,54,9,9,9,4,89,64,64,74,74,74,0,44,24,84,24,57
45,1325,恆大,塑膠工業,59,54,69,54,59,74,54,24,39,39,39,0,0,0,0,99,89,69,79,79,79,29,74,99,64,19,52
46,1326,台化,塑膠工業,0,4,0,4,54,0,0,64,4,4,0,94,94,94,94,19,29,49,84,84,84,94,49,54,0,74,43
47,1337,再生-KY,塑膠工業,29,74,49,39,14,39,24,34,24,29,19,34,34,39,34,54,94,94,89,89,89,24,54,14,89,9,47
48,1340,勝悅-KY,塑膠工業,24,69,44,34,9,34,29,39,29,24,24,39,39,44,39,24,99,99,94,94,94,19,59,79,94,4,49
49,1341,富林-KY,塑膠工業,49,64,74,59,84,64,69,14,44,44,34,44,44,49,44,79,34,34,54,54,54,4,64,4,54,0,47
50,4306,炎洲,塑膠工業,74,49,94,49,94,89,64,59,34,34,64,4,4,4,9,69,0,14,0,0,0,14,4,84,99,54,41
51,1316,上曜,建材營造,91,73,55,99,43,91,93,99,61,61,57,21,27,11,1,61,99,99,99,99,99,33,97,95,99,93,71
52,1436,華友聯,建材營造,93,87,53,57,15,99,79,45,25,33,49,41,45,51,55,91,51,51,47,45,45,71,93,5,59,5,53
53,1438,三地開發,建材營造,11,11,43,31,93,1,15,43,33,25,29,25,23,0,0,37,49,49,45,43,43,27,33,85,75,33,35
54,1439,雋揚,建材營造,43,95,65,11,37,79,71,41,93,97,71,45,43,15,37,95,47,47,43,41,41,25,31,33,17,69,51
55,1442,名軒,建材營造,81,91,51,47,35,85,81,39,23,37,51,61,65,65,77,93,47,47,41,39,39,23,29,87,67,53,56
56,1453,大將,建材營造,3,3,9,29,33,0,9,37,5,5,5,1,0,0,7,71,45,45,39,37,37,21,27,39,21,55,22
57,1456,怡華,建材營造,89,93,63,9,31,65,55,35,79,77,75,19,17,0,3,27,43,43,37,35,35,89,73,53,73,57,49
58,1472,三洋實業,建材營造,57,57,91,39,29,45,1,33,55,49,77,31,35,27,13,33,41,41,35,33,33,0,25,47,71,47,40
59,1805,寶徠,建材營造,15,15,49,1,27,9,0,31,39,31,25,43,51,5,17,57,39,39,33,31,31,67,23,61,35,29,31
60,1808,潤隆,建材營造,97,75,29,95,25,87,91,29,7,7,41,59,55,67,63,45,37,37,31,29,29,19,21,45,0,25,44
61,2442,新美齊,建材營造,59,81,35,41,23,43,17,27,53,47,83,77,25,81,65,29,31,31,29,27,27,17,19,0,29,71,41
62,2501,國建,建材營造,27,39,75,51,21,61,73,23,45,41,0,51,61,63,71,55,9,7,0,25,25,59,17,25,39,15,38
63,2504,國產,建材營造,0,17,0,0,89,15,19,1,31,53,13,63,79,59,75,15,0,1,25,21,21,91,95,21,61,67,36
64,2505,國揚,建材營造,0,21,1,0,19,27,67,21,97,79,87,67,71,57,61,1,33,33,3,0,0,61,35,27,33,23,36
65,2506,太設,建材營造,77,55,47,97,39,95,97,19,81,83,69,0,0,13,19,0,23,23,23,19,19,63,37,17,97,49,45
66,2509,全坤建,建材營造,45,79,69,49,17,73,47,17,89,91,63,9,9,21,29,99,19,19,21,17,17,3,11,0,79,27,39
67,2511,太子,建材營造,23,23,41,43,95,13,37,0,9,57,15,15,19,23,27,67,29,29,19,15,15,99,99,51,23,91,38
68,2516,新建,建材營造,17,31,11,61,13,33,47,15,47,59,37,0,1,1,0,5,0,0,17,13,13,77,9,59,0,21,23
69,2520,冠德,建材營造,51,69,87,83,11,0,11,13,0,0,9,85,89,69,73,83,25,25,15,11,11,69,7,29,0,75,38
70,2524,京城,建材營造,67,47,79,59,9,89,83,11,99,99,73,49,49,43,43,65,27,27,13,9,9,55,79,67,15,19,49
71,2527,宏璟,建材營造,83,19,5,23,7,25,7,9,67,65,19,65,69,31,51,87,53,53,11,7,7,87,5,89,47,17,39
72,2528,皇普,建材營造,95,99,25,0,5,77,57,7,63,63,67,29,37,25,11,0,35,35,9,5,5,15,83,0,9,77,36
73,2530,華建,建材營造,87,37,27,45,3,55,87,5,15,13,47,73,75,73,67,73,57,57,7,3,3,29,3,1,81,13,40
74,2534,宏盛,建材營造,31,33,0,7,1,17,29,3,51,47,0,11,11,39,35,19,59,59,5,1,1,13,1,77,51,11,24
75,2535,達欣工,建材營造,25,25,81,65,0,35,51,47,27,21,39,71,77,83,85,7,3,13,47,0,0,11,3,3,65,79,37
76,2536,宏普,建材營造,71,89,59,91,0,97,95,25,41,39,55,83,91,87,91,63,97,97,27,47,47,9,89,79,57,9,63
77,2537,聯上發,建材營造,5,5,23,27,0,3,13,47,13,11,23,17,15,35,59,75,55,55,49,47,47,7,3,93,63,7,31
78,2538,基泰,建材營造,7,7,15,33,97,5,5,51,37,29,31,97,83,93,81,0,95,95,77,49,49,85,39,23,11,1,46
79,2539,櫻花建,建材營造,53,35,99,85,41,41,89,97,69,67,91,37,39,55,53,39,15,0,97,51,51,7,3,81,83,3,53
80,2540,愛山林,建材營造,9,9,17,35,87,7,3,95,35,27,33,99,99,99,99,53,93,93,95,97,97,7,13,83,7,1,54
81,2542,興富發,建材營造,33,45,67,73,45,59,77,93,57,51,89,35,41,61,41,79,91,91,93,95,95,5,0,49,53,1,58
82,2543,皇昌,建材營造,41,0,13,17,85,21,33,91,11,9,7,0,0,9,0,23,7,9,91,93,93,31,45,43,45,1,31
83,2545,皇翔,建材營造,61,49,31,53,83,75,61,89,73,71,21,33,29,77,79,3,89,89,89,91,91,83,77,71,55,1,62
84,2546,根基,建材營造,19,27,3,63,81,31,45,87,17,15,35,5,7,33,31,9,5,11,87,89,89,65,67,11,25,81,40
85,2547,日勝生,建材營造,47,71,89,67,79,63,65,85,91,93,65,53,57,49,49,89,87,87,85,87,87,75,91,15,69,83,72
86,2548,華固,建材營造,85,83,73,93,77,69,23,83,85,87,99,95,97,97,97,41,85,85,83,85,85,81,87,55,41,95,79
87,2597,潤弘,建材營造,21,47,39,71,75,19,41,81,1,1,11,55,67,79,69,11,83,83,0,83,83,73,59,31,3,31,47
88,2923,鼎固-KY,建材營造,1,0,37,19,91,0,0,79,3,3,3,93,59,85,57,85,81,81,81,81,81,93,85,65,19,65,52
89,3052,夆典,建材營造,35,67,47,79,73,71,69,77,87,89,97,23,21,3,5,21,79,79,79,79,79,51,81,69,85,63,62
90,3056,富華新,建材營造,63,51,97,47,71,51,27,75,95,95,85,47,53,53,23,77,17,17,75,77,77,53,51,91,37,61,60
91,3266,昇陽,建材營造,69,77,83,87,69,93,99,73,83,85,95,91,95,95,95,31,77,77,53,75,75,1,49,13,87,59,73
92,3703,欣陸,建材營造,0,0,21,37,99,11,35,0,0,0,17,87,81,45,45,13,1,15,0,73,73,39,41,97,89,99,39
93,5515,建國,建材營造,37,53,19,13,67,67,53,71,47,43,59,13,13,47,33,25,0,0,73,71,71,95,43,9,49,85,44
94,5519,隆大,建材營造,55,61,93,21,65,47,85,69,71,69,81,75,73,75,83,0,75,75,71,69,69,43,69,7,91,87,65
95,5521,工信,建材營造,29,43,0,55,63,37,39,67,0,0,1,0,0,0,0,17,73,73,69,67,67,45,71,35,93,51,38
96,5522,遠雄,建材營造,39,29,7,15,61,23,49,65,21,19,43,89,93,89,93,59,71,71,67,65,65,49,47,41,0,89,52
97,5525,順天,建材營造,49,63,95,81,59,47,63,63,77,75,79,79,87,91,89,47,69,69,65,63,63,97,53,19,1,45,65
98,5531,鄉林,建材營造,47,65,33,69,57,53,21,61,59,55,61,3,3,7,9,69,13,5,63,61,61,47,55,75,5,43,42
99,5533,皇鼎,建材營造,99,85,57,89,55,83,75,59,65,81,47,57,33,37,47,97,67,67,61,59,59,57,57,63,95,41,65
100,5534,長虹,建材營造,79,97,71,77,53,81,25,57,43,35,53,81,85,71,87,35,65,65,59,57,57,79,75,57,43,39,63
101,5546,永固-KY,建材營造,73,1,77,25,51,29,43,55,29,23,0,7,5,19,21,49,63,63,57,55,55,35,61,73,13,37,39
102,6177,達麗,建材營造,75,41,85,75,49,39,59,53,49,45,45,69,63,17,25,43,61,61,55,53,53,41,63,37,27,35,51
103,9906,欣巴巴,建材營造,13,13,45,3,47,49,0,49,19,17,27,27,31,29,15,51,11,3,51,23,23,37,65,99,31,97,34
104,9946,三發地產,建材營造,65,59,61,5,0,57,31,0,75,73,93,39,47,41,39,81,21,21,1,0,0,7,15,0,77,73,38
105,1319,東陽,汽車工業,0,0,30,36,51,0,18,3,21,18,45,63,60,66,66,24,42,42,99,99,99,18,30,57,42,96,43
106,1338,廣華-KY,汽車工業,27,15,12,0,60,3,99,6,36,30,96,15,15,0,6,54,48,48,42,42,42,0,21,0,57,75,33
107,1339,昭輝,汽車工業,87,87,75,42,30,84,30,66,87,75,0,48,57,57,24,60,33,9,39,39,39,36,60,96,27,39,51
108,1512,瑞利,汽車工業,45,30,15,0,12,18,9,9,42,39,63,42,39,21,15,18,54,54,36,36,36,0,3,6,15,0,25
109,1521,大億,汽車工業,45,36,99,39,27,45,45,45,93,93,0,36,30,42,54,9,57,57,33,33,33,0,3,48,0,0,39
110,1522,堤維西,汽車工業,51,33,36,66,33,36,66,78,39,36,78,21,21,30,45,66,0,3,30,30,30,42,3,0,21,3,34
111,1524,耿鼎,汽車工業,57,51,3,54,0,42,87,75,51,54,87,45,48,36,39,30,18,12,27,27,27,45,66,33,0,6,39
112,1525,江申,汽車工業,39,69,66,48,78,75,54,84,54,57,48,33,33,48,57,0,66,66,24,24,24,81,3,9,81,36,48
113,1533,車王電,汽車工業,60,84,90,93,75,90,39,72,69,69,45,0,0,18,12,78,24,21,0,18,18,93,69,18,18,42,47
114,1536,和大,汽車工業,21,0,54,15,63,69,42,0,0,78,69,51,45,27,51,3,0,0,0,3,3,96,96,69,0,21,34
115,1563,巧新,汽車工業,0,0,18,6,24,0,3,24,6,3,15,24,24,9,3,51,30,36,15,15,15,78,75,60,33,93,25
116,1568,倉佑,汽車工業,69,63,60,27,69,78,93,69,45,45,24,27,27,24,36,57,78,78,12,12,12,48,3,30,78,30,46
117,1587,吉茂,汽車工業,33,21,57,33,42,63,33,0,0,0,9,0,3,0,0,72,81,81,9,9,9,30,78,42,75,9,30
118,2115,六暉-KY,汽車工業,18,27,6,0,39,33,12,27,24,24,60,6,6,0,0,75,84,84,6,6,6,57,6,99,72,15,30
119,2201,裕隆,汽車工業,15,54,45,90,57,21,63,42,9,6,51,81,78,75,78,0,15,24,3,0,0,54,9,36,6,84,38
120,2204,中華,汽車工業,12,42,0,87,99,24,75,33,3,0,42,87,87,93,87,21,0,6,0,0,0,75,12,63,63,87,42
121,2206,三陽工業,汽車工業,0,12,21,78,48,0,48,87,0,0,36,90,93,87,93,15,36,39,0,0,0,87,90,21,39,45,41
122,2207,和泰車,汽車工業,24,24,63,30,21,72,24,60,63,63,75,99,99,99,99,63,96,96,45,45,45,99,15,45,69,78,62
123,2227,裕日車,汽車工業,54,99,42,99,54,0,0,99,99,99,99,93,90,90,96,12,99,99,45,45,45,90,18,24,54,51,65
124,2228,劍麟,汽車工業,75,57,39,45,93,54,36,45,57,60,57,60,63,39,33,36,45,45,48,48,48,0,3,81,99,48,51
125,2231,為升,汽車工業,90,66,69,81,0,66,72,0,0,0,3,39,54,45,42,39,27,15,51,51,51,27,93,78,30,0,42
126,2233,宇隆,汽車工業,78,72,72,60,66,81,57,36,45,45,33,66,66,33,27,84,45,45,96,96,96,63,24,0,12,81,57
127,2236,百達-KY,汽車工業,6,6,27,9,9,12,0,18,12,12,21,0,0,72,75,0,93,93,93,93,93,3,57,84,9,12,35
128,2239,英利-KY,汽車工業,96,96,87,84,72,93,45,57,75,81,12,18,18,6,9,48,90,90,90,90,90,6,27,0,0,72,56
129,2241,艾姆勒,汽車工業,66,60,0,24,0,45,84,51,66,66,90,72,75,63,69,27,12,0,87,87,87,9,54,51,48,27,51
130,2243,宏旭-KY,汽車工業,9,9,24,12,15,9,0,15,15,9,18,0,0,12,21,0,87,87,84,84,84,12,33,54,0,24,28
131,2247,汎德永業,汽車工業,48,45,45,96,0,39,81,63,60,42,93,84,84,81,81,93,9,27,81,81,81,15,36,15,60,66,58
132,2250,IKKA-KY,汽車工業,3,3,33,18,6,6,15,30,18,15,0,3,0,15,18,99,75,75,78,78,78,51,39,3,36,18,31
133,2254,巨鎧精密-創,汽車工業,30,39,9,3,18,30,6,21,33,33,54,0,0,0,0,42,21,0,75,75,75,33,42,66,66,0,30
134,2258,鴻華先進-創,汽車工業,81,93,84,75,81,87,51,90,48,51,30,96,96,96,90,6,0,0,72,72,72,72,87,93,84,69,68
135,2497,怡利電,汽車工業,84,78,93,72,84,60,96,93,96,96,72,69,69,54,63,0,72,72,69,69,69,0,84,27,45,63,67
136,3346,麗清,汽車工業,93,81,81,69,96,96,69,48,84,84,6,75,72,78,72,96,69,69,66,66,66,69,81,90,87,60,74
137,4551,智伸科,汽車工業,42,0,0,0,0,15,21,0,27,21,27,78,81,84,84,87,63,63,63,63,63,21,72,75,3,99,44
138,4557,永新-KY,汽車工業,99,90,96,45,87,99,60,54,81,87,0,54,42,60,48,81,60,60,60,60,60,66,51,0,90,0,61
139,4569,六方科-KY,汽車工業,72,48,51,21,36,27,0,12,72,48,39,12,12,3,0,90,6,18,57,57,57,60,48,39,24,57,37
140,4581,光隆精密-KY,汽車工業,63,75,48,51,90,57,27,96,90,90,81,9,9,0,0,45,51,51,54,54,54,24,45,72,93,54,53
141,6288,聯嘉,汽車工業,0,45,0,63,3,48,90,39,78,72,84,57,51,69,30,33,39,33,21,21,21,39,63,12,96,90,46
142,6605,帝寶,汽車工業,36,18,78,57,45,51,78,81,30,27,66,30,36,51,60,69,3,30,18,0,0,84,99,87,51,33,47
194,1402,遠東新,紡織纖維,19,19,19,61,69,21,81,19,19,19,79,91,91,95,93,59,23,55,99,99,99,95,53,69,77,97,62
195,1409,新纖,紡織纖維,23,21,69,51,87,33,85,75,29,35,37,63,63,81,87,37,47,67,55,55,55,87,23,37,35,33,53
196,1410,南染,紡織纖維,55,77,23,69,93,47,51,31,65,47,55,95,95,51,51,63,75,69,53,53,53,33,75,25,71,47,59
197,1413,宏洲,紡織纖維,61,49,21,47,67,19,19,47,81,77,69,49,49,73,69,31,73,71,51,51,51,91,77,73,25,45,55
198,1414,東和,紡織纖維,91,71,61,27,49,97,97,67,61,71,23,19,19,21,23,45,55,31,49,49,49,35,47,65,51,43,51
199,1417,嘉裕,紡織纖維,51,43,45,71,83,43,53,35,59,43,57,65,67,59,67,89,63,53,47,47,47,25,45,67,89,41,56
200,1418,東華,紡織纖維,95,93,75,37,47,93,45,69,93,97,75,87,87,69,61,49,69,75,45,45,45,43,43,27,43,39,63
201,1419,新紡,紡織纖維,69,53,97,67,45,67,65,71,73,79,73,77,75,87,85,85,61,59,43,43,43,37,41,29,61,37,62
202,1423,利華,紡織纖維,87,59,47,99,79,73,99,73,83,87,99,61,65,53,49,73,71,77,41,41,41,21,39,99,83,49,67
203,1434,福懋,紡織纖維,25,29,55,59,23,25,23,41,31,33,43,21,21,55,45,23,43,33,39,39,39,77,37,43,81,77,41
204,1440,南紡,紡織纖維,29,33,25,49,21,51,43,63,55,65,71,43,43,77,77,33,41,23,37,37,37,99,83,89,55,93,53
205,1441,大東,紡織纖維,57,75,95,43,85,49,41,33,67,49,53,85,85,75,75,65,67,83,35,35,35,39,81,61,97,79,63
206,1444,力麗,紡織纖維,31,23,35,25,57,61,87,79,43,53,83,29,23,25,21,57,51,57,33,33,33,57,49,55,19,35,44
207,1445,大宇,紡織纖維,45,91,51,93,71,63,37,43,97,69,65,69,71,85,83,39,79,85,31,31,31,71,35,41,63,31,60
208,1446,宏和,紡織纖維,73,47,49,21,27,81,31,81,87,91,67,75,79,79,59,43,99,87,29,29,29,63,31,81,29,29,58
209,1447,力鵬,紡織纖維,21,31,57,29,59,23,55,49,23,25,59,47,39,47,55,55,49,51,27,27,27,49,29,83,33,27,41
210,1449,佳和,紡織纖維,63,35,73,23,91,37,91,83,69,73,31,25,27,35,47,25,45,47,25,25,25,93,87,33,27,25,48
211,1451,年興,紡織纖維,67,55,59,79,63,29,21,21,33,23,21,67,55,29,29,53,19,19,23,23,23,65,27,35,59,23,39
212,1452,宏益,紡織纖維,89,51,87,45,19,71,83,85,85,89,91,57,61,57,37,69,37,21,57,57,57,61,25,53,65,21,59
213,1454,台富,紡織纖維,79,79,41,77,65,85,67,57,45,55,25,39,37,45,57,29,87,97,21,21,21,51,91,85,45,89,57
214,1455,集盛,紡織纖維,39,25,27,41,77,57,79,99,47,59,81,51,51,71,71,27,39,41,19,59,59,67,19,51,39,53,52
215,1457,宜進,紡織纖維,93,99,81,95,29,89,77,87,91,95,87,93,93,89,89,93,89,79,63,63,63,47,21,93,21,51,76
216,1459,聯發,紡織纖維,97,69,63,35,31,87,75,89,79,85,85,59,57,19,19,41,91,81,97,97,97,53,33,19,49,75,65
217,1460,宏遠,紡織纖維,27,37,71,39,89,35,25,53,25,29,35,41,33,31,31,21,33,37,95,95,95,69,51,47,31,73,48
218,1463,強盛,紡織纖維,43,97,37,87,73,59,89,39,99,57,63,27,29,27,25,67,93,95,93,93,93,73,71,75,47,55,66
219,1464,得力,紡織纖維,33,45,39,81,33,91,95,91,37,41,95,33,35,43,41,71,31,29,91,91,91,31,73,91,79,91,62
220,1465,偉全,紡織纖維,65,39,85,83,35,31,27,27,39,37,33,31,31,37,35,83,97,93,89,89,89,59,95,59,37,61,57
221,1466,聚隆,紡織纖維,77,41,83,33,37,65,33,93,71,75,61,55,53,61,73,47,59,45,87,87,87,75,93,77,73,63,66
222,1467,南緯,紡織纖維,85,87,89,85,41,69,59,65,75,81,93,79,73,83,79,35,81,91,85,85,85,79,57,49,85,65,75
223,1468,昶和,紡織纖維,99,89,79,57,39,95,61,51,41,51,19,45,47,39,63,51,77,89,83,83,83,41,89,63,87,87,66
224,1470,大統新創,紡織纖維,59,85,33,31,75,55,29,95,53,63,51,35,41,49,33,75,95,99,81,81,81,81,85,31,41,85,62
225,1473,台南,紡織纖維,81,95,91,97,55,79,93,59,89,93,97,73,77,67,43,99,53,39,79,79,79,83,65,97,53,83,77
226,1474,弘裕,紡織纖維,75,65,29,73,43,83,73,97,57,67,89,37,45,41,53,81,57,49,77,77,77,85,67,45,91,81,66
227,1475,業旺,紡織纖維,53,73,93,63,81,45,47,29,63,45,49,81,81,63,81,61,85,65,75,75,75,19,69,79,93,71,66
228,1476,儒鴻,紡織纖維,35,27,43,75,61,27,39,45,21,21,39,89,89,93,95,77,27,61,73,73,73,89,97,39,69,95,60
229,1477,聚陽,紡織纖維,47,57,31,89,95,53,63,37,27,27,47,99,99,99,99,95,35,35,71,71,71,97,79,95,67,99,69
230,4414,如興,紡織纖維,41,61,53,65,97,41,49,25,35,31,45,97,97,97,97,97,21,43,69,69,69,45,63,87,75,69,63
231,4426,利勤,紡織纖維,49,83,77,19,51,99,71,61,95,99,29,23,25,33,39,87,29,25,67,67,67,23,61,71,23,67,55
232,4438,廣越,紡織纖維,71,81,65,91,53,77,69,55,49,61,27,83,83,91,91,91,83,73,65,65,65,29,59,23,95,59,67
233,4439,冠星-KY,紡織纖維,37,63,67,55,99,39,35,23,51,39,41,71,69,65,65,79,25,27,61,61,61,27,55,21,57,57,52
234,4440,宜新實業,紡織纖維,83,67,99,53,25,75,57,77,77,83,77,53,59,23,27,19,65,63,59,19,19,55,99,57,99,19,58
235,1432,大魯閣,運動休閒,51,45,33,69,15,51,39,39,39,39,39,3,3,9,9,75,69,99,99,99,99,3,93,57,9,21,46
236,1598,岱宇,運動休閒,81,93,57,99,51,69,81,99,99,99,93,9,9,3,3,39,63,33,15,15,15,39,57,45,75,57,54
237,1736,喬山,運動休閒,33,63,21,81,3,39,21,45,45,45,51,27,27,45,45,81,27,21,21,21,21,99,87,93,15,75,44
238,2762,世界健身-KY,運動休閒,15,15,9,51,81,9,45,9,15,15,21,57,57,87,69,15,15,15,27,27,27,57,81,3,27,9,33
239,4536,拓凱,運動休閒,69,33,27,63,27,45,33,33,51,51,33,81,63,33,21,45,75,45,33,33,33,75,75,33,57,39,46
240,5306,桂盟,運動休閒,93,81,81,3,9,81,27,93,93,93,45,39,39,63,75,57,99,81,39,39,39,9,9,81,93,69,59
241,6670,復盛應用,運動休閒,39,57,15,57,63,57,57,51,33,33,15,33,33,69,63,21,51,27,45,45,45,15,15,9,45,87,42
242,6768,志強-KY,運動休閒,99,99,99,21,57,99,51,87,81,81,63,63,75,75,87,63,93,69,9,9,9,45,21,15,87,33,61
243,6890,來億-KY,運動休閒,21,21,45,33,93,27,3,27,27,27,9,69,69,93,81,3,3,51,51,51,51,63,39,39,3,3,39
244,8462,柏文,運動休閒,63,39,63,15,45,93,93,75,75,75,57,93,99,27,39,87,33,9,63,63,63,33,27,75,69,27,58
245,8467,波力-KY,運動休閒,75,69,87,9,39,87,63,69,69,69,69,75,81,51,51,51,39,3,69,69,69,27,33,87,39,15,56
246,8478,東哥遊艇,運動休閒,87,87,69,93,33,75,75,63,63,63,75,87,87,81,93,27,81,87,75,75,75,21,51,51,21,51,67
247,9802,鈺齊-KY,運動休閒,45,27,93,45,69,33,9,57,57,57,27,51,51,39,33,99,45,57,81,81,81,51,99,99,33,63,57
248,9904,寶成,運動休閒,3,3,51,27,99,3,99,15,3,3,99,45,45,57,57,93,57,93,87,87,87,69,45,63,63,81,55
249,9910,豐泰,運動休閒,9,9,39,39,87,21,15,3,9,9,3,99,93,99,99,69,9,63,93,93,93,87,63,21,81,93,54
250,9914,美利達,運動休閒,57,75,75,87,21,63,69,81,87,87,81,15,15,21,27,9,87,75,57,57,57,93,69,69,51,45,59
251,9921,巨大,運動休閒,27,51,3,75,75,15,87,21,21,21,87,21,21,15,15,33,21,39,3,3,3,81,3,27,99,99,37
252,1471,首利,電子零組件業,41,63,17,61,87,43,46,48,39,43,39,52,51,42,62,71,99,99,99,99,99,30,53,81,21,37,59
253,1582,信錦,電子零組件業,91,91,86,89,16,90,81,87,92,93,96,73,72,83,83,20,65,53,30,28,28,12,80,46,87,67,67
254,2059,川湖,電子零組件業,57,58,75,12,90,54,96,67,55,61,72,23,24,28,16,57,64,54,31,29,29,26,72,96,77,73,54
255,2308,台達電,電子零組件業,8,16,2,83,99,5,58,15,1,7,47,87,86,94,93,69,21,47,32,30,30,98,99,76,35,98,51
256,2313,華通,電子零組件業,10,5,25,23,71,3,7,3,5,3,9,46,43,66,72,8,7,45,33,31,31,51,20,38,19,78,29
257,2316,楠梓電,電子零組件業,45,26,59,8,69,12,74,23,42,29,97,1,1,3,4,80,33,32,34,32,32,60,21,67,12,21,35
258,2327,國巨,電子零組件業,22,15,34,40,51,89,92,22,24,24,22,28,34,44,40,72,5,29,35,33,33,52,22,4,2,96,37
259,2328,廣宇,電子零組件業,98,99,89,99,8,84,86,93,91,92,82,93,93,91,90,17,63,55,36,34,34,25,69,79,74,69,71
260,2355,敬鵬,電子零組件業,17,12,28,11,26,8,90,9,11,10,79,25,28,34,42,43,1,50,37,35,35,56,23,74,27,22,32
261,2367,燿華,電子零組件業,28,19,35,25,4,11,9,12,23,16,14,19,19,13,23,22,8,22,38,36,36,24,24,58,73,23,24
262,2368,金像電,電子零組件業,5,9,30,5,68,76,82,5,8,6,6,53,55,61,47,76,12,1,29,37,37,85,67,88,10,83,40
263,2375,凱美,電子零組件業,48,55,56,39,36,20,10,57,99,77,70,47,40,47,57,45,52,49,39,38,38,23,25,15,39,24,44
264,2383,台光電,電子零組件業,2,17,52,37,28,16,97,11,13,13,19,72,73,81,71,5,9,20,2,39,39,22,26,61,22,99,36
265,2385,群光,電子零組件業,18,21,8,79,94,30,68,58,17,20,56,95,95,98,98,13,13,42,41,40,40,41,27,44,71,93,51
266,2392,正崴,電子零組件業,20,14,7,74,97,82,87,24,21,22,29,64,65,87,87,66,6,41,4,41,41,58,64,14,50,76,48
267,2402,毅嘉,電子零組件業,90,56,81,71,40,36,40,53,63,66,66,42,48,12,15,56,45,27,42,42,42,21,28,50,78,25,48
268,2413,環科,電子零組件業,76,79,46,78,31,64,62,83,89,91,91,9,9,8,9,9,40,34,43,43,43,92,62,26,20,26,49
269,2415,錩新,電子零組件業,52,54,51,1,10,78,60,65,72,75,84,71,69,77,80,82,62,51,44,44,44,20,29,48,69,28,55
270,2420,新巨,電子零組件業,82,77,47,56,7,62,54,84,82,86,78,15,17,14,12,70,61,59,45,45,45,19,30,59,68,62,51
271,2421,建準,電子零組件業,34,41,21,68,62,25,37,40,98,72,81,67,66,82,78,85,19,37,46,46,46,54,60,92,38,85,57
272,2428,興勤,電子零組件業,46,23,79,26,42,22,30,29,31,34,41,36,35,50,35,95,60,64,47,47,47,18,31,54,36,82,44
273,2431,聯昌,電子零組件業,95,98,98,91,11,91,79,92,93,98,94,63,62,71,73,1,59,63,48,48,48,95,32,94,49,35,68
274,2440,太空梭,電子零組件業,69,82,11,93,75,59,71,72,48,55,75,49,49,57,59,38,58,62,49,27,27,17,33,51,29,29,52
275,2457,飛宏,電子零組件業,55,39,66,57,54,32,52,34,29,33,46,75,76,75,79,59,23,61,40,25,25,53,75,18,3,86,49
276,2460,建通,電子零組件業,30,43,71,36,92,77,18,42,58,60,10,12,12,11,19,67,57,60,27,2,2,16,34,8,24,30,35
277,2462,良得電,電子零組件業,38,61,12,58,77,40,44,46,37,41,36,79,81,89,86,14,56,56,15,24,24,50,84,35,96,59,51
278,2467,志聖,電子零組件業,60,89,87,82,48,70,66,86,61,70,67,59,57,85,84,10,53,58,26,3,3,43,76,3,42,31,55
279,2472,立隆電,電子零組件業,29,30,82,7,47,95,13,36,54,51,21,76,75,86,88,77,54,57,6,4,4,49,94,2,26,60,47
280,2476,鉅祥,電子零組件業,72,73,80,52,14,68,59,98,62,71,53,22,27,30,34,55,29,14,7,5,5,48,93,90,65,32,48
281,2478,大毅,電子零組件業,81,37,93,4,46,94,26,20,51,30,15,35,36,32,31,53,47,44,8,6,6,47,92,33,80,33,42
282,2483,百容,電子零組件業,80,85,45,85,86,56,28,76,68,76,30,4,4,5,2,16,16,6,9,7,7,46,91,89,94,61,45
283,2484,希華,電子零組件業,62,50,64,28,89,48,31,62,74,73,60,18,16,20,26,50,66,52,10,8,8,86,19,30,25,34,43
284,2492,華新科,電子零組件業,19,10,37,27,66,85,89,17,19,18,28,6,5,23,33,91,20,36,11,9,9,15,18,52,17,20,30
285,2493,揚博,電子零組件業,6,1,24,3,74,69,27,97,59,69,8,66,68,76,75,51,68,67,12,10,10,42,88,77,92,19,48
286,3003,健和興,電子零組件業,86,71,73,66,88,51,39,63,83,79,71,13,13,27,38,6,50,40,13,11,11,14,17,6,91,18,44
287,3011,今皓,電子零組件業,35,62,13,59,85,39,43,45,36,40,35,55,58,45,46,37,69,84,5,12,12,6,2,20,55,17,39
288,3015,全漢,電子零組件業,49,48,96,75,59,96,12,69,50,52,20,60,59,70,74,58,98,98,16,13,13,97,85,29,98,70,60
289,3021,鴻名,電子零組件業,92,94,95,86,45,83,75,95,90,94,95,20,14,38,36,81,97,97,17,14,14,72,3,91,34,64,63
290,3023,信邦,電子零組件業,31,45,26,33,60,50,73,43,27,31,57,32,31,40,22,93,11,9,18,15,15,87,4,23,15,84,38
291,3026,禾伸堂,電子零組件業,65,31,54,49,22,29,51,31,44,38,55,45,47,51,52,94,27,18,19,16,16,80,82,13,44,77,44
292,3032,偉訓,電子零組件業,97,90,91,96,43,81,78,94,87,90,92,89,89,88,89,46,96,96,20,17,17,84,81,87,58,3,73
293,3037,欣興,電子零組件業,7,2,22,21,67,1,5,2,3,2,11,33,32,56,48,29,4,39,3,18,18,81,5,31,60,66,26
294,3042,晶技,電子零組件業,44,40,57,46,30,21,91,30,66,56,63,44,46,68,55,25,51,43,21,19,19,96,79,65,88,89,52
295,3044,健鼎,電子零組件業,3,3,42,15,56,2,3,1,2,1,5,61,63,36,8,26,95,95,22,20,20,79,6,43,53,87,33
296,3058,立德,電子零組件業,71,83,14,94,84,58,70,70,49,53,73,30,29,35,18,27,94,94,23,21,21,78,77,36,4,4,50
297,3090,日電貿,電子零組件業,87,96,88,88,44,87,77,90,94,96,98,37,37,53,53,92,39,11,24,22,22,94,56,78,56,65,65
298,3092,鴻碩,電子零組件業,47,47,41,9,39,38,23,88,71,80,69,97,97,31,51,61,93,93,25,23,23,13,7,19,52,5,48
299,3229,晟鈦,電子零組件業,58,78,49,35,91,52,22,59,57,62,26,11,11,7,14,75,92,92,50,49,49,77,8,32,43,6,46
300,3296,勝德,電子零組件業,67,80,48,47,57,35,15,64,67,68,31,31,30,26,37,78,91,91,28,26,26,82,78,97,51,7,52
301,3308,聯德,電子零組件業,40,60,10,60,76,42,42,47,34,39,38,99,99,99,99,87,67,66,51,50,50,29,37,80,99,2,58
302,3321,同泰,電子零組件業,96,57,53,2,17,28,65,61,65,67,93,8,8,6,11,83,22,8,53,76,76,11,9,56,30,8,41
303,3338,泰碩,電子零組件業,37,65,15,64,82,41,45,50,35,42,33,68,64,64,70,39,90,90,79,78,78,10,86,62,85,9,57
304,3376,新日興,電子零組件業,56,38,29,54,24,27,35,60,43,47,48,10,10,16,20,62,17,5,80,79,79,63,16,37,62,88,42
305,3432,台端,電子零組件業,99,97,92,87,53,86,76,91,95,95,89,70,71,39,41,96,89,89,81,80,80,9,10,83,84,10,73
306,3501,維熹,電子零組件業,51,52,62,32,73,47,55,80,76,83,80,21,22,9,1,97,38,19,82,81,81,71,61,70,83,11,55
307,3533,嘉澤,電子零組件業,27,24,27,69,64,18,41,32,7,12,13,96,96,96,95,44,88,88,83,82,82,8,11,84,7,95,53
308,3550,聯穎,電子零組件業,39,67,38,65,81,44,47,52,33,44,34,38,38,60,54,73,87,87,84,83,83,7,12,63,82,12,54
309,3593,力銘,電子零組件業,36,64,16,62,83,45,48,49,38,45,37,43,39,18,28,24,86,86,85,84,84,83,66,41,14,13,51
310,3605,宏致,電子零組件業,77,76,76,72,12,66,98,85,86,89,85,34,33,43,32,74,24,2,86,85,85,7,13,47,70,14,57
311,3607,谷崧,電子零組件業,32,34,60,48,50,71,16,79,84,84,32,27,20,15,7,54,30,3,87,86,86,70,14,1,95,15,46
312,3645,達邁,電子零組件業,11,36,61,6,29,33,85,77,10,17,1,24,23,24,39,32,85,85,78,87,87,69,15,98,57,16,46
313,3653,健策,電子零組件業,63,35,84,53,25,13,19,27,41,35,45,54,60,52,43,48,26,26,88,88,88,91,35,25,1,27,46
314,3679,新至陞,電子零組件業,74,32,68,22,18,31,21,37,52,50,44,88,88,37,45,89,41,46,90,89,89,68,36,71,45,36,54
315,3715,定穎投控,電子零組件業,9,11,23,17,65,6,2,7,16,8,2,83,87,80,85,99,84,83,91,90,90,7,90,57,86,90,53
316,4545,銘鈺,電子零組件業,53,72,78,29,1,74,6,55,56,59,24,16,21,17,13,84,32,15,92,91,91,7,38,5,31,38,42
317,4912,聯德控股-KY,電子零組件業,61,74,6,98,55,60,94,74,53,57,99,74,74,48,44,98,83,68,93,92,92,66,98,10,23,56,67
318,4915,致伸,電子零組件業,23,33,4,81,93,15,56,39,26,28,64,92,92,92,92,47,2,24,1,93,93,65,97,72,67,92,57
319,4927,泰鼎-KY,電子零組件業,15,13,43,16,35,7,1,13,12,15,7,84,85,73,64,60,3,23,94,94,94,88,68,27,66,80,45
320,4943,康控-KY,電子零組件業,84,86,85,73,34,75,63,81,85,87,68,81,80,62,68,3,82,82,95,95,95,27,55,12,90,54,69
321,4958,臻鼎-KY,電子零組件業,1,6,39,50,96,67,20,6,4,5,17,86,84,72,66,21,14,48,96,96,96,28,63,60,93,94,51
322,4989,榮科,電子零組件業,83,20,40,10,27,26,33,28,77,49,58,58,52,69,81,28,81,81,97,97,97,39,54,22,59,51,54
323,4999,鑫禾,電子零組件業,59,70,74,24,33,63,25,96,81,85,62,17,18,19,17,31,80,80,98,98,98,62,59,40,16,50,56
324,5469,瀚宇博,電子零組件業,21,46,99,45,37,23,84,14,45,21,90,51,53,59,56,35,25,12,89,77,77,64,83,73,9,57,52
325,6108,競國,電子零組件業,66,49,65,13,23,24,4,25,80,37,12,5,6,4,6,30,42,28,77,75,75,44,73,99,54,47,41
326,6115,鎰勝,電子零組件業,54,42,55,43,41,79,61,38,73,65,51,39,44,33,24,49,79,79,76,52,52,67,52,68,97,45,56
327,6133,金橋,電子零組件業,64,53,67,67,72,93,50,18,18,19,16,50,50,29,25,15,78,78,75,74,74,38,51,55,47,44,51
328,6141,柏承,電子零組件業,24,27,69,51,9,72,34,56,60,64,54,7,7,10,10,2,43,7,54,53,53,37,50,7,81,43,38
329,6153,嘉聯益,電子零組件業,12,25,58,30,19,14,17,21,28,26,23,14,15,22,27,19,18,16,55,54,54,36,49,21,28,41,29
330,6155,鈞寶,電子零組件業,93,69,72,31,80,53,11,73,78,82,25,2,2,2,5,65,35,10,56,55,55,93,48,28,6,39,45
331,6191,精成科,電子零組件業,75,7,33,18,21,9,8,4,6,4,3,98,98,97,97,4,77,77,57,56,56,73,95,75,33,48,47
332,6197,佳必琪,電子零組件業,78,84,36,80,2,49,38,78,75,81,76,65,67,67,61,90,46,25,58,57,57,74,87,93,89,71,65
333,6205,詮欣,電子零組件業,89,92,94,84,3,88,80,82,88,88,77,41,45,41,21,88,76,76,59,58,58,75,89,69,8,46,66
334,6213,聯茂,電子零組件業,4,18,9,34,70,92,95,16,9,14,18,26,26,25,30,42,28,35,60,59,59,31,96,86,79,97,45
335,6224,聚鼎,電子零組件業,79,75,83,42,5,61,93,66,69,74,50,56,54,54,49,34,75,75,61,60,60,76,74,34,13,63,59
336,6269,台郡,電子零組件業,13,22,44,55,6,10,72,19,25,23,83,29,25,21,29,41,31,38,62,61,61,89,57,66,41,79,42
337,6282,康舒,電子零組件業,43,28,5,70,63,19,32,44,20,25,42,69,70,79,76,63,10,4,63,62,62,90,58,24,32,81,47
338,6412,群電,電子零組件業,33,29,1,77,95,17,53,54,22,27,49,91,91,95,96,68,15,74,64,63,63,32,47,85,46,91,57
339,6449,鈺邦,電子零組件業,42,66,19,63,79,46,49,51,40,46,40,77,78,84,67,79,74,73,65,64,64,33,46,9,5,40,54
340,6672,騰輝電子-KY,電子零組件業,25,51,63,41,38,34,29,35,30,36,27,80,79,63,69,23,37,31,66,65,65,5,45,11,48,42,44
341,6715,嘉基,電子零組件業,68,88,50,76,32,65,57,75,70,78,65,78,77,78,82,36,73,72,67,66,66,34,44,49,11,72,63
342,6781,AES-KY,電子零組件業,85,87,31,90,98,55,64,68,46,48,59,85,83,74,65,11,48,33,68,67,67,35,65,82,18,49,61
343,6805,富世達,電子零組件業,70,81,18,95,78,57,69,71,47,54,74,90,90,58,63,33,72,71,69,68,68,55,43,39,72,1,62
344,6834,天二科技,電子零組件業,73,68,70,20,13,73,36,41,64,63,52,3,3,1,3,12,34,17,70,69,69,61,42,42,63,52,43
345,6835,圓裕,電子零組件業,50,59,77,38,58,37,24,33,79,58,43,57,56,49,58,86,44,30,71,70,70,45,41,45,64,53,54
346,8039,台虹,電子零組件業,16,44,32,44,15,97,67,26,32,32,86,48,41,46,50,18,49,21,72,71,71,59,40,16,75,58,47
347,8046,南電,電子零組件業,26,4,3,19,20,4,14,10,15,11,61,40,42,65,77,7,71,70,73,72,72,57,39,17,76,74,40
348,8103,瀚荃,電子零組件業,88,93,97,92,52,99,99,89,97,99,87,62,61,55,60,64,70,69,74,73,73,40,70,64,37,75,75
349,8213,志超,電子零組件業,14,8,20,14,61,80,83,8,14,9,4,82,82,90,94,40,36,13,52,51,51,99,71,95,61,55,50
350,8249,菱光,電子零組件業,94,95,90,97,49,98,88,99,96,97,88,94,94,93,91,52,55,65,14,1,1,7,3,53,40,68,66
351,1503,士電,電機機械,23,19,35,21,31,95,93,47,37,37,51,93,95,95,93,19,59,53,7,99,99,99,41,21,11,39,54
352,1504,東元,電機機械,13,17,7,77,87,43,83,25,35,29,99,95,93,89,81,67,19,55,9,51,51,89,91,65,73,97,59
353,1506,正道,電機機械,45,49,53,39,49,73,47,53,43,45,29,13,13,25,31,79,17,7,53,49,49,69,35,37,41,33,41
354,1513,中興電,電機機械,95,51,99,95,29,7,7,49,61,65,87,79,79,87,87,47,41,19,51,47,47,59,33,39,9,63,55
355,1514,亞力,電機機械,47,67,79,93,85,67,77,65,75,73,89,87,89,93,91,89,75,71,49,45,45,95,31,63,15,31,69
356,1515,力山,電機機械,55,61,17,23,21,77,85,63,97,95,95,25,39,19,13,57,13,15,47,43,43,73,29,41,81,65,50
357,1517,利奇,電機機械,51,65,71,55,9,83,71,61,59,63,47,5,5,5,5,31,45,41,45,41,41,35,27,93,83,29,45
358,1519,華城,電機機械,7,45,31,89,5,53,11,59,65,69,9,99,99,99,99,35,21,27,43,39,39,83,69,33,43,27,50
359,1526,日馳,電機機械,83,85,91,87,53,75,55,67,79,77,71,43,47,21,7,61,55,37,41,37,37,7,71,81,25,25,55
360,1527,鑽全,電機機械,17,47,33,41,13,37,21,55,47,49,7,17,17,29,27,7,35,63,39,35,35,93,25,29,17,69,35
361,1528,恩德,電機機械,61,75,39,69,15,35,25,31,67,59,63,47,51,59,53,9,85,81,33,33,33,33,23,51,87,23,48
362,1529,樂事綠能,電機機械,89,83,85,81,25,85,65,53,89,87,73,21,21,9,23,95,57,23,35,31,31,47,21,47,7,87,53
363,1530,亞崴,電機機械,31,29,19,29,43,31,23,11,19,19,23,59,57,49,47,39,87,85,15,29,29,45,73,49,57,21,39
364,1531,高林股,電機機械,71,53,9,57,99,55,39,29,53,53,39,65,63,67,71,99,49,31,31,27,27,19,97,91,13,19,51
365,1532,勤美,電機機械,39,7,21,15,79,17,49,23,7,7,31,77,77,71,55,83,53,35,29,25,25,41,19,75,49,83,42
366,1535,中宇,電機機械,67,93,61,99,61,69,81,57,91,89,75,97,97,97,97,27,93,89,27,23,23,87,17,67,39,71,69
367,1537,廣隆,電機機械,25,15,41,17,39,19,33,17,27,23,11,81,83,73,63,87,95,91,25,21,21,49,15,7,95,17,42
368,1538,正峰,電機機械,91,97,87,85,71,87,73,71,87,85,77,57,61,31,17,93,53,61,23,19,19,39,81,77,71,15,63
369,1539,巨庭,電機機械,81,81,95,91,67,33,27,35,69,61,65,11,11,7,9,81,83,93,21,17,17,17,13,95,19,73,49
370,1540,喬福,電機機械,93,95,97,97,69,89,79,73,93,93,81,31,29,33,33,5,65,95,19,15,15,5,11,53,37,13,55
371,1541,錩泰,電機機械,41,59,27,19,23,61,59,45,41,41,49,7,9,11,11,13,97,97,17,13,13,31,87,97,67,11,40
372,1558,伸興,電機機械,43,37,29,67,11,25,89,37,39,39,97,91,91,79,77,97,39,53,53,11,11,79,9,9,69,75,52
373,1560,中砂,電機機械,21,21,63,33,33,9,9,39,25,27,35,71,69,77,79,17,31,47,37,53,53,43,7,11,51,89,40
374,1583,程泰,電機機械,59,69,65,63,89,63,57,99,29,31,67,61,59,61,69,75,27,13,99,53,53,51,89,71,27,9,58
375,1589,永冠-KY,電機機械,29,9,15,25,41,21,31,21,9,9,15,35,35,37,39,51,9,11,13,55,55,85,99,27,99,93,37
376,1590,亞德客-KY,電機機械,9,13,43,45,81,11,29,7,11,11,25,33,33,39,37,29,7,33,59,79,79,77,93,69,31,99,42
377,1597,直得,電機機械,99,55,77,37,93,59,15,77,55,55,37,29,23,23,19,11,89,83,97,97,97,55,95,99,29,35,59
378,2049,上銀,電機機械,27,11,11,35,47,13,91,19,15,15,27,49,49,75,83,37,51,59,95,95,95,81,37,85,93,79,53
379,2371,大同,電機機械,11,27,47,65,45,15,37,43,23,25,45,63,65,63,67,63,23,51,93,93,93,75,39,45,45,81,52
380,3167,大量,電機機械,85,89,89,83,59,81,67,79,83,81,83,55,31,47,57,43,63,39,91,91,91,57,63,13,91,61,68
381,4526,東台,電機機械,69,63,57,75,73,99,99,81,77,75,85,45,41,53,65,25,25,21,89,89,89,97,65,25,75,37,65
382,4532,瑞智,電機機械,37,53,67,59,83,53,63,83,45,47,69,85,85,85,85,23,81,87,87,87,87,61,43,43,5,59,64
383,4540,全球傳動,電機機械,57,41,73,49,27,57,87,85,33,35,33,15,15,17,25,53,33,43,85,85,85,9,51,15,55,77,48
384,4552,力達-KY,電機機械,77,79,55,53,75,29,41,87,63,67,13,51,53,57,51,55,67,79,83,83,83,11,53,57,21,47,57
385,4555,氣立,電機機械,97,87,81,71,63,47,53,89,99,97,93,19,19,13,15,71,79,77,81,81,81,13,85,17,89,49,64
386,4560,強信-KY,電機機械,53,73,51,9,17,51,53,91,73,71,59,73,73,69,73,33,77,75,79,77,77,15,83,55,23,51,59
387,4562,穎漢,電機機械,79,91,83,79,57,79,69,93,85,83,57,23,25,27,29,91,61,49,77,57,57,63,79,19,85,55,64
388,4564,元翎,電機機械,15,39,37,11,97,49,51,33,71,99,61,9,7,15,21,65,73,73,75,75,75,65,77,87,47,57,53
389,4566,時碩工業,電機機械,49,33,69,51,55,71,61,95,49,51,43,67,67,65,61,59,43,25,73,73,73,21,75,83,97,95,62
390,4571,鈞興-KY,電機機械,75,77,59,47,77,39,13,27,51,43,53,53,55,55,49,69,15,17,71,71,71,23,61,23,33,85,50
391,4572,駐龍,電機機械,33,25,25,27,35,27,17,15,21,21,21,41,45,43,35,73,11,45,69,69,69,25,59,79,59,53,40
392,4576,大銀微系統,電機機械,53,57,75,53,91,65,45,51,57,57,55,75,75,81,75,45,47,9,67,67,67,67,57,35,63,67,60
393,4583,台灣精銳,電機機械,87,35,45,43,95,45,19,41,53,53,53,39,43,51,43,85,37,29,65,65,65,27,55,61,53,45,51
394,5288,豐祥-KY,電機機械,19,23,13,13,7,23,35,9,13,13,17,37,37,41,41,21,29,57,11,63,63,29,49,59,35,91,33
395,6606,建德工業,電機機械,63,71,53,73,19,93,97,97,81,79,91,69,71,45,59,49,71,69,63,61,61,91,47,31,65,5,64
396,8222,寶一,電機機械,35,31,23,31,37,41,43,13,17,17,19,27,27,35,45,41,69,67,61,59,59,37,67,89,79,43,43
397,8374,羅昇,電機機械,65,99,93,7,51,91,75,75,95,91,79,83,81,83,89,77,91,65,57,9,9,71,45,73,77,41,68
398,8996,高力,電機機械,73,43,49,61,65,97,95,69,31,33,41,89,87,91,95,15,99,99,55,7,7,53,5,5,61,7,55
399,1603,華電,電器電纜,64,43,22,15,92,92,64,36,64,64,29,8,15,15,8,99,22,22,99,99,99,8,71,64,99,64,53
400,1604,聲寶,電器電纜,15,99,92,92,64,43,1,99,99,99,15,71,71,78,71,43,43,1,92,92,92,50,64,50,64,57,64
401,1605,華新,電器電纜,1,1,1,99,8,1,71,1,1,1,50,85,92,92,85,78,1,50,85,85,85,92,99,22,57,99,52
402,1608,華榮,電器電纜,22,50,85,50,57,15,78,78,43,50,64,57,50,64,78,50,99,99,78,78,78,43,57,43,15,50,59
403,1609,大亞,電器電纜,78,15,8,71,1,8,99,8,8,8,99,99,99,99,99,64,8,8,1,71,71,71,92,78,78,92,55
404,1611,中電,電器電纜,92,78,78,22,50,50,15,85,92,92,1,22,8,1,1,1,92,92,71,64,64,85,50,15,43,85,52
405,1612,宏泰,電器電纜,50,64,50,64,99,29,92,64,71,78,36,92,85,85,92,85,85,85,64,57,57,36,43,36,92,43,67
406,1614,三洋電,電器電纜,8,92,15,85,43,22,85,92,15,15,57,1,1,8,15,15,29,43,57,50,50,99,36,85,29,36,42
407,1615,大山,電器電纜,85,57,71,57,85,85,57,29,57,36,85,36,36,36,43,92,64,64,50,43,43,29,85,99,1,29,56
408,1616,億泰,電器電纜,99,85,29,78,36,36,36,71,78,71,8,43,43,50,36,71,57,57,43,36,36,22,29,92,50,22,51
409,1617,榮星,電器電纜,71,71,99,1,29,71,43,43,85,85,92,15,22,22,22,36,78,78,36,29,29,15,22,29,8,15,44
410,1618,合機,電器電纜,36,29,43,43,22,64,29,57,36,43,43,78,78,71,64,29,36,15,29,22,22,64,15,71,85,8,44
411,1626,艾美特-KY,電器電纜,43,8,64,29,15,99,8,15,22,22,22,50,57,43,50,8,50,36,22,15,15,78,78,8,22,78,37
412,4930,燦星網,電器電纜,29,22,36,36,78,57,22,50,29,29,78,64,64,57,57,22,71,71,15,8,8,1,8,57,71,71,43
413,5283,禾聯碩,電器電纜,57,36,57,8,71,78,50,22,50,57,71,29,29,29,29,57,15,29,8,1,1,57,1,1,36,1,34
415,1707,葡萄王,生技醫療業,17,21,23,53,17,13,39,43,11,17,29,47,59,61,69,79,39,31,99,99,99,95,95,89,43,91,53
416,1720,生達,生技醫療業,31,37,99,55,39,31,33,21,31,39,39,33,31,71,73,51,21,25,53,51,51,65,77,73,17,71,47
417,1731,美吾華,生技醫療業,65,73,95,59,59,45,65,71,47,57,73,31,33,41,41,89,63,61,51,49,49,97,65,81,25,13,58
418,1733,五鼎,生技醫療業,93,31,65,25,61,51,87,51,39,51,33,13,13,15,11,63,45,47,49,47,47,15,61,59,77,61,47
419,1734,杏輝,生技醫療業,35,33,37,71,19,33,89,31,37,49,97,19,19,23,23,77,41,43,47,45,45,85,53,35,21,15,43
420,1752,南光,生技醫療業,27,29,87,23,21,35,31,29,43,53,45,15,15,13,17,25,13,15,45,43,43,41,67,53,81,17,36
421,1760,寶齡富錦,生技醫療業,53,51,53,49,23,39,41,35,33,45,37,29,29,45,35,53,35,29,43,41,41,57,31,29,69,67,42
422,1762,中化生,生技醫療業,19,27,27,13,37,23,27,13,23,27,25,53,53,69,71,21,29,19,41,39,39,31,29,77,29,49,35
423,1783,和康生,生技醫療業,77,95,73,73,69,99,81,69,79,85,71,63,71,51,39,85,53,39,39,37,37,51,27,83,59,89,65
424,1786,科妍,生技醫療業,81,87,49,41,71,67,13,65,57,65,19,57,63,33,43,39,59,55,37,35,35,61,25,67,97,19,52
425,1789,神隆,生技醫療業,23,19,35,17,13,29,95,11,25,13,23,51,57,67,81,55,37,41,33,33,33,99,97,79,39,87,46
426,1795,美時,生技醫療業,25,25,85,75,27,37,69,39,49,37,31,77,79,93,87,67,49,49,15,31,31,89,21,87,51,99,55
427,3164,景岳,生技醫療業,55,59,43,19,99,71,11,59,59,67,11,17,17,17,21,71,61,59,31,29,29,49,63,13,15,55,42
428,3705,永信,生技醫療業,15,15,13,29,35,17,37,41,35,47,49,87,95,65,67,61,15,27,29,27,27,53,17,43,73,57,41
429,4104,佳醫,生技醫療業,75,97,89,85,75,95,79,75,55,63,69,65,75,79,83,69,65,63,27,25,25,55,59,15,53,59,64
430,4106,雃博,生技醫療業,89,89,75,87,77,91,67,77,61,69,93,35,35,55,47,47,23,13,25,23,23,59,99,41,91,65,60
431,4108,懷特,生技醫療業,69,63,45,45,79,73,17,79,91,95,17,55,65,29,19,93,57,57,23,21,21,93,71,61,49,21,54
432,4119,旭富,生技醫療業,29,35,11,11,11,15,83,15,15,15,89,67,77,63,75,29,69,67,21,19,19,21,37,55,57,77,42
433,4133,亞諾法,生技醫療業,57,67,83,93,97,81,35,81,71,21,41,25,25,25,29,83,71,85,19,17,17,35,15,91,23,23,50
434,4137,麗豐-KY,生技醫療業,41,61,47,81,81,77,77,83,99,11,63,91,47,35,59,95,73,97,17,15,15,47,73,99,27,85,61
435,4142,國光生,生技醫療業,21,23,31,97,29,25,25,33,29,43,35,27,27,21,31,43,33,51,55,53,53,91,19,63,11,25,38
436,4148,全宇生技-KY,生技醫療業,49,47,61,35,43,57,55,61,27,41,87,39,41,87,55,65,25,23,35,13,13,63,75,93,95,27,50
437,4155,訊映,生技醫療業,73,75,93,91,93,61,63,99,69,79,57,23,23,19,13,23,99,99,57,55,55,11,69,97,33,37,60
438,4164,承業醫,生技醫療業,83,77,79,83,85,89,75,85,83,93,95,79,89,83,95,15,27,17,81,59,59,25,23,31,87,73,68
439,4190,佐登-KY,生技醫療業,91,91,59,61,87,47,91,87,45,55,43,93,51,39,57,99,31,93,97,97,97,81,79,37,93,29,70
440,4736,泰博,生技醫療業,87,83,57,63,89,41,45,47,51,59,65,21,21,27,27,75,77,91,95,95,95,29,81,23,19,31,57
441,4737,華廣,生技醫療業,51,41,41,43,57,69,15,27,93,75,15,11,11,11,15,35,19,53,93,93,93,69,83,85,67,33,50
442,4746,台耀,生技醫療業,13,11,25,15,41,11,23,19,19,29,27,59,67,75,93,45,17,11,11,91,91,71,85,71,99,83,46
443,4771,望隼,生技醫療業,67,39,39,27,91,49,99,49,21,35,99,41,45,31,37,13,43,33,91,89,89,33,33,33,45,75,52
444,6431,光麗-KY,生技醫療業,47,43,63,31,47,59,57,53,85,87,85,75,81,85,49,19,79,89,89,87,87,83,35,39,47,35,63
445,6446,藥華藥,生技醫療業,37,57,71,77,83,75,19,37,67,77,79,99,99,97,97,73,47,37,87,85,85,87,39,65,85,95,71
446,6472,保瑞,生技醫療業,11,13,33,65,25,27,61,17,41,33,47,83,91,49,25,59,51,45,85,83,83,39,87,49,13,97,50
447,6491,晶碩,生技醫療業,85,85,17,95,33,21,21,23,13,19,13,49,61,73,77,41,11,21,83,81,81,77,41,45,37,93,50
448,6534,正瀚-創,生技醫療業,39,55,97,57,31,65,43,45,81,81,77,85,93,99,65,57,81,87,79,79,79,79,43,17,41,43,65
449,6541,泰福-KY,生技醫療業,45,45,67,33,49,53,59,55,87,89,81,71,83,89,51,11,83,83,61,77,77,75,45,19,31,45,60
450,6550,北極星藥業-KY,生技醫療業,43,49,69,37,51,55,53,57,89,91,83,73,85,91,53,27,85,69,77,75,75,17,13,21,55,81,61
451,6598,ABC-KY,生技醫療業,99,99,91,89,73,43,51,89,63,71,59,43,39,43,33,37,87,81,75,73,73,27,47,57,83,69,65
452,6645,金萬林-創,生技醫療業,71,81,81,69,95,87,73,91,97,99,61,37,37,47,45,87,89,79,73,71,71,73,49,69,65,47,71
453,6657,華安,生技醫療業,63,69,19,51,53,63,49,93,53,61,53,95,97,53,85,49,91,77,71,69,69,23,51,25,75,79,63
454,6666,羅麗芬-KY,生技醫療業,79,93,51,79,67,85,93,95,65,73,55,89,49,37,61,81,93,75,69,67,67,43,89,75,61,63,71
455,6782,視陽,生技醫療業,95,17,15,99,55,19,29,25,17,31,21,81,87,95,99,33,55,35,67,65,65,45,91,51,89,51,55
456,6794,向榮生技-創,生技醫療業,61,71,29,21,15,79,97,97,73,25,67,45,43,57,63,97,95,73,65,63,63,67,55,95,71,39,63
457,6796,晉弘,生技醫療業,33,79,77,39,65,93,71,67,95,97,91,61,69,77,89,31,97,71,63,61,61,37,93,47,79,53,69
458,6861,睿生光電,生技醫療業,97,53,55,67,63,97,85,63,77,83,75,69,73,81,91,17,75,95,59,57,57,19,57,27,63,41,65
459,6949,沛爾生醫-創,生技醫療業,59,65,21,47,45,83,47,73,75,23,51,97,55,59,79,91,67,65,13,11,11,13,11,11,35,11,47
460,1708,東鹼,化學工業,19,55,15,23,47,19,87,99,43,51,0,27,35,23,19,83,51,39,99,99,99,79,3,0,3,31,44
461,1709,和益,化學工業,7,27,27,27,51,43,35,67,47,59,71,91,91,91,91,59,95,67,11,7,3,99,95,67,0,19,52
462,1710,東聯,化學工業,23,0,47,0,39,83,0,63,39,47,0,79,67,83,83,11,47,55,15,11,7,91,47,15,67,91,43
463,1711,永光,化學工業,39,23,51,31,55,15,31,0,0,3,7,7,7,19,35,39,19,51,0,15,11,87,39,19,27,67,27
464,1712,興農,化學工業,47,31,47,71,0,11,23,55,11,11,47,23,27,27,23,47,83,63,19,19,15,51,31,39,43,75,36
465,1713,國化,化學工業,31,0,59,19,87,99,3,75,71,75,19,71,79,55,63,0,79,71,23,23,19,0,27,95,91,0,47
466,1714,和桐,化學工業,43,83,99,47,95,95,95,71,83,83,99,47,51,39,15,87,75,59,27,27,23,35,15,83,19,0,58
467,1717,長興,化學工業,3,7,0,47,79,7,63,0,3,0,47,63,59,75,67,35,23,79,0,0,27,95,67,11,31,83,37
468,1718,中纖,化學工業,0,47,39,0,83,79,71,59,0,0,23,0,0,3,3,63,35,43,31,31,31,39,63,3,0,3,29
469,1721,三晃,化學工業,47,43,43,75,35,39,43,35,15,23,55,15,19,11,27,75,39,23,35,35,35,11,23,87,79,7,37
470,1722,台肥,化學工業,0,19,0,3,0,91,11,3,63,31,59,95,95,99,95,31,27,3,39,39,39,27,3,47,15,71,39
471,1723,中碳,化學工業,27,11,11,15,3,35,19,47,67,71,83,99,99,95,99,19,99,83,43,43,43,31,3,35,63,87,51
472,1725,元禎,化學工業,95,95,79,91,91,75,79,83,95,95,91,35,23,15,11,27,67,99,47,47,47,0,0,71,47,11,58
473,1726,永記,化學工業,63,75,35,99,67,51,67,19,27,15,43,31,39,35,47,3,3,0,47,47,47,15,7,55,7,15,37
474,1727,中華化,化學工業,91,51,19,95,15,27,55,27,19,19,95,0,0,0,0,51,11,7,51,51,51,75,99,31,35,0,38
475,1730,花仙子,化學工業,35,3,55,35,99,87,75,47,87,87,39,75,75,63,75,95,71,87,55,55,55,3,11,99,39,23,59
476,1732,毛寶,化學工業,99,99,91,83,63,63,27,87,55,67,11,0,0,0,0,91,55,35,59,59,59,67,75,91,0,27,52
477,1735,日勝化,化學工業,67,71,83,43,7,55,59,31,31,43,63,43,43,47,39,67,59,47,63,63,63,23,19,7,95,51,49
478,1773,勝一,化學工業,15,59,7,39,43,31,15,91,47,55,67,83,83,79,79,7,87,91,67,67,67,43,79,75,11,35,55
479,1776,展宇,化學工業,83,91,71,59,71,71,39,43,59,63,15,3,3,0,0,71,31,19,71,71,71,47,59,51,71,39,49
480,4720,德淵,化學工業,79,87,75,87,11,67,51,95,91,91,87,55,55,31,43,79,43,31,75,75,75,83,83,23,23,59,64
481,4722,國精化,化學工業,51,67,95,55,59,47,47,23,7,7,75,39,31,43,55,15,91,95,79,79,79,55,35,43,59,43,53
482,4739,康普,化學工業,55,39,3,51,19,0,83,39,23,27,27,19,15,51,31,43,0,11,83,83,83,59,87,79,75,63,44
483,4755,三福化,化學工業,71,35,63,11,23,0,0,7,75,47,35,51,47,67,71,0,47,47,87,87,87,63,43,0,83,47,46
484,4763,材料-KY,化學工業,11,15,31,7,31,3,7,15,35,39,51,87,87,87,87,0,0,15,91,91,91,19,91,0,87,79,44
485,4764,雙鍵,化學工業,75,79,87,67,27,59,47,51,79,79,79,11,11,7,7,99,63,75,95,95,95,7,51,59,51,55,58
486,4766,南寶,化學工業,59,47,23,63,75,47,91,11,51,35,31,59,63,59,59,23,15,27,7,3,0,7,55,63,55,95,43
487,4770,上品,化學工業,87,63,67,79,0,23,99,79,99,99,3,67,71,71,51,55,7,0,3,0,0,71,71,27,99,99,53
488,1802,台玻,玻璃陶瓷,19,19,99,39,99,19,19,39,19,19,59,39,19,39,39,19,19,19,99,99,99,99,79,39,39,79,49
489,1806,冠軍,玻璃陶瓷,39,39,79,19,79,39,99,99,39,39,99,59,59,59,59,79,39,59,79,79,79,39,59,99,99,59,64
490,1809,中釉,玻璃陶瓷,79,79,59,79,59,79,59,19,79,79,39,79,79,79,79,39,99,99,59,59,59,79,39,59,59,39,66
491,1810,和成,玻璃陶瓷,59,59,39,59,39,59,39,79,59,59,19,19,39,19,19,59,79,79,39,39,39,19,19,19,19,19,42
492,1817,凱撒衛,玻璃陶瓷,99,99,19,99,19,99,79,59,99,99,79,99,99,99,99,99,59,39,19,19,19,59,99,79,79,99,74
493,1903,士紙,造紙工業,85,71,57,57,57,99,71,99,85,85,43,15,15,15,15,85,99,99,99,99,99,57,85,99,15,15,66
494,1904,正隆,造紙工業,29,29,15,15,15,57,43,85,29,29,15,57,71,85,85,29,43,57,85,85,85,99,71,29,99,57,54
495,1905,華紙,造紙工業,43,43,85,29,99,43,15,71,43,43,57,29,29,29,29,57,29,29,71,71,71,43,57,85,85,99,53
496,1906,寶隆,造紙工業,99,99,43,43,43,85,57,57,99,99,29,85,85,43,99,43,85,85,57,57,57,15,43,43,57,43,63
497,1907,永豐餘,造紙工業,15,15,99,71,85,29,29,15,15,15,71,99,99,71,43,71,15,43,43,43,43,85,99,57,43,85,54
498,1909,榮成,造紙工業,57,85,71,99,29,15,85,29,57,57,85,43,43,57,57,15,71,71,29,29,29,71,29,15,71,29,51
499,6790,永豐實,造紙工業,71,57,29,85,71,71,99,43,71,71,99,71,57,99,71,99,57,15,15,15,15,29,15,71,29,71,58
500,2002,中鋼,鋼鐵工業,9,9,9,9,27,9,45,51,9,9,69,96,96,96,96,27,30,81,9,99,99,81,69,42,99,99,53
501,2006,東和鋼鐵,鋼鐵工業,12,12,15,21,21,12,60,9,12,12,51,87,93,90,93,51,15,60,12,15,15,54,51,57,78,66,41
502,2007,燁興,鋼鐵工業,33,33,69,33,87,48,96,66,39,39,21,51,39,48,54,39,51,66,21,18,18,21,15,12,33,36,42
503,2008,高興昌,鋼鐵工業,60,84,93,51,30,81,75,63,72,84,39,30,36,30,18,42,99,93,24,21,21,66,18,54,63,18,52
504,2009,第一銅,鋼鐵工業,57,45,84,42,9,39,78,36,75,63,66,24,24,27,36,21,24,15,15,24,24,24,21,63,9,15,37
505,2010,春源,鋼鐵工業,45,66,21,81,33,60,99,69,30,30,78,57,54,63,57,15,9,30,27,27,27,78,24,33,48,12,45
506,2012,春雨,鋼鐵工業,36,42,54,27,12,30,21,24,48,42,33,27,42,54,39,66,48,57,30,30,30,90,27,75,72,81,44
507,2013,中鋼構,鋼鐵工業,66,72,42,90,36,75,51,60,45,48,45,99,99,99,99,18,42,45,33,33,33,84,30,36,21,63,56
508,2014,中鴻,鋼鐵工業,18,21,12,30,24,18,24,15,21,21,18,78,75,75,78,33,54,75,36,36,36,33,33,66,96,96,43
509,2015,豐興,鋼鐵工業,15,15,51,18,75,15,15,12,15,15,9,84,87,84,84,84,21,39,39,39,39,99,36,15,39,87,44
510,2017,官田鋼,鋼鐵工業,63,48,30,39,96,36,12,75,51,54,81,9,9,12,9,81,27,21,42,42,42,93,39,72,15,90,46
511,2020,美亞,鋼鐵工業,51,75,63,72,39,99,69,54,36,36,24,69,66,72,66,24,39,24,45,45,45,63,42,81,57,78,55
512,2022,聚亨,鋼鐵工業,87,63,96,57,42,72,81,30,54,51,75,42,45,39,33,54,75,42,48,48,48,9,45,78,60,75,56
513,2023,燁輝,鋼鐵工業,24,27,78,48,72,27,27,48,24,24,15,75,72,81,81,30,72,84,51,51,51,39,48,21,36,72,49
514,2024,志聯,鋼鐵工業,72,87,60,54,81,42,9,33,90,75,30,21,18,15,21,87,78,48,18,12,12,12,9,90,51,21,44
515,2025,千興,鋼鐵工業,54,81,90,24,48,78,93,99,57,66,99,18,21,36,42,96,87,36,99,54,54,15,54,99,30,9,59
516,2027,大成鋼,鋼鐵工業,84,60,48,75,18,57,36,78,66,72,84,12,12,9,12,69,60,72,60,60,60,96,99,93,24,24,55
517,2028,威致,鋼鐵工業,21,18,81,12,69,21,63,18,18,18,42,66,60,66,72,90,36,27,63,63,63,42,72,96,27,27,48
518,2029,盛餘,鋼鐵工業,30,30,75,45,90,24,90,45,42,45,96,93,84,93,90,48,63,69,66,66,66,87,75,39,66,93,66
519,2030,彰源,鋼鐵工業,39,54,36,66,51,54,57,81,60,69,90,54,57,51,51,9,18,9,69,69,69,48,78,45,81,30,54
520,2031,新光鋼,鋼鐵工業,42,93,24,87,15,93,54,84,84,90,87,72,78,69,69,36,81,87,72,72,72,72,81,24,69,33,67
521,2032,新鋼,鋼鐵工業,96,99,87,93,84,84,84,87,93,96,57,15,15,18,24,72,84,54,75,75,75,57,57,48,54,60,67
522,2033,佳大,鋼鐵工業,90,90,99,36,60,87,87,90,87,93,54,39,33,21,27,57,93,99,78,78,78,36,60,87,12,39,66
523,2034,允強,鋼鐵工業,69,36,72,96,78,51,66,39,63,60,93,48,48,42,45,60,12,33,81,81,81,60,84,30,84,42,60
524,2038,海光,鋼鐵工業,27,24,27,15,63,63,39,21,27,27,12,45,51,45,48,12,96,90,84,84,84,75,87,18,42,45,48
525,2069,運錩,鋼鐵工業,99,96,45,99,57,96,72,93,99,99,63,33,30,24,15,99,66,78,87,87,87,30,90,69,87,48,71
526,2211,長榮鋼,鋼鐵工業,48,69,39,69,54,69,42,96,33,33,27,90,90,87,87,63,69,18,90,90,90,27,63,84,90,69,65
527,3004,豐達科,鋼鐵工業,93,57,66,60,93,45,18,42,81,81,48,81,81,78,75,75,45,51,93,93,93,69,93,60,45,51,68
528,5007,三星,鋼鐵工業,75,39,33,63,66,66,30,57,69,78,36,60,63,60,63,45,33,63,96,96,96,51,66,51,93,54,62
529,5538,東明-KY,鋼鐵工業,78,51,18,78,99,33,33,27,96,57,60,36,27,33,30,93,90,96,57,57,57,18,96,9,18,57,54
530,9958,世紀鋼,鋼鐵工業,81,78,57,84,45,90,48,72,78,87,72,63,69,57,60,78,57,12,54,9,9,45,12,27,75,84,58
531,2062,橋椿,居家生活,45,27,90,54,81,27,99,18,27,27,36,18,18,18,18,99,36,27,99,99,99,36,99,99,99,81,57
532,3557,嘉威,居家生活,72,9,81,9,18,9,9,72,90,90,99,99,99,81,81,90,27,81,90,90,90,27,9,81,45,45,61
533,6671,三能-KY,居家生活,9,45,72,27,9,63,27,54,45,45,45,72,72,72,72,81,72,72,81,81,81,90,54,54,90,72,60
534,6754,匯僑設計,居家生活,90,90,63,99,45,90,81,99,81,81,72,45,45,90,90,18,99,99,72,72,72,63,90,90,81,36,75
535,6807,峰源-KY,居家生活,27,54,54,45,99,45,54,9,9,9,9,63,63,63,63,63,9,9,63,63,63,81,81,27,72,27,47
536,8464,億豐,居家生活,36,18,45,18,90,54,45,45,54,54,27,90,90,99,99,36,90,54,54,54,54,72,45,18,63,99,58
537,8482,商億-KY,居家生活,81,72,36,72,36,18,18,36,63,63,90,54,54,54,54,9,18,18,45,45,45,54,72,72,27,18,47
538,9911,櫻花,居家生活,54,81,27,81,27,81,90,90,18,18,81,36,36,36,36,27,63,63,36,36,36,18,36,45,54,90,50
539,9924,福興,居家生活,63,63,99,63,72,72,63,63,72,72,63,27,27,27,27,72,45,45,27,27,27,99,27,36,36,63,53
540,9934,成霖,居家生活,99,99,9,90,54,99,36,81,99,99,54,81,81,45,45,54,54,90,18,18,18,45,63,63,9,54,60
541,9935,慶豐富,居家生活,18,36,18,36,63,36,72,27,36,36,18,9,9,9,9,45,81,36,9,9,9,9,18,9,18,9,26
542,2101,南港,橡膠工業,45,27,81,36,81,81,36,99,27,27,18,54,63,72,54,45,18,27,99,99,99,63,81,99,36,72,59
543,2102,泰豐,橡膠工業,81,90,72,63,72,90,63,90,99,99,45,90,9,63,63,9,99,99,90,90,90,54,72,90,27,63,72
544,2103,台橡,橡膠工業,18,9,9,18,36,9,72,9,9,9,9,81,90,99,90,90,45,72,81,81,81,18,63,72,99,99,53
545,2104,國際中橡,橡膠工業,9,36,99,9,90,18,81,18,54,45,90,99,99,81,81,81,72,54,72,72,72,36,99,18,45,54,61
546,2105,正新,橡膠工業,27,18,18,45,18,27,27,63,18,18,54,45,54,54,72,18,9,9,63,63,63,90,54,27,72,90,43
547,2106,建大,橡膠工業,36,45,63,99,9,54,90,45,36,36,81,18,27,27,18,63,36,63,54,54,54,81,45,45,54,81,51
548,2107,厚生,橡膠工業,99,99,54,72,99,63,18,54,90,90,72,63,72,36,36,54,54,36,45,45,45,27,9,54,81,45,58
549,2108,南帝,橡膠工業,90,54,27,81,27,36,99,36,45,54,99,72,81,90,99,36,90,90,36,36,36,99,90,81,18,36,63
550,2109,華豐,橡膠工業,54,63,45,90,63,45,9,81,81,81,63,27,36,9,9,27,27,18,27,27,27,72,36,36,9,27,42
551,2114,鑫永銓,橡膠工業,72,81,36,54,54,99,54,72,63,72,36,36,45,18,27,99,63,45,18,18,18,45,27,9,90,18,49
552,6582,申豐,橡膠工業,63,72,90,27,45,72,45,27,72,63,27,9,18,45,45,72,81,81,9,9,9,9,18,63,63,9,44
553,2208,台船,航運業,63,23,75,75,95,15,11,19,23,23,39,23,23,35,43,15,47,55,3,99,99,99,47,27,15,0,42
554,2603,長榮,航運業,3,11,3,31,11,19,75,63,39,31,95,75,83,83,95,35,39,51,23,11,11,43,43,55,91,63,45
555,2605,新興,航運業,39,99,91,87,63,79,39,55,31,59,27,91,91,79,83,83,91,91,27,15,15,7,83,0,31,23,57
556,2606,裕民,航運業,23,87,31,95,31,99,99,51,27,95,99,79,87,87,87,51,87,87,31,19,19,79,3,67,75,95,65
557,2607,榮運,航運業,51,55,51,51,27,47,63,51,71,67,67,27,27,39,51,47,43,27,7,23,23,31,7,43,87,27,43
558,2608,嘉里大榮,航運業,43,19,67,39,59,35,23,59,51,47,47,7,7,15,19,23,7,3,35,27,27,35,11,75,3,31,31
559,2609,陽明,航運業,19,51,15,7,99,23,87,3,79,7,51,71,59,71,71,63,63,59,39,31,31,75,15,3,19,87,46
560,2610,華航,航運業,11,31,19,27,3,39,79,39,15,19,83,87,71,99,99,59,15,43,43,35,35,87,19,91,59,35,48
561,2611,志信,航運業,55,47,27,23,79,27,27,15,47,43,7,31,39,7,23,27,75,75,47,39,39,15,23,7,71,39,37
562,2612,中航,航運業,51,71,35,43,51,67,55,71,99,87,59,59,63,59,75,55,71,71,51,43,43,39,27,11,43,79,57
563,2613,中櫃,航運業,75,51,43,59,19,63,51,75,67,63,31,3,3,3,7,0,51,35,51,47,47,67,31,35,63,43,42
564,2615,萬海,航運業,15,27,7,19,83,91,83,27,3,3,35,55,55,67,63,79,23,23,15,51,51,19,35,95,35,71,43
565,2617,台航,航運業,35,83,39,91,7,95,67,99,11,15,11,47,47,75,59,3,99,99,99,51,51,23,39,19,11,15,50
566,2618,長榮航,航運業,7,39,11,35,0,43,91,43,87,83,19,83,79,95,91,71,3,19,63,55,55,47,3,47,99,67,51
567,2630,亞航,航運業,99,63,83,67,15,51,43,35,83,75,79,11,11,11,11,31,67,63,67,59,59,83,87,23,23,19,51
568,2633,台灣高鐵,航運業,91,3,99,47,55,7,95,47,7,11,51,35,31,51,55,11,51,67,19,63,63,95,95,71,51,99,53
569,2634,漢翔,航運業,67,7,59,63,87,3,3,11,51,39,75,39,35,55,39,39,27,51,71,67,67,63,51,39,7,75,46
570,2636,台驊投控,航運業,95,15,63,71,91,11,7,23,19,99,55,99,99,19,0,95,79,79,75,71,71,3,55,15,67,83,56
571,2637,慧洋-KY,航運業,47,91,23,11,23,83,35,83,43,79,3,43,43,43,35,91,83,83,79,75,75,51,99,79,55,51,58
572,2642,宅配通,航運業,59,59,55,51,47,51,51,87,55,51,87,0,0,0,3,43,19,11,11,79,79,71,59,63,39,55,46
573,2645,長榮航太,航運業,79,35,51,79,71,31,31,31,63,51,71,51,51,63,79,7,31,39,83,83,83,55,63,83,83,11,56
574,5607,遠雄港,航運業,87,43,71,99,35,87,59,7,95,35,63,95,95,31,31,67,55,31,87,87,87,11,67,59,0,7,57
575,5608,四維航,航運業,27,95,87,3,39,71,15,91,75,71,15,63,67,47,47,99,95,95,91,91,91,7,79,99,95,91,67
576,6753,龍德造船,航運業,83,67,47,83,43,59,71,95,59,55,43,19,19,27,15,19,11,7,95,95,95,59,71,51,79,3,53
577,6757,台灣虎航-創,航運業,31,79,95,15,75,75,19,79,35,27,23,67,75,91,67,87,59,47,59,7,7,91,75,31,47,59,55
578,8367,建新國際,航運業,71,75,79,55,67,55,47,67,91,91,91,15,15,23,27,75,35,15,55,3,3,27,91,87,27,47,51
579,2301,光寶科,電腦及週邊設備業,0,0,0,5,73,0,11,0,0,1,11,71,77,85,73,33,0,25,0,99,99,39,91,0,99,67,37
580,2305,全友,電腦及週邊設備業,81,75,49,0,9,77,0,39,97,97,39,5,3,0,21,21,55,55,37,37,37,61,3,27,3,1,36
581,2324,仁寶,電腦及週邊設備業,0,0,19,75,93,0,55,0,0,0,0,65,67,83,85,73,0,9,35,35,35,99,21,0,0,93,36
582,2331,精英,電腦及週邊設備業,0,0,13,0,0,0,0,0,3,0,0,59,57,73,71,79,11,0,33,33,33,1,33,1,37,7,21
583,2352,佳世達,電腦及週邊設備業,1,0,55,29,69,1,0,0,0,0,0,87,85,93,91,41,33,53,31,31,31,45,99,69,67,63,41
584,2353,宏碁,電腦及週邊設備業,7,17,0,83,91,17,75,75,9,13,75,75,69,87,79,77,0,13,29,29,29,15,41,75,31,91,46
585,2356,英業達,電腦及週邊設備業,0,0,0,53,67,0,67,7,0,0,15,31,31,51,49,55,1,33,27,27,27,49,13,3,53,99,29
586,2357,華碩,電腦及週邊設備業,11,11,0,0,75,9,0,15,29,27,91,83,83,97,93,35,31,19,25,25,25,97,97,41,49,61,43
587,2362,藍天,電腦及週邊設備業,27,25,59,89,65,31,31,21,23,23,33,53,51,61,67,63,43,37,23,23,23,3,1,5,69,59,39
588,2364,倫飛,電腦及週邊設備業,85,67,47,31,41,65,89,83,53,51,39,19,19,0,0,93,27,0,21,21,21,89,43,67,0,37,43
589,2365,昆盈,電腦及週邊設備業,69,71,39,11,0,39,21,49,57,55,3,27,23,11,15,89,49,47,19,19,19,13,25,49,65,35,35
590,2376,技嘉,電腦及週邊設備業,17,5,0,69,0,7,63,9,5,7,49,55,55,63,33,61,25,35,17,17,17,81,93,15,39,33,33
591,2377,微星,電腦及週邊設備業,9,1,0,61,25,0,45,11,0,0,23,73,75,81,83,1,0,3,15,15,15,79,23,19,43,5,27
592,2380,虹光,電腦及週邊設備業,59,61,43,0,37,49,0,33,47,45,79,3,0,23,23,9,23,0,13,13,13,11,45,0,0,3,24
593,2382,廣達,電腦及週邊設備業,0,0,11,57,71,79,37,0,0,0,51,81,81,91,89,37,0,17,9,9,9,9,17,51,45,97,36
594,2387,精元,電腦及週邊設備業,33,51,87,45,11,61,19,39,39,41,57,15,13,0,0,0,53,49,0,0,0,7,11,89,97,1,31
595,2395,研華,電腦及週邊設備業,23,15,0,41,0,25,0,35,35,35,0,33,27,65,65,17,0,45,7,7,7,57,3,33,57,83,28
596,2397,友通,電腦及週邊設備業,47,29,71,13,0,41,29,31,41,39,5,0,0,1,0,53,39,41,5,5,5,7,3,0,19,69,23
597,2399,映泰,電腦及週邊設備業,71,95,89,77,39,67,97,43,79,79,81,13,9,17,11,0,57,43,3,3,3,7,3,53,0,1,40
598,2405,輔信,電腦及週邊設備業,89,97,65,63,83,93,91,97,77,75,67,21,21,25,25,13,51,57,1,1,1,7,3,99,15,1,48
599,2417,圓剛,電腦及週邊設備業,67,77,31,73,79,95,79,61,71,69,35,39,41,57,69,91,61,51,0,0,0,37,47,39,73,27,53
600,2425,承啟,電腦及週邊設備業,29,49,73,25,15,37,35,57,65,63,83,41,39,35,41,75,63,61,0,0,0,17,37,47,17,1,39
601,2432,倚天酷碁-創,電腦及週邊設備業,91,79,81,97,0,83,95,65,81,81,85,85,87,89,87,19,97,63,0,0,0,7,39,83,75,29,61
602,2465,麗臺,電腦及週邊設備業,31,47,91,59,7,63,65,95,83,83,13,0,0,19,19,83,13,0,0,0,0,7,49,0,0,1,32
603,2495,普安,電腦及週邊設備業,95,33,35,0,43,47,69,41,85,85,87,7,11,27,27,0,95,97,0,0,0,7,69,0,77,1,40
604,3002,歐格,電腦及週邊設備業,75,91,63,93,87,81,53,93,87,87,65,23,25,21,31,99,93,95,0,0,0,83,53,65,79,1,59
605,3005,神基,電腦及週邊設備業,0,0,0,0,0,0,77,0,0,0,7,95,95,99,99,49,9,29,0,0,0,69,87,23,0,57,31
606,3013,晟銘電,電腦及週邊設備業,0,9,37,37,19,3,27,25,31,33,0,37,29,29,45,0,0,0,0,0,0,7,5,81,0,1,18
607,3017,奇鋐,電腦及週邊設備業,0,0,0,0,77,0,0,0,0,0,9,97,97,59,63,7,0,0,39,0,0,95,85,11,81,73,30
608,3022,威強電,電腦及週邊設備業,43,39,53,49,47,51,59,45,89,89,89,29,37,53,59,43,91,93,11,39,39,7,3,45,83,53,51
609,3046,建碁,電腦及週邊設備業,99,99,99,99,99,99,99,99,99,99,99,79,63,69,95,67,99,99,99,39,39,7,83,57,47,51,80
610,3057,喬鼎,電腦及週邊設備業,77,59,67,0,45,71,23,59,67,65,29,47,47,55,55,31,89,91,43,41,41,21,51,55,11,13,48
611,3060,銘異,電腦及週邊設備業,65,27,33,39,63,29,25,91,63,61,31,0,0,0,0,25,87,89,97,43,43,7,81,59,7,1,41
612,3231,緯創,電腦及週邊設備業,0,0,0,47,97,0,41,0,0,0,21,67,71,75,81,27,0,31,0,97,97,63,95,31,13,89,40
613,3416,融程電,電腦及週邊設備業,51,65,51,51,85,91,85,47,61,59,69,0,0,3,0,29,39,15,95,95,95,59,3,29,55,55,50
614,3494,誠研,電腦及週邊設備業,97,63,45,3,13,87,87,89,49,49,45,9,7,0,0,0,85,87,93,93,93,7,9,9,0,1,43
615,3515,華擎,電腦及週邊設備業,41,73,29,85,59,75,15,63,73,91,63,89,89,95,97,65,83,85,91,91,91,19,3,0,85,75,66
616,3652,精聯,電腦及週邊設備業,61,93,41,67,57,69,51,87,91,77,0,0,0,15,13,23,21,0,89,89,89,87,79,7,1,1,46
617,3701,大眾控,電腦及週邊設備業,25,7,3,43,35,11,43,17,25,21,55,77,73,31,29,0,35,39,87,87,87,35,77,0,0,9,37
618,3706,神達,電腦及週邊設備業,5,3,1,7,27,0,17,13,7,11,19,0,0,45,57,51,19,11,85,85,85,71,3,0,33,45,27
619,3712,永崴投控,電腦及週邊設備業,93,87,95,95,0,85,81,29,21,25,27,69,79,49,35,81,29,23,83,83,83,41,0,37,87,77,57
620,4916,事欣科,電腦及週邊設備業,37,57,7,27,5,27,49,23,33,31,61,61,65,0,0,45,81,83,81,81,81,27,3,79,35,11,42
621,4938,和碩,電腦及週邊設備業,0,0,25,65,89,0,47,0,0,0,25,63,59,77,75,5,0,39,79,79,79,91,7,13,5,85,39
622,5215,科嘉-KY,電腦及週邊設備業,83,89,97,91,0,23,1,5,19,17,1,0,1,0,5,0,7,7,77,77,77,75,75,0,89,17,36
623,5258,虹堡,電腦及週邊設備業,55,69,23,9,31,89,83,81,43,43,47,0,0,0,0,71,41,0,75,75,75,33,29,0,0,47,39
624,6117,迎廣,電腦及週邊設備業,13,23,15,0,33,33,13,85,37,37,17,0,0,0,0,47,5,0,73,73,73,5,0,95,9,43,28
625,6128,上福,電腦及週邊設備業,87,39,39,1,0,39,9,67,27,29,0,0,0,0,0,11,79,81,71,71,71,65,15,73,41,19,36
626,6166,凌華,電腦及週邊設備業,21,21,57,21,0,35,39,79,75,71,93,43,45,41,53,57,37,1,69,69,69,67,89,85,21,41,50
627,6206,飛捷,電腦及週邊設備業,45,41,75,19,55,59,5,37,39,39,53,1,5,5,0,69,77,79,67,67,67,31,19,43,27,49,41
628,6230,尼得科超眾,電腦及週邊設備業,57,31,77,55,61,53,71,77,59,57,95,0,0,13,1,0,75,77,65,65,65,93,71,0,0,25,48
629,6235,華孚,電腦及週邊設備業,39,55,93,35,1,5,0,0,13,9,0,99,99,33,7,59,73,75,63,63,63,77,73,21,51,21,43
630,6277,宏正,電腦及週邊設備業,53,35,61,33,53,43,33,73,51,73,97,45,43,47,51,0,3,0,61,61,61,73,67,25,29,71,48
631,6414,樺漢,電腦及週邊設備業,79,85,27,87,51,73,0,71,93,93,41,91,91,79,77,0,71,73,59,59,59,29,65,97,91,87,66
632,6579,研揚,電腦及週邊設備業,49,43,5,0,29,55,61,55,55,53,77,25,35,37,39,15,45,21,57,57,57,85,27,17,59,31,42
633,6591,動力-KY,電腦及週邊設備業,19,37,85,23,0,19,0,1,17,19,0,51,49,0,3,0,69,71,55,55,55,25,63,63,93,39,35
634,6669,緯穎,電腦及週邊設備業,3,13,0,79,95,13,73,19,0,0,43,11,15,71,43,85,0,5,53,53,53,55,61,87,61,81,41
635,6928,攸泰科技,電腦及週邊設備業,63,83,83,71,23,97,7,51,95,95,59,17,17,7,9,0,47,69,51,51,51,23,31,61,0,23,46
636,6933,AMAX-KY,電腦及週邊設備業,73,81,69,81,81,21,3,3,15,15,0,93,93,39,47,87,67,67,49,49,49,53,59,71,25,15,50
637,8114,振樺電,電腦及週邊設備業,39,45,79,17,49,57,39,69,45,47,37,0,0,0,0,97,65,65,47,47,47,51,35,91,63,65,46
638,8163,達方,電腦及週邊設備業,0,0,17,0,17,0,0,0,11,3,0,57,61,67,61,3,15,27,45,45,45,47,57,35,95,79,30
639,8210,勤誠,電腦及週邊設備業,15,19,21,15,21,15,93,27,1,5,73,49,53,43,37,39,17,0,41,11,11,43,55,93,23,95,35
640,9912,偉聯,電腦及週邊設備業,35,53,9,39,3,45,57,53,69,67,71,35,33,9,17,95,59,59,39,0,0,7,3,77,71,1,39
641,2302,麗正,半導體業,82,88,77,57,39,81,28,63,66,67,41,28,28,24,22,26,99,99,99,99,99,16,86,97,24,16,60
642,2303,聯電,半導體業,14,15,16,34,95,16,29,14,15,15,27,76,78,75,76,68,23,48,38,37,37,78,94,74,93,77,49
643,2329,華泰,半導體業,46,29,48,48,51,25,31,21,46,25,32,24,24,23,30,17,24,23,39,38,38,18,42,32,80,42,34
644,2330,台積電,半導體業,13,13,14,47,96,13,18,13,13,13,17,92,93,95,92,44,14,46,13,39,39,86,98,47,32,62,45
645,2337,旺宏,半導體業,15,21,23,24,82,22,26,19,21,20,22,55,54,59,57,52,35,40,40,40,40,99,73,65,71,63,44
646,2338,光罩,半導體業,64,47,70,16,36,46,60,39,48,49,65,41,41,42,43,66,60,61,41,41,41,34,41,85,79,44,50
647,2340,台亞,半導體業,30,38,66,31,99,23,13,36,36,36,29,32,33,35,36,76,26,13,42,42,42,14,40,34,78,39,39
648,2342,茂矽,半導體業,16,34,29,41,83,33,32,38,43,42,46,35,35,34,37,78,25,43,43,43,43,65,71,54,49,40,44
649,2344,華邦電,半導體業,20,19,20,32,68,19,23,18,17,17,23,63,63,69,67,33,34,35,44,44,44,95,70,82,25,56,42
650,2351,順德,半導體業,31,39,57,51,35,90,89,25,33,30,30,23,23,22,25,32,36,30,45,36,36,64,69,36,72,91,44
651,2363,矽統,半導體業,72,61,81,52,88,68,82,32,71,46,69,69,70,61,65,59,66,55,37,45,45,33,39,94,36,38,59
652,2369,菱生,半導體業,33,33,60,27,70,29,17,45,30,34,31,15,16,19,20,49,57,52,46,47,47,63,38,40,27,36,38
653,2379,瑞昱,半導體業,36,40,21,77,72,49,56,55,69,65,14,95,95,97,96,15,44,50,48,48,48,90,37,45,17,66,56
654,2388,威盛,半導體業,73,76,89,89,34,56,73,69,79,90,67,68,69,72,70,80,65,56,49,49,49,49,64,61,48,34,65
655,2401,凌陽,半導體業,95,62,40,65,33,55,65,75,49,55,62,58,57,62,62,87,64,60,50,50,50,32,66,28,73,46,58
656,2408,南亞科,半導體業,18,18,18,23,89,20,68,16,19,16,60,48,48,51,50,95,39,44,51,51,51,97,65,72,75,98,50
657,2434,統懋,半導體業,84,86,76,55,56,74,21,93,75,76,21,16,17,16,17,38,62,63,52,52,52,31,36,99,13,23,50
658,2436,偉詮電,半導體業,75,71,88,68,32,69,69,68,70,71,77,51,50,56,59,39,61,66,53,53,53,92,35,48,84,53,62
659,2441,超豐,半導體業,34,26,51,42,73,28,33,35,27,29,34,22,22,25,26,23,45,49,54,54,54,61,34,29,20,51,38
660,2449,京元電子,半導體業,25,17,31,14,31,80,91,29,18,21,61,27,29,29,32,94,20,19,55,46,46,52,33,25,66,88,42
661,2451,創見,半導體業,78,58,38,70,30,54,70,53,44,50,63,29,30,27,27,57,30,14,47,34,34,60,32,76,54,19,45
662,2454,聯發科,半導體業,29,28,30,82,94,35,41,48,50,52,68,99,99,99,99,31,15,31,14,24,24,68,62,52,69,70,54
663,2458,義隆,半導體業,52,67,80,78,29,60,49,56,53,58,45,70,71,76,80,19,49,41,26,33,33,58,67,23,23,71,53
664,2481,強茂,半導體業,47,43,58,49,28,41,42,44,35,39,43,25,26,26,21,96,37,29,34,15,15,91,75,22,85,57,43
665,3006,晶豪科,半導體業,74,59,49,73,27,58,44,76,67,70,13,79,79,85,87,79,59,65,17,16,16,57,84,21,53,49,56
666,3014,聯陽,半導體業,63,72,43,81,74,63,72,70,65,68,80,90,91,91,94,34,58,64,18,17,17,30,99,83,86,80,66
667,3016,嘉晶,半導體業,45,35,64,33,26,95,90,60,45,51,39,37,36,36,41,88,52,53,19,18,18,56,31,55,37,21,45
668,3034,聯詠,半導體業,43,46,17,88,93,48,81,89,38,44,75,98,98,98,98,24,53,59,20,19,19,50,30,64,58,83,59
669,3035,智原,半導體業,56,63,47,76,84,59,74,72,62,64,82,87,88,88,88,64,54,58,21,20,20,62,44,79,87,84,65
670,3041,揚智,半導體業,97,70,95,98,53,92,93,96,55,61,90,77,76,73,77,40,55,57,22,21,21,13,15,89,88,47,64
671,3094,聯傑,半導體業,71,91,73,54,25,72,53,83,82,79,57,54,55,49,56,53,56,54,23,22,22,29,28,70,83,22,54
672,3150,鈺寶-創,半導體業,53,44,62,46,24,36,27,61,51,57,40,49,49,53,58,29,63,62,24,14,14,70,27,78,52,15,45
673,3189,景碩,半導體業,23,23,28,29,79,17,71,17,23,19,20,20,19,21,24,16,19,27,16,23,23,81,26,19,64,95,32
674,3257,虹冠電,半導體業,39,66,42,61,23,99,98,88,89,86,86,74,77,58,55,37,69,69,25,25,25,15,25,15,89,25,56
675,3413,京鼎,半導體業,51,45,59,80,22,42,51,30,24,24,28,57,59,57,64,72,18,24,27,26,26,26,90,88,47,79,47
676,3443,創意,半導體業,38,52,24,38,66,61,46,71,90,85,15,97,97,96,97,45,50,38,28,27,27,84,95,50,28,99,59
677,3450,聯鈞,半導體業,50,53,71,58,21,51,38,94,52,59,50,19,15,18,18,86,85,85,29,28,28,27,24,14,91,27,46
678,3530,晶相光,半導體業,93,97,99,17,20,93,88,90,93,98,79,75,75,68,63,14,98,98,30,29,29,35,88,84,51,41,67
679,3532,台勝科,半導體業,26,24,15,15,19,32,54,66,20,23,56,46,46,46,48,21,97,97,31,30,30,93,23,44,50,54,43
680,3545,敦泰,半導體業,32,77,25,26,18,91,97,92,87,84,95,67,68,74,72,42,96,96,32,31,31,48,93,60,35,76,63
681,3583,辛耘,半導體業,40,51,36,43,85,39,40,52,40,48,51,43,44,43,44,67,31,20,33,32,32,80,22,77,16,60,45
682,3588,通嘉,半導體業,70,64,74,62,17,76,62,73,85,83,83,65,65,64,69,48,51,25,56,55,55,25,77,38,68,32,59
683,3592,瑞鼎,半導體業,66,74,45,94,77,65,58,51,88,69,88,91,90,92,91,27,46,39,36,35,35,24,21,66,60,69,61
684,3661,世芯-KY,半導體業,90,94,65,99,58,87,99,99,91,89,71,72,72,77,73,77,68,68,57,56,56,37,45,13,99,74,73
685,3686,達能,半導體業,98,99,98,63,61,98,94,97,94,94,92,53,53,37,19,54,94,94,69,79,79,17,20,93,18,28,69
686,3711,日月光投控,半導體業,17,14,13,92,98,14,80,15,14,14,18,94,92,38,38,89,13,34,15,81,81,98,19,42,30,96,48
687,4919,新唐,半導體業,21,27,19,50,65,18,24,34,37,37,52,59,60,66,61,41,43,47,82,82,82,96,82,43,94,78,54
688,4952,凌通,半導體業,76,83,93,74,16,94,52,67,80,77,48,64,64,71,78,46,93,93,83,83,83,23,18,71,95,26,67
689,4961,天鈺,半導體業,41,82,33,96,64,73,87,95,58,63,85,86,86,89,86,50,92,92,84,84,84,19,81,98,56,82,75
690,4967,十銓,半導體業,85,79,78,60,63,78,22,65,76,75,25,33,32,30,31,98,91,91,85,85,85,22,17,86,33,24,60
691,4968,立積,半導體業,81,85,90,85,15,77,57,74,74,74,73,62,62,63,60,20,48,28,86,86,86,75,79,59,70,81,67
692,5222,全訊,半導體業,62,68,39,56,14,53,50,54,59,62,55,38,38,32,34,13,90,90,87,87,87,94,78,46,43,45,57
693,5269,祥碩,半導體業,83,84,55,91,37,85,85,84,63,66,76,96,96,93,90,36,89,89,88,88,88,21,16,16,67,85,72
694,5285,界霖,半導體業,57,56,37,53,90,47,37,41,77,53,49,18,20,15,16,93,38,21,89,80,80,20,43,17,96,29,49
695,5471,松翰,半導體業,42,81,32,64,59,84,95,91,99,99,97,61,61,65,68,56,88,88,90,89,89,74,56,18,42,86,72
696,6202,盛群,半導體業,77,75,41,69,78,64,66,78,78,78,74,44,43,50,51,55,87,87,91,91,91,53,13,63,74,75,67
697,6239,力成,半導體業,22,20,22,37,81,21,36,22,22,22,33,26,27,33,29,71,17,36,92,92,92,88,76,49,55,73,46
698,6243,迅杰,半導體業,92,96,94,19,62,96,84,85,97,96,59,73,74,67,66,28,86,86,93,93,93,28,58,20,59,72,72
699,6257,矽格,半導體業,49,31,56,36,67,40,43,57,34,40,16,30,31,28,28,74,16,18,94,94,94,87,80,73,45,20,49
700,6271,同欣電,半導體業,44,32,52,40,49,27,25,33,29,31,35,39,40,41,33,22,32,33,95,95,95,72,54,91,19,90,48
701,6415,矽力*-KY,半導體業,58,55,85,71,38,50,48,43,81,87,36,71,73,78,74,51,84,84,96,96,96,51,53,62,82,94,69
702,6423,億而得-創,半導體業,99,93,96,84,54,89,61,81,92,91,78,52,52,55,54,91,70,70,97,97,97,59,83,75,15,14,73
703,6451,訊芯-KY,半導體業,54,41,63,20,91,37,14,47,54,56,44,84,81,84,83,90,83,83,98,98,98,36,51,69,41,18,62
704,6515,穎崴,半導體業,68,57,50,59,75,57,64,59,31,35,26,42,42,45,40,69,21,17,81,90,90,71,85,24,22,87,54
705,6525,捷敏-KY,半導體業,55,37,69,39,46,43,39,37,28,32,24,82,82,82,81,99,27,32,80,78,78,73,87,90,97,31,60
706,6526,達發,半導體業,59,49,68,25,92,45,19,31,57,45,54,93,94,94,95,43,82,82,79,68,68,43,89,68,29,17,61
707,6531,愛普*,半導體業,88,92,87,93,60,86,55,80,96,93,98,89,89,79,75,92,81,81,78,77,77,47,91,80,76,68,81
708,6533,晶心科,半導體業,87,89,83,67,57,79,67,77,83,80,84,31,25,87,85,30,80,80,60,59,59,42,48,26,26,97,65
709,6552,易華電,半導體業,61,48,35,95,87,38,96,24,47,33,99,13,13,13,14,73,79,79,61,60,60,41,52,27,14,30,50
710,6573,虹揚-KY,半導體業,65,54,92,66,48,88,47,28,61,38,37,81,84,81,84,81,40,22,62,61,61,40,92,95,46,48,62
711,6695,芯鼎,半導體業,91,90,86,72,41,83,59,79,98,92,96,66,66,70,71,35,78,78,63,62,62,77,59,35,39,33,68
712,6719,力智,半導體業,96,80,79,75,55,71,75,86,84,81,87,60,58,54,53,60,77,77,64,63,63,85,55,30,34,67,68
713,6756,威鋒電子,半導體業,86,95,91,18,45,75,63,82,68,88,89,80,80,80,79,58,76,76,65,64,64,44,46,67,92,52,70
714,6770,力積電,半導體業,19,16,26,13,80,15,35,20,16,18,64,47,47,47,49,82,28,45,66,65,65,83,97,41,63,92,48
715,6789,采鈺,半導體業,27,36,53,45,97,34,92,23,32,28,93,45,45,52,46,61,47,51,67,66,66,38,61,96,90,50,55
716,6799,來頡,半導體業,94,98,97,97,52,97,86,87,95,95,94,56,56,44,45,84,75,75,59,58,58,45,47,39,57,59,71
717,6854,錼創科技-KY創,半導體業,35,60,72,44,40,62,76,42,60,54,66,83,83,83,82,62,74,74,68,67,67,82,60,37,61,89,65
718,6937,天虹,半導體業,69,65,67,83,86,44,20,49,64,97,53,36,37,39,39,65,29,15,70,69,69,54,63,81,62,55,57
719,8016,矽創,半導體業,89,78,82,90,47,70,83,62,86,82,91,88,87,90,93,85,73,73,71,70,70,76,74,51,98,93,79
720,8028,昇陽半導體,半導體業,24,42,61,35,71,30,15,26,25,26,19,34,34,31,35,18,22,16,72,71,71,55,49,53,65,65,41
721,8081,致新,半導體業,79,73,44,87,76,67,78,64,72,72,81,85,85,86,89,70,72,72,73,72,72,39,50,87,81,64,73
722,8110,華東,半導體業,48,30,54,21,69,31,16,50,42,47,42,17,18,17,15,75,42,37,74,73,73,69,68,58,40,37,45
723,8131,福懋科,半導體業,37,25,27,22,50,26,30,46,39,43,47,21,21,20,23,25,41,26,75,74,74,89,14,33,31,43,39
724,8150,南茂,半導體業,28,22,46,30,44,24,34,27,26,27,38,40,39,40,42,63,33,42,76,75,75,66,96,92,77,61,49
725,8162,微矽電子,半導體業,60,50,34,28,43,52,45,40,41,41,58,14,14,14,13,83,71,71,77,76,76,67,72,57,44,13,48
726,8261,富鼎,半導體業,80,87,75,86,42,82,79,98,73,73,72,78,67,60,52,47,95,95,58,57,57,46,57,31,21,35,66
727,8271,宇瞻,半導體業,67,69,84,79,13,66,77,58,56,60,70,50,51,48,47,97,67,67,35,13,13,79,29,56,38,58,56
728,2312,金寶,其他電子業,25,21,61,51,77,21,53,21,23,23,53,87,85,91,91,91,19,37,99,99,99,97,59,71,31,87,60
729,2317,鴻海,其他電子業,19,19,19,69,99,19,39,19,19,19,25,93,93,99,99,61,23,27,57,57,57,53,99,75,33,89,53
730,2354,鴻準,其他電子業,91,93,29,99,95,25,43,23,27,27,51,95,95,97,97,73,27,43,55,55,55,17,21,29,79,73,58
731,2359,所羅門,其他電子業,63,57,55,31,69,59,59,59,93,91,69,53,55,59,61,29,53,67,53,53,53,69,67,49,75,59,60
732,2360,致茂,其他電子業,59,49,85,91,35,49,97,41,51,51,97,73,73,81,83,33,41,61,51,51,51,71,69,53,59,97,64
733,2373,震旦行,其他電子業,47,63,51,63,71,55,49,67,55,57,43,29,31,43,41,57,49,33,49,49,49,45,23,85,55,67,51
734,2390,云辰,其他電子業,45,55,39,55,83,47,41,49,49,49,57,41,35,45,53,71,57,63,47,47,47,43,25,83,25,47,50
735,2404,漢唐,其他電子業,95,77,65,93,63,61,79,65,99,99,71,89,89,93,95,49,59,53,45,45,45,51,27,77,51,43,68
736,2423,固緯,其他電子業,81,65,75,67,23,97,91,61,71,77,75,63,67,71,73,59,59,59,43,43,43,77,29,47,77,69,64
737,2433,互盛電,其他電子業,65,99,95,77,59,79,65,69,79,65,55,27,21,35,43,25,61,59,39,39,39,41,31,67,43,71,56
738,2459,敦吉,其他電子業,67,91,87,73,57,77,61,71,83,93,61,75,79,73,77,17,63,57,21,21,21,79,97,21,97,31,63
739,2461,光群雷,其他電子業,99,59,67,35,65,63,55,59,67,69,59,35,37,39,37,69,65,55,37,37,37,39,83,97,61,25,56
740,2464,盟立,其他電子業,43,53,47,57,89,45,25,45,47,47,47,65,63,75,67,39,67,71,35,35,35,55,17,59,27,65,51
741,2474,可成,其他電子業,21,23,27,21,31,23,19,75,41,41,23,21,23,27,25,63,31,41,33,33,33,35,33,19,35,99,34
742,2477,美隆電,其他電子業,83,85,89,83,51,83,71,77,75,81,85,37,39,41,39,31,51,75,31,31,31,89,35,43,41,39,58
743,2482,連宇,其他電子業,71,69,91,81,53,73,69,79,91,89,59,47,45,49,45,89,55,29,29,29,29,33,87,27,85,19,59
744,2488,漢平,其他電子業,75,71,93,89,55,69,99,57,73,79,87,61,61,63,47,19,73,79,27,27,27,99,89,35,71,21,63
745,3018,隆銘綠能,其他電子業,29,29,37,47,79,33,33,31,31,31,33,59,49,53,63,45,71,81,25,25,25,27,37,87,17,23,42
746,3030,德律,其他電子業,49,61,59,53,19,59,81,81,61,61,99,71,71,79,85,37,43,35,23,23,23,87,93,45,65,77,59
747,3043,科風,其他電子業,31,31,33,49,81,37,35,33,33,33,39,17,19,17,17,65,77,85,59,59,59,25,95,89,23,27,45
748,3305,昇貿,其他電子業,93,81,23,59,21,89,77,99,69,75,81,39,41,31,21,55,99,99,59,59,59,67,81,55,63,29,62
749,3518,柏騰,其他電子業,33,35,35,43,91,39,31,37,37,37,35,69,65,61,71,79,81,89,61,61,61,57,47,17,19,75,53
750,3617,碩天,其他電子業,73,75,83,87,67,67,75,83,65,67,77,83,83,85,87,87,83,91,63,63,63,37,39,81,45,79,73
751,3665,貿聯-KY,其他電子業,23,25,53,61,97,27,51,25,25,25,29,33,33,25,33,95,21,39,97,97,97,49,41,63,89,95,52
752,4588,玖鼎電力,其他電子業,85,83,97,71,25,81,59,85,81,73,65,45,47,37,27,85,87,93,95,95,95,95,65,41,49,33,69
753,5225,東科-KY,其他電子業,37,39,31,33,27,29,27,43,43,43,45,57,57,55,49,67,45,47,93,93,93,23,43,65,91,35,50
754,6139,亞翔,其他電子業,59,87,81,95,29,91,93,87,77,83,93,85,87,77,55,27,35,49,91,91,91,59,45,57,29,37,69
755,6196,帆宣,其他電子業,57,47,99,85,37,51,73,51,59,59,89,91,91,95,93,53,47,45,89,89,89,93,85,37,93,81,72
756,6201,亞弘電,其他電子業,39,41,45,29,93,43,45,47,45,45,37,23,25,23,35,23,89,95,87,87,87,29,49,69,47,41,51
757,6215,和椿,其他電子業,89,89,77,65,33,87,67,89,89,87,79,43,43,51,51,43,33,19,85,85,85,31,63,23,95,63,64
758,6283,淳安,其他電子業,27,27,41,41,85,41,29,39,39,39,31,81,81,67,79,99,91,77,83,83,83,85,61,73,37,45,60
759,6409,旭隼,其他電子業,53,45,21,19,47,93,83,53,53,53,73,99,99,87,69,93,25,21,81,81,81,63,91,93,21,93,65
760,6438,迅得,其他電子業,61,73,71,79,49,71,47,91,21,21,19,51,59,57,75,35,95,51,79,79,79,83,55,51,67,83,62
761,6558,興能高,其他電子業,55,51,49,23,73,53,23,27,59,59,27,77,75,65,59,97,97,97,77,77,77,81,57,91,81,49,64
762,6658,聯策,其他電子業,35,33,43,45,87,35,37,35,35,35,41,49,51,29,31,75,75,83,75,75,75,19,53,25,87,51,51
763,6691,洋基工程,其他電子業,77,97,69,97,39,85,87,93,29,29,21,97,97,89,89,51,39,31,73,73,73,65,79,61,53,53,67
764,6698,旭暉應材,其他電子業,87,67,25,59,41,95,89,95,87,85,83,19,17,19,19,83,93,73,71,71,71,75,77,99,69,55,66
765,6743,安普新,其他電子業,51,37,59,27,43,31,21,29,57,55,49,67,69,69,65,41,85,65,69,69,69,91,75,39,39,57,55
766,6830,汎銓,其他電子業,79,59,63,37,61,65,57,55,97,95,91,79,77,83,81,21,69,69,67,67,67,73,73,33,83,85,69
767,8021,尖點,其他電子業,41,43,57,25,75,57,85,97,63,63,95,25,27,33,29,77,37,25,65,65,65,61,71,79,73,91,59
768,8201,無敵,其他電子業,97,79,73,39,45,99,95,63,95,97,67,55,53,47,57,47,79,87,41,41,41,47,51,31,57,61,63
769,8499,鼎炫-KY,其他電子業,69,95,79,75,17,75,63,73,85,71,63,31,29,21,23,81,29,23,19,19,19,21,19,95,99,17,50
770,2314,台揚,通信網路業,41,55,89,45,13,45,37,37,65,63,67,41,43,43,33,83,43,39,99,99,99,31,43,65,27,65,54
771,2321,東訊,通信網路業,71,87,83,33,85,59,39,79,89,93,17,37,37,35,35,27,55,53,57,55,55,77,31,81,31,33,55
772,2332,友訊,通信網路業,73,77,29,15,53,77,27,81,73,83,61,79,85,77,85,99,57,55,55,53,53,67,17,49,51,59,61
773,2345,智邦,通信網路業,37,31,37,97,19,43,91,67,23,23,69,89,93,95,77,61,19,41,53,51,51,17,67,61,47,15,53
774,2412,中華電,通信網路業,17,15,23,29,67,17,45,83,27,27,31,95,35,97,97,55,23,47,17,49,49,99,99,85,73,81,53
775,2419,仲琦,通信網路業,55,43,41,67,21,51,73,27,51,49,51,93,91,91,93,59,61,57,51,47,47,61,19,83,55,17,56
776,2424,隴華,通信網路業,85,67,61,71,23,83,89,59,47,47,27,33,33,45,45,89,63,57,49,45,45,63,69,47,37,19,54
777,2439,美律,通信網路業,27,29,43,77,99,15,29,53,37,39,77,87,75,69,59,71,65,59,47,43,43,65,21,19,35,91,53
778,2444,兆勁,通信網路業,49,61,95,31,25,61,17,49,91,79,41,13,13,13,19,63,67,61,45,41,41,45,73,89,45,21,48
779,2450,神腦,通信網路業,45,51,59,93,27,49,97,91,57,59,91,23,21,23,27,81,39,63,39,39,39,97,97,79,59,79,59
780,2455,全新,通信網路業,47,35,53,21,33,37,33,21,67,55,55,43,45,49,37,41,41,29,41,37,37,91,23,33,77,97,45
781,2485,兆赫,通信網路業,31,47,75,57,35,47,55,39,69,67,83,15,17,15,15,91,15,19,23,35,35,95,25,21,13,23,41
782,2498,宏達電,通信網路業,61,41,51,35,51,35,23,57,49,53,43,75,77,87,69,69,53,69,37,33,33,43,91,57,61,83,55
783,3025,星通,通信網路業,53,33,19,73,89,33,65,31,21,21,53,73,81,53,57,93,77,51,35,31,31,59,77,87,81,25,54
784,3027,盛達,通信網路業,87,95,91,85,73,99,99,61,71,71,21,39,41,39,51,65,75,73,33,29,29,69,93,27,39,85,63
785,3045,台灣大,通信網路業,21,19,31,25,69,23,21,93,25,25,39,59,63,71,75,97,51,71,31,27,27,83,95,39,53,99,51
786,3047,訊舟,通信網路業,95,79,77,91,15,81,75,95,55,57,59,61,55,65,71,47,81,77,29,25,25,89,79,29,79,27,62
787,3062,建漢,通信網路業,65,89,49,17,71,97,79,77,97,99,23,91,95,79,95,37,83,79,27,23,23,13,81,97,29,29,63
788,3138,耀登,通信網路業,99,99,97,99,79,91,31,97,87,91,15,97,97,93,83,85,85,81,25,21,21,75,83,43,71,67,74
789,3311,閎暉,通信網路業,57,69,55,41,49,73,15,51,85,75,37,17,15,27,17,95,87,83,57,19,19,19,27,71,17,31,46
790,3380,明泰,通信網路業,81,53,73,89,43,55,57,35,35,37,99,53,53,73,89,67,49,45,43,57,57,49,85,91,69,73,62
791,3419,譁裕,通信網路業,77,81,63,65,59,79,83,71,75,81,75,47,49,51,49,25,35,23,59,57,57,87,29,37,75,75,60
792,3447,展達,通信網路業,75,59,27,57,93,53,41,65,63,69,73,71,69,89,91,39,91,87,63,59,59,15,41,63,99,41,64
793,3596,智易,通信網路業,35,27,21,81,97,27,81,29,29,31,71,99,99,99,99,49,93,89,97,81,81,79,33,41,23,77,64
794,3669,圓展,通信網路業,83,65,39,19,29,71,57,63,59,61,57,45,47,57,65,51,95,91,95,97,97,51,89,23,91,71,64
795,3694,海華,通信網路業,69,39,99,59,37,31,25,41,53,57,93,83,79,75,81,21,25,25,93,95,95,21,35,69,43,35,57
796,3704,合勤控,通信網路業,39,45,25,95,87,95,95,55,39,41,65,85,89,81,79,73,47,27,91,93,93,53,13,55,41,69,64
797,4904,遠傳,通信網路業,19,17,35,27,57,21,77,15,43,29,79,57,57,63,67,77,79,95,15,91,91,93,37,35,65,95,55
798,4906,正文,通信網路業,23,23,45,49,39,29,59,25,31,33,57,77,83,85,87,57,45,35,89,89,89,81,39,51,57,37,54
799,4977,眾達-KY,通信網路業,29,37,33,51,83,41,51,33,41,43,63,51,59,55,63,15,97,75,87,87,87,23,61,31,93,39,55
800,5388,中磊,通信網路業,43,25,15,83,95,25,69,23,19,19,47,81,87,61,39,53,27,31,85,85,85,57,75,53,33,89,54
801,6136,富爾特,通信網路業,91,97,93,87,75,93,49,69,77,77,19,35,39,33,47,87,89,49,83,83,83,25,45,59,95,43,66
802,6142,友勁,通信網路業,67,57,67,37,31,57,47,43,79,73,85,19,19,17,13,43,31,21,81,79,79,27,47,73,67,47,50
803,6152,百一,通信網路業,51,93,81,39,41,39,87,75,93,95,95,49,51,59,61,17,73,97,79,61,61,29,49,25,97,53,63
804,6216,居易,通信網路業,93,91,65,69,77,89,63,99,81,89,81,65,71,67,73,35,71,93,19,77,77,73,51,45,15,55,69
805,6285,啟碁,通信網路業,25,21,17,75,91,19,61,17,17,17,49,63,65,83,41,45,17,43,77,75,75,71,87,95,49,93,53
806,6416,瑞祺電通,通信網路業,89,83,57,63,63,87,85,89,95,97,97,31,31,31,31,23,69,85,75,73,73,35,53,75,83,57,67
807,6426,統新,通信網路業,57,71,85,55,81,57,43,47,99,85,89,21,23,21,23,13,29,17,73,71,71,37,57,77,63,63,55
808,6442,光聖,通信網路業,15,73,79,61,65,85,71,87,15,15,29,27,29,25,21,79,59,67,71,69,69,39,63,93,89,61,56
809,6674,鋐寶科技,通信網路業,97,85,69,79,45,67,67,73,83,87,25,55,61,41,43,31,57,65,69,67,67,41,59,67,19,51,60
810,6792,詠業,通信網路業,59,49,57,23,17,63,35,19,57,51,35,29,27,29,29,33,37,33,67,65,65,47,71,17,87,87,46
811,6863,永道-KY,通信網路業,63,57,87,53,47,65,19,45,33,35,45,69,73,47,55,19,33,37,65,63,63,33,55,15,85,49,50
812,8011,台通,通信網路業,33,75,47,47,61,69,53,85,61,65,33,25,25,19,25,75,21,15,61,17,17,55,65,99,25,45,47
813,8101,華冠,通信網路業,79,63,71,43,55,75,93,57,45,45,87,67,67,37,53,29,99,99,21,15,15,85,15,13,21,13,52
814,2323,中環,光電業,82,45,97,35,53,50,36,69,83,79,91,45,49,45,47,71,47,38,31,99,99,58,31,94,62,32,60
815,2349,錸德,光電業,90,57,54,97,47,66,95,76,70,77,39,43,50,54,46,43,81,76,51,63,63,37,42,79,40,36,60
816,2374,佳能,光電業,95,98,63,94,42,96,79,80,93,92,46,85,85,93,95,56,80,77,52,62,62,71,56,48,76,64,75
817,2393,億光,光電業,55,44,61,61,66,44,56,52,46,48,76,73,72,83,79,93,38,52,53,61,61,56,71,47,84,91,62
818,2406,國碩,光電業,96,88,94,70,31,76,55,77,65,70,73,53,55,61,67,72,79,79,54,60,60,53,70,51,39,34,65
819,2409,友達,光電業,33,32,31,49,55,31,92,32,31,31,70,87,86,91,86,79,32,68,55,59,59,62,72,93,86,98,62
820,2426,鼎元,光電業,42,55,81,47,32,43,38,42,62,60,68,35,34,39,35,82,62,57,56,58,58,49,64,67,81,39,53
821,2429,銘旺科,光電業,97,97,92,65,91,88,73,61,72,69,42,64,65,31,31,31,77,82,50,57,57,55,65,62,37,51,64
822,2438,翔耀,光電業,63,71,69,79,85,62,49,59,56,56,54,42,42,33,33,80,78,83,57,56,56,45,67,80,32,58,59
823,2466,冠西電,光電業,91,94,77,63,35,95,63,99,90,91,81,38,38,36,32,36,72,50,59,55,55,65,69,95,43,33,64
824,2486,一詮,光電業,85,68,46,38,60,65,59,46,76,62,77,52,43,48,52,41,60,51,60,54,54,63,73,40,80,54,58
825,2489,瑞軒,光電業,57,54,53,88,69,67,97,73,36,37,66,91,91,96,97,46,59,86,61,53,53,95,77,50,66,53,68
826,2491,吉祥全,光電業,87,80,50,58,45,87,60,72,68,73,65,68,68,41,51,51,82,87,62,52,52,42,34,81,41,52,62
827,3008,大立光,光電業,47,38,60,59,65,41,66,65,39,42,41,86,87,92,87,39,37,58,63,51,51,67,35,41,60,94,58
828,3019,亞光,光電業,74,65,83,91,62,68,88,75,85,84,95,67,67,79,75,45,64,62,64,50,50,41,36,64,90,50,68
829,3024,憶聲,光電業,68,83,68,84,81,78,54,87,66,74,55,63,64,44,45,55,85,90,58,49,49,94,39,78,54,49,66
830,3031,佰鴻,光電業,60,74,65,76,79,58,51,57,55,53,58,88,90,76,81,74,86,91,48,48,48,72,74,91,68,48,68
831,3038,全台,光電業,83,61,44,40,76,51,57,71,61,65,93,50,52,58,53,50,58,55,41,47,47,68,45,90,88,47,60
832,3049,精金,光電業,43,50,57,99,70,42,99,45,50,51,98,65,59,70,70,38,99,99,47,33,33,57,75,61,31,46,61
833,3050,鈺德,光電業,88,82,88,33,95,82,33,51,89,66,35,46,45,50,60,32,89,94,35,34,34,38,48,84,70,45,59
834,3051,力特,光電業,45,64,82,55,74,53,43,88,57,61,71,41,40,40,43,67,42,63,36,35,35,99,76,71,34,44,56
835,3059,華晶科,光電業,35,33,40,96,68,86,77,97,87,89,43,97,97,97,98,57,67,48,37,36,36,36,52,96,92,43,67
836,3149,正達,光電業,73,56,72,37,73,55,39,91,58,64,61,40,41,43,40,54,63,46,38,37,37,35,88,36,61,42,53
837,3168,眾福科,光電業,89,84,78,56,38,98,90,92,94,94,47,95,95,90,93,91,91,98,39,38,38,70,40,74,55,31,73
838,3356,奇偶,光電業,61,73,66,77,84,57,48,55,53,58,59,83,83,86,88,88,92,75,34,32,32,34,49,87,79,90,66
839,3406,玉晶光,光電業,62,72,67,78,80,59,50,54,54,57,57,74,74,74,64,37,34,34,40,39,39,69,99,57,94,41,60
840,3437,榮創,光電業,71,75,87,71,89,77,65,83,81,87,92,49,44,51,49,76,45,39,42,41,41,46,95,66,57,40,64
841,3454,晶睿,光電業,81,92,91,93,97,80,34,98,91,93,33,92,89,87,90,81,94,95,43,42,42,81,47,56,95,81,77
842,3481,群創,光電業,32,31,32,46,57,32,45,31,32,32,67,71,70,80,77,53,36,69,32,43,43,74,98,58,71,99,54
843,3504,揚明光,光電業,56,60,73,66,90,73,64,79,75,80,89,54,54,68,55,60,55,49,44,44,44,33,46,82,96,82,64
844,3535,晶彩科,光電業,75,34,37,48,49,91,83,94,96,96,86,76,75,81,84,40,68,41,45,45,45,89,94,46,97,83,69
845,3543,州巧,光電業,54,62,74,72,39,99,94,66,67,71,85,60,61,64,63,34,43,70,46,46,46,88,93,44,64,38,63
846,3563,牧德,光電業,92,99,75,92,41,93,87,62,74,68,44,90,88,88,89,63,56,64,65,64,64,87,44,43,67,37,71
847,3576,聯合再生,光電業,53,49,86,64,52,49,61,41,49,50,72,59,56,60,50,94,52,53,49,40,40,97,43,42,47,85,57
848,3591,艾笛森,光電業,77,95,85,89,34,92,82,82,88,90,90,82,82,67,54,92,73,73,99,65,65,83,89,72,65,97,79
849,3622,洋華,光電業,44,93,76,69,33,94,86,78,82,85,87,89,92,85,85,87,98,80,84,75,75,86,50,89,51,35,76
850,3673,TPK-KY,光電業,40,37,34,81,87,35,96,48,34,36,97,62,62,46,57,64,44,93,98,98,98,85,41,37,77,87,64
851,3714,富采,光電業,34,36,35,45,51,48,71,33,48,35,63,80,81,82,76,61,40,65,97,97,97,84,97,75,87,95,66
852,4934,太極,光電業,84,52,51,43,50,52,98,35,78,46,99,99,99,98,99,68,84,81,96,96,96,39,38,85,45,57,72
853,4935,茂林-KY,光電業,66,67,56,42,63,70,40,89,71,82,38,79,79,65,72,86,53,54,95,95,95,40,37,63,63,89,67
854,4942,嘉彰,光電業,80,96,96,60,93,84,69,60,73,67,60,72,76,69,44,78,88,89,94,94,94,90,92,39,78,55,77
855,4949,有成精密,光電業,79,91,80,98,37,90,78,85,64,72,45,56,58,47,56,95,46,31,93,93,93,82,91,98,72,56,73
856,4956,光鋐,光電業,86,77,45,39,46,72,58,50,63,63,32,37,36,42,41,84,97,92,92,92,92,93,90,49,42,61,64
857,4960,誠美材,光電業,38,51,43,62,56,47,76,39,41,39,79,58,53,56,69,66,49,45,33,91,91,59,33,59,36,79,56
858,4976,佳凌,光電業,67,59,52,53,64,64,67,70,92,83,37,36,37,37,48,59,57,47,91,90,90,80,32,32,74,73,61
859,5234,達興材料,光電業,51,81,55,85,59,63,91,40,59,59,36,98,98,99,96,73,75,60,90,89,89,61,96,33,56,72,72
860,5243,乙盛-KY,光電業,59,78,98,68,78,54,42,49,45,47,50,84,84,75,71,75,33,43,89,88,88,43,51,34,38,88,64
861,5244,弘凱,光電業,93,89,89,34,94,83,35,84,97,97,34,94,94,95,94,33,74,36,88,87,87,79,79,35,59,86,75
862,5484,慧友,光電業,72,39,79,90,40,97,84,90,98,98,96,47,46,52,59,70,96,74,87,86,86,32,53,70,50,68,72
863,6116,彩晶,光電業,36,35,38,36,48,36,41,34,35,34,52,55,57,78,78,58,35,42,86,85,85,64,87,97,93,84,58
864,6120,達運,光電業,50,46,58,73,71,38,47,63,37,38,69,93,93,89,92,65,54,71,85,84,84,44,68,65,69,67,66
865,6164,華興,光電業,69,86,64,50,43,74,75,93,99,99,64,75,73,59,74,48,95,97,83,83,83,96,86,52,49,63,74
866,6168,宏齊,光電業,70,66,95,67,92,79,70,81,69,78,84,51,51,63,62,77,93,96,68,82,82,31,66,38,73,80,72
867,6176,瑞儀,光電業,48,41,42,83,58,40,62,68,38,40,51,96,96,94,91,52,39,67,82,68,68,91,85,54,35,96,65
868,6209,今國光,光電業,99,58,99,31,75,56,44,67,79,76,31,31,31,32,34,85,70,59,81,69,69,92,84,53,91,59,64
869,6225,天瀚,光電業,64,70,70,75,83,61,52,56,52,54,53,69,69,71,83,98,90,88,80,70,70,47,63,99,33,66,69
870,6226,光鼎,光電業,65,69,71,74,82,60,53,58,51,55,56,77,77,73,66,96,87,85,79,71,71,78,83,73,89,75,72
871,6278,台表科,光電業,52,47,47,86,54,46,80,47,47,49,83,57,63,53,39,89,83,84,78,72,72,98,82,92,58,60,66
872,6405,悅城,光電業,98,90,59,51,44,71,37,36,60,52,48,34,35,35,36,42,51,33,77,73,73,60,81,60,98,62,58
873,6443,元晶,光電業,41,48,33,54,67,45,46,38,42,41,62,44,39,38,37,35,31,35,76,67,67,66,61,77,75,77,52
874,6456,GIS-KY,光電業,49,76,41,95,99,37,68,44,33,33,78,78,78,66,73,97,41,72,75,74,74,54,62,83,85,93,68
875,6477,安集,光電業,39,40,90,57,96,85,72,86,84,88,88,32,33,34,38,99,48,32,74,76,76,77,60,76,44,65,65
876,6668,中揚光,光電業,78,85,84,32,88,81,31,74,77,81,49,48,48,57,42,47,65,44,73,77,77,52,59,68,82,74,64
877,6706,惠特,光電業,94,87,93,80,36,89,74,95,95,95,94,33,32,72,68,49,50,37,72,78,78,76,58,55,48,76,70
878,6742,澤米,光電業,58,79,62,41,61,69,93,96,80,86,80,39,47,55,58,69,71,56,71,79,79,51,57,45,53,69,66
879,6916,華凌,光電業,46,42,39,87,98,39,81,53,40,44,82,61,60,49,65,83,76,78,70,80,80,50,80,69,46,70,64
880,8104,錸寶,光電業,76,63,49,44,72,75,85,64,86,75,74,70,71,62,61,44,69,40,69,81,81,75,55,88,52,71,67
881,8105,凌巨,光電業,31,43,36,52,77,34,89,37,43,43,40,66,66,77,80,62,66,66,67,66,66,48,54,86,83,78,60
882,8215,明基材,光電業,37,53,48,82,86,33,32,43,44,45,75,81,80,84,82,90,61,61,66,31,31,73,78,31,99,92,62
883,2347,聯強,電子通路業,19,34,54,59,29,34,14,99,24,24,59,64,64,54,49,84,9,9,99,99,99,94,4,44,39,94,52
884,2414,精技,電子通路業,64,54,89,54,84,74,59,29,84,84,19,19,24,24,19,34,44,39,19,19,19,89,94,39,49,19,48
885,2430,燦坤,電子通路業,49,19,84,34,49,24,39,34,89,89,29,4,4,9,9,29,14,44,24,24,24,19,9,74,19,59,35
886,3010,華立,電子通路業,14,49,49,9,4,49,94,14,49,44,44,89,89,84,74,19,49,49,29,29,29,44,44,4,24,79,44
887,3028,增你強,電子通路業,59,74,79,39,79,64,49,39,59,59,69,39,39,29,39,74,34,19,34,34,34,99,49,24,14,9,48
888,3033,威健,電子通路業,54,89,44,69,9,79,99,44,34,39,49,59,59,49,54,9,29,14,39,39,39,24,19,59,29,69,46
889,3036,文曄,電子通路業,54,44,94,99,44,39,44,49,29,29,54,79,84,79,69,64,54,54,44,44,44,49,54,94,34,99,59
890,3048,益登,電子通路業,69,59,74,84,74,59,54,54,99,99,24,24,14,59,59,39,54,54,49,49,49,59,29,34,54,29,54
891,3055,蔚華科,電子通路業,24,39,54,19,34,44,24,19,39,34,64,84,74,69,84,54,39,34,54,54,54,34,34,99,44,24,47
892,3209,全科,電子通路業,94,99,34,94,19,94,79,54,44,49,79,44,44,39,44,4,99,99,54,54,54,29,39,14,4,64,55
893,3312,弘憶股,電子通路業,79,64,64,44,69,69,54,64,69,69,34,34,34,19,24,14,69,69,59,59,59,64,99,29,99,74,57
894,3528,安馳,電子通路業,74,79,59,89,59,84,69,69,54,54,74,29,29,64,64,79,74,74,64,64,64,54,64,19,64,14,61
895,3702,大聯大,電子通路業,29,29,14,74,24,19,19,74,14,14,9,74,79,89,99,69,79,79,69,69,69,69,69,49,59,89,55
896,5434,崇越,電子通路業,39,54,9,49,94,54,64,79,54,54,99,94,99,99,94,44,84,84,74,74,74,74,24,79,94,84,70
897,6189,豐藝,電子通路業,84,84,99,64,14,54,74,84,64,64,89,54,54,44,29,94,89,89,79,79,79,79,74,89,79,54,71
898,6281,全國電,電子通路業,34,14,24,24,39,14,29,89,19,19,14,9,9,14,14,49,19,24,84,84,84,84,79,9,9,49,36
899,6776,展碁國際,電子通路業,89,69,39,54,89,99,84,94,79,79,94,49,49,34,34,89,94,94,89,89,89,14,84,64,84,44,72
900,8070,長華*,電子通路業,9,9,19,14,99,9,9,9,9,9,84,69,69,94,89,59,24,29,94,94,94,9,14,69,74,39,46
901,8072,陞泰,電子通路業,44,24,69,29,64,29,34,59,74,74,39,14,19,4,4,99,64,64,14,14,14,4,89,84,89,4,43
902,8112,至上,電子通路業,99,94,29,79,54,89,89,24,94,94,54,99,94,74,79,24,59,59,9,9,9,39,59,54,69,34,60
903,2427,三商電,資訊服務業,9,99,90,72,90,81,27,99,45,27,27,18,18,18,18,36,45,27,99,99,99,72,99,18,9,18,52
904,2453,凌群,資訊服務業,36,45,36,63,81,27,72,90,27,36,72,63,63,36,54,18,9,9,90,90,90,54,54,90,36,9,52
905,2468,華經,資訊服務業,99,90,81,81,72,90,54,81,63,54,36,9,9,9,9,63,36,18,81,81,81,27,18,99,72,63,57
906,2471,資通,資訊服務業,72,54,99,54,63,63,18,72,99,99,45,90,90,90,90,27,99,99,72,72,72,63,90,63,90,54,73
907,2480,敦陽科,資訊服務業,63,72,72,45,54,99,90,63,72,81,54,45,45,54,63,45,18,45,63,63,63,81,81,9,54,90,61
908,3029,零壹,資訊服務業,54,36,45,27,45,45,81,54,90,72,63,81,81,72,72,99,90,90,54,54,54,45,45,81,81,45,64
909,4994,傳奇,資訊服務業,18,81,63,36,36,72,45,45,54,45,18,36,36,27,27,90,81,81,45,45,45,18,72,54,27,36,47
910,5203,訊連,資訊服務業,90,63,54,18,27,54,63,36,9,9,9,99,99,99,99,9,72,72,36,36,36,36,36,36,45,99,52
911,6112,邁達特,資訊服務業,27,18,9,90,9,36,9,27,81,90,90,54,54,63,45,72,63,63,27,27,27,9,9,72,99,81,48
912,6183,關貿,資訊服務業,45,27,27,9,18,18,36,18,18,63,81,72,72,81,81,81,54,54,18,18,18,99,27,27,18,27,43
913,6214,精誠,資訊服務業,81,9,18,99,99,9,99,9,36,18,99,27,27,45,36,54,27,36,9,9,9,90,63,45,63,72,46
914,2601,益航,貿易百貨,99,21,39,9,93,15,21,99,33,33,9,93,93,87,93,51,99,99,99,99,99,27,99,0,27,39,61
915,2901,欣欣,貿易百貨,21,3,75,93,39,75,3,57,87,87,15,81,81,69,69,39,93,93,15,15,15,63,45,81,51,33,54
916,2903,遠百,貿易百貨,9,15,9,3,99,9,93,63,27,27,93,75,75,75,75,21,27,45,21,21,21,9,69,99,45,87,47
917,2905,三商,貿易百貨,87,99,93,99,0,99,99,69,99,99,99,99,99,81,81,99,9,33,27,27,27,81,93,9,15,3,66
918,2906,高林,貿易百貨,81,93,81,69,15,63,69,51,15,15,45,15,15,51,51,27,75,81,33,33,33,87,75,15,81,9,49
919,2908,特力,貿易百貨,75,87,87,87,21,81,87,81,3,3,81,87,87,93,87,93,33,15,39,39,39,15,87,87,75,15,61
920,2910,統領,貿易百貨,57,45,57,27,27,45,51,51,69,69,69,39,57,63,63,15,63,69,45,45,45,75,63,75,33,21,51
921,2911,麗嬰房,貿易百貨,15,57,33,63,33,69,63,45,45,45,63,3,3,3,9,45,57,63,51,51,51,21,57,21,63,27,41
922,2912,統一超,貿易百貨,3,9,3,51,3,3,15,75,21,21,3,69,69,99,99,75,15,39,3,51,51,99,51,69,93,99,46
923,2913,農林,貿易百貨,51,39,51,33,45,39,45,39,63,63,57,63,33,9,15,63,21,9,57,57,57,93,81,45,3,93,47
924,2915,潤泰全,貿易百貨,27,63,69,75,87,93,75,93,39,39,27,33,63,21,3,9,45,27,63,63,63,57,39,39,21,75,50
925,2929,淘帝-KY,貿易百貨,51,33,21,21,51,33,39,33,57,57,51,57,51,33,39,33,51,51,69,69,69,0,33,33,87,45,45
926,2945,三商家購,貿易百貨,33,75,45,57,57,51,9,27,51,51,33,0,0,0,0,81,3,3,75,75,75,69,27,27,9,81,39
927,4807,日成-KY,貿易百貨,39,51,15,51,63,51,57,3,93,93,87,51,39,45,33,57,69,51,81,81,81,33,21,51,99,51,56
928,5906,台南-KY,貿易百貨,63,51,27,45,69,27,33,21,75,75,51,45,45,39,27,69,81,75,87,87,87,39,15,93,69,57,56
929,5907,大洋-KY,貿易百貨,93,27,51,15,75,21,27,15,51,51,21,27,21,15,21,3,87,87,93,93,93,45,9,57,39,63,46
930,8429,金麗-KY,貿易百貨,69,81,99,81,81,87,81,87,9,9,39,21,27,57,57,0,51,57,9,9,9,51,3,3,0,69,44
931,8443,阿瘦,貿易百貨,45,69,63,39,9,57,51,9,81,81,75,9,9,27,45,87,39,21,51,3,3,3,3,63,57,0,38
932,2616,山隆,油電燃氣業,51,51,27,51,99,63,87,99,51,63,75,27,27,27,27,51,39,39,99,99,99,39,87,63,99,63,62
933,6505,台塑化,油電燃氣業,27,27,75,39,87,27,39,27,27,27,39,87,87,99,99,15,51,51,87,87,87,87,75,27,39,99,58
934,8926,台汽電,油電燃氣業,39,87,63,27,75,39,27,87,39,39,27,99,99,87,75,27,99,99,75,75,75,63,63,15,27,87,62
935,9908,大台北,油電燃氣業,63,63,99,63,63,63,51,75,99,99,87,51,63,63,63,87,87,87,63,63,63,51,51,39,63,51,68
936,9918,欣天然,油電燃氣業,75,99,39,99,51,99,75,63,87,75,51,75,75,51,51,75,75,75,63,63,63,99,99,87,75,75,74
937,9926,新海,油電燃氣業,99,75,87,75,39,87,63,63,63,63,63,63,51,75,87,63,63,63,51,51,51,75,39,75,15,39,63
938,9931,欣高,油電燃氣業,63,63,63,63,27,75,63,51,75,87,63,39,39,39,39,39,63,63,39,39,39,27,27,51,87,27,52
939,9937,全國,油電燃氣業,87,39,51,87,15,51,99,39,63,51,99,15,15,15,15,99,27,27,27,27,27,15,15,99,51,15,45
940,2701,萬企,觀光餐旅,93,99,81,99,93,81,51,99,75,75,21,27,27,15,27,63,99,99,99,99,99,9,39,27,99,33,66
941,2702,華園,觀光餐旅,99,93,45,27,45,99,27,21,93,99,3,45,51,27,21,9,93,93,27,15,15,39,75,51,15,27,48
942,2704,國賓,觀光餐旅,57,51,51,45,9,63,69,27,51,51,57,75,75,75,57,51,63,45,3,21,21,99,15,39,3,9,45
943,2705,六福,觀光餐旅,63,39,33,75,15,33,33,33,33,33,39,21,21,33,33,57,9,75,33,27,27,21,93,69,63,75,42
944,2706,第一店,觀光餐旅,87,87,57,9,21,87,87,39,81,81,15,15,9,3,15,21,27,9,39,33,33,3,3,99,51,15,39
945,2707,晶華,觀光餐旅,27,21,87,63,27,15,57,45,27,27,45,57,57,69,69,75,33,33,45,39,39,57,21,57,21,87,46
946,2712,遠雄來,觀光餐旅,3,69,39,15,33,45,9,3,99,93,75,39,33,21,9,15,75,69,51,45,45,33,27,21,75,21,41
947,2722,夏都,觀光餐旅,75,63,69,33,39,39,3,15,63,69,63,51,45,9,3,45,45,27,21,9,9,93,33,63,39,81,42
948,2723,美食-KY,觀光餐旅,9,57,63,21,51,51,21,9,69,63,69,69,69,87,81,3,57,63,57,51,51,51,99,9,81,93,54
949,2727,王品,觀光餐旅,21,3,27,81,87,3,75,63,21,21,87,9,15,81,87,69,3,39,9,63,63,45,69,45,27,99,47
950,2731,雄獅,觀光餐旅,81,81,99,3,57,93,81,69,87,87,9,81,81,57,51,93,81,81,69,69,69,75,63,33,57,51,68
951,2739,寒舍,觀光餐旅,33,15,21,69,63,9,15,75,9,9,33,93,87,63,75,33,15,15,75,75,75,81,81,93,9,45,49
952,2748,雲品,觀光餐旅,51,27,15,57,69,27,45,81,57,57,81,87,93,51,63,39,51,57,81,81,81,27,45,75,45,57,58
953,2753,八方雲集,觀光餐旅,15,45,3,87,99,69,99,87,39,39,93,99,99,93,99,87,39,21,87,87,87,63,87,81,93,63,72
954,5706,鳳凰,觀光餐旅,45,33,93,51,75,57,63,93,45,45,51,63,63,99,93,99,87,87,93,93,93,69,51,3,87,69,69
955,8940,新天地,觀光餐旅,39,75,75,93,81,75,93,57,3,3,99,33,39,45,39,27,69,51,63,57,57,15,57,15,69,39,53
956,9943,好樂迪,觀光餐旅,69,9,9,39,3,21,39,51,15,15,27,3,3,39,45,81,21,3,15,3,3,87,9,87,33,3,28
957,2801,彰銀,金融保險業,30,42,48,42,21,36,63,99,45,51,84,78,69,75,87,96,45,51,99,99,99,33,39,93,99,81,66
958,2809,京城銀,金融保險業,69,81,96,75,78,75,81,48,72,78,15,21,18,0,6,78,63,96,48,48,48,3,33,30,36,84,53
959,2812,台中銀,金融保險業,51,57,27,51,15,51,18,45,66,72,21,33,30,24,27,27,57,57,45,45,45,18,57,24,84,45,42
960,2816,旺旺保,金融保險業,87,87,90,96,0,81,51,42,99,99,99,12,9,18,12,36,54,51,42,42,42,21,3,6,0,3,45
961,2820,華票,金融保險業,93,96,39,81,6,93,51,39,96,96,42,96,90,90,96,3,66,90,39,39,39,51,6,45,66,24,60
962,2832,台產,金融保險業,90,84,81,87,51,78,87,36,93,93,90,6,12,15,15,24,69,87,36,36,36,57,9,84,9,21,53
963,2834,臺企銀,金融保險業,48,45,60,27,54,96,99,33,81,42,75,42,39,42,54,39,30,27,33,33,33,84,87,27,57,48,51
964,2836,高雄銀,金融保險業,78,78,78,15,69,69,45,27,69,75,12,45,42,33,42,63,48,21,27,27,27,60,12,48,42,36,46
965,2838,聯邦銀,金融保險業,57,51,63,12,27,42,57,6,42,51,54,0,0,6,9,72,6,3,6,6,6,24,15,18,30,18,26
966,2845,遠東銀,金融保險業,66,60,18,36,12,45,9,24,60,69,27,51,45,39,57,18,75,75,24,24,24,66,18,69,3,42,41
967,2849,安泰銀,金融保險業,81,66,72,9,72,54,39,21,57,66,69,9,6,12,21,57,36,54,21,21,21,63,21,63,33,6,40
968,2850,新產,金融保險業,33,48,24,30,66,63,90,18,63,48,78,27,36,36,36,6,51,42,18,18,18,45,24,51,21,15,39
969,2851,中再保,金融保險業,99,99,84,99,60,90,96,15,78,81,96,90,96,99,99,54,87,69,15,15,15,27,27,81,96,12,68
970,2852,第一保,金融保險業,84,93,87,93,57,84,36,12,75,84,93,18,21,21,18,21,51,9,12,12,12,42,30,12,15,0,42
971,2855,統一證,金融保險業,75,72,75,51,75,57,72,9,51,57,63,84,84,87,33,15,90,63,9,9,9,96,69,87,45,39,57
972,2867,三商壽,金融保險業,54,51,3,33,9,99,33,51,90,90,39,3,3,3,3,42,42,24,51,51,51,54,72,15,54,30,40
973,2880,華南金,金融保險業,21,18,51,45,3,15,12,51,12,12,51,66,54,60,72,69,15,18,51,51,51,99,75,72,12,78,44
974,2881,富邦金,金融保險業,3,6,42,90,36,6,30,54,15,15,45,36,27,81,69,90,12,36,54,54,54,78,99,9,27,51,43
975,2882,國泰金,金融保險業,6,3,15,6,93,3,27,57,3,3,6,24,24,84,75,9,3,30,57,57,57,75,96,57,18,93,38
976,2883,開發金,金融保險業,42,21,51,21,84,24,48,60,21,21,48,57,60,54,48,66,60,66,60,60,60,15,36,3,51,54,46
977,2884,玉山金,金融保險業,27,15,45,60,99,21,66,63,24,24,66,54,57,45,63,33,24,33,63,63,63,69,81,42,78,87,52
978,2885,元大金,金融保險業,45,30,57,78,63,33,3,66,30,30,3,87,93,63,66,87,81,72,66,66,66,30,66,21,75,90,56
979,2886,兆豐金,金融保險業,24,27,21,69,42,27,15,69,33,33,36,99,87,93,90,75,93,78,69,69,69,81,93,96,87,33,62
980,2887,台新金,金融保險業,39,33,36,72,96,39,84,72,18,18,51,48,48,66,51,45,84,81,72,72,72,12,51,33,48,99,55
981,2888,新光金,金融保險業,12,12,54,3,30,12,6,75,6,6,9,15,15,27,30,84,33,48,75,75,75,93,54,60,24,96,40
982,2889,國票金,金融保險業,63,69,69,18,33,60,69,78,54,63,72,39,51,30,24,0,78,84,78,78,78,36,78,39,60,57,56
983,2890,永豐金,金融保險業,36,39,30,57,81,30,24,81,36,36,33,69,72,57,60,51,21,15,81,81,81,9,42,90,90,60,52
984,2891,中信金,金融保險業,9,9,6,54,18,9,21,84,9,9,30,93,99,96,93,93,9,39,84,84,84,6,63,36,93,63,50
985,2892,第一金,金融保險業,15,36,12,63,87,66,93,87,87,39,81,81,81,78,84,60,27,45,87,87,87,90,84,99,69,66,69
986,2897,王道銀行,金融保險業,72,75,66,39,90,72,75,90,51,60,24,60,75,48,45,30,39,6,90,90,90,72,60,78,81,69,63
987,5876,上海商銀,金融保險業,51,54,33,84,39,48,78,93,39,45,18,72,63,72,78,48,72,93,93,93,93,39,48,0,63,27,59
988,5880,合庫金,金融保險業,18,24,9,48,45,18,60,96,27,27,57,75,66,69,81,99,18,12,96,96,96,87,90,54,39,72,57
989,6005,群益證,金融保險業,60,63,93,24,24,51,54,30,48,54,60,30,33,9,0,81,96,60,30,30,30,48,45,66,6,75,46
990,6024,群益期,金融保險業,96,90,99,66,48,87,42,3,84,87,87,63,78,51,39,12,99,99,3,3,3,0,3,75,72,9,54
992,3130,一零四,數位雲端,51,51,83,35,99,51,35,99,67,67,35,83,83,83,83,99,51,51,99,99,99,83,67,67,19,51,69
993,6165,浪凡,數位雲端,83,83,67,67,83,83,83,83,51,51,83,51,51,19,19,67,99,99,83,83,83,67,99,99,35,35,69
994,6689,伊雲谷,數位雲端,67,67,99,83,67,67,99,67,99,99,99,35,35,51,51,51,67,67,67,67,67,19,19,83,99,83,68
995,6902,走著瞧-創,數位雲端,67,67,67,51,51,67,67,67,83,83,67,99,99,99,99,19,67,67,67,67,67,51,51,51,51,67,68
996,6906,現觀科,數位雲端,99,99,51,67,35,99,51,51,67,67,67,67,67,67,67,35,83,83,51,51,51,35,83,19,67,19,61
997,8454,富邦媒,數位雲端,35,35,35,99,19,35,67,35,35,35,51,19,19,35,35,83,35,35,35,35,35,99,35,35,83,99,46
998,3708,上緯投控,綠能環保,51,51,57,75,33,51,27,39,45,45,27,99,99,45,21,81,51,15,99,99,99,69,99,33,81,63,60
999,5292,華懋,綠能環保,93,93,75,99,87,69,93,99,93,93,63,45,51,51,63,45,99,99,93,93,93,51,51,81,15,21,73
1000,6581,鋼聯,綠能環保,21,45,27,15,75,45,51,21,15,15,21,57,57,75,81,39,93,93,87,87,87,93,93,39,21,93,56
1001,6641,基士德-KY,綠能環保,75,57,81,81,69,57,21,57,87,81,93,27,21,39,45,87,45,57,81,81,81,45,45,99,75,69,64
1002,6771,平和環保-創,綠能環保,39,27,39,39,27,21,63,27,33,39,87,15,27,33,39,15,87,87,75,75,75,39,39,75,99,15,48
1003,6806,森崴能源,綠能環保,87,87,45,57,39,81,87,93,99,99,57,69,69,87,87,57,81,81,69,69,69,33,33,69,63,81,71
1004,6869,雲豹能源-創,綠能環保,99,99,99,93,63,99,99,87,75,75,57,93,93,81,75,75,75,75,63,63,63,27,87,93,57,87,79
1005,6873,泓德能源-創,綠能環保,81,81,87,87,99,93,57,81,81,87,51,81,81,93,93,99,57,51,57,57,57,21,27,63,45,99,72
1006,6951,青新-創,綠能環保,45,75,93,45,93,87,81,75,57,57,45,21,15,27,33,63,27,21,57,57,57,15,21,27,39,9,48
1007,8341,日友,綠能環保,15,39,21,27,21,33,33,15,39,33,33,63,63,63,57,33,15,27,51,51,51,87,81,21,69,45,42
1008,8422,可寧衛,綠能環保,33,33,33,33,15,15,69,69,27,27,99,75,75,69,51,9,21,33,45,45,45,63,75,15,93,75,48
1009,8438,昶昕,綠能環保,63,21,51,51,45,27,57,33,51,51,81,33,39,21,27,69,39,45,39,39,39,81,69,87,87,57,50
1010,8473,山林水,綠能環保,57,69,63,63,57,63,45,63,63,69,75,9,9,15,15,51,69,69,33,33,33,75,15,45,9,39,46
1011,8476,台境,綠能環保,57,63,57,57,51,57,39,57,57,63,69,51,45,57,69,21,33,39,27,27,27,9,63,57,27,33,47
1012,9930,中聯資源,綠能環保,27,15,15,21,9,39,15,51,21,21,15,87,87,99,99,27,57,57,21,21,21,99,9,9,51,27,39
1013,9955,佳龍,綠能環保,69,57,69,69,81,75,75,45,69,57,39,39,33,9,9,93,63,63,15,15,15,57,57,51,33,51,50
