,公司名稱,毛利率2023年度成長率(%),營益率2023年度成長率(%),淨利率2023年度成長率(%)
0,台泥,1.03,7.63,0.48
1,亞泥,-0.112,-0.13,-0.0943
2,嘉泥,1.76,0.627,1.45
3,環泥,0.129,0.159,0.0325
4,幸福,-0.109,-0.139,-0.093
5,信大,0.0731,0.0858,0.718
6,東泥,0.681,2.89,0.0032
7,味全,0.0556,-0.0393,0.117
8,味王,0.0224,0.0265,-0.316
9,大成,0.317,0.969,0.855
10,大飲,-6.96,-1.11,-0.829
11,卜蜂,0.29,0.461,0.459
12,統一,0.12,-0.013,0.068
13,愛之味,-0.0162,-0.248,-0.277
14,泰山,0.0761,0.841,-1.01
15,福壽,0.027,0.152,-0.0291
16,台榮,0.418,1.61,1.9
17,福懋油,0.103,0.283,-0.003
18,佳格,-0.0108,-0.0571,0.0096
19,聯華,-0.0774,-0.251,0.074
20,聯華食,-0.0878,-0.227,0.112
21,大統益,0.0505,0.0322,-0.0174
22,天仁,0.189,4.17,0.868
23,黑松,0.107,0.207,0.0703
24,興泰,-0.16,-1.52,-0.437
25,宏亞,-0.055,2.02,-0.963
26,鮮活果汁-KY,0.114,0.0233,0.0412
27,台塑,-0.769,-1.15,-0.797
28,南亞,-0.643,-0.938,-0.803
29,台聚,-0.488,-0.718,-1.13
30,華夏,1.47,1.47,1.92
31,三芳,0.457,2.37,0.617
32,亞聚,-0.646,-0.687,-0.92
33,台達化,-0.753,-3.06,-1.66
34,台苯,-0.259,-0.136,-0.236
35,國喬,-0.485,-0.387,-1.91
36,聯成,5.42,0.917,0.771
37,中石化,0.118,0.207,-5.55
38,達新,-0.303,-0.916,-0.507
39,上曜,-0.752,-2.05,-2.03
40,東陽,0.419,0.936,0.404
41,大洋,0.118,1.18,5.53
42,永裕,-0.205,-0.321,-0.549
43,地球,0.281,44,7.22
44,恆大,-1.01,-8.65,0.0709
45,台化,-0.103,0.423,0.162
46,再生-KY,0.324,0.164,0.137
47,廣華-KY,-0.148,-0.788,-2.21
48,昭輝,0.3,1.23,0.0663
49,勝悅-KY,0.169,0.059,-1
50,富林-KY,-0.114,-0.179,-0.233
51,八貫,0.11,0.114,0.0606
52,遠東新,-0.0592,0.0434,0.0078
53,新纖,-0.386,-0.714,-0.729
54,南染,-0.547,-1.32,-0.735
55,宏洲,-1.38,-2.61,-2.34
56,東和,-0.755,-1.46,-0.685
57,廣豐,0.618,0.75,0.0068
58,嘉裕,0.181,0.585,-1.65
59,東華,1.55,0.0691,0.833
60,新紡,0.082,0.198,-0.687
61,利華,-26.18,-0.943,-0.0384
62,大魯閣,0.365,13.26,2.93
63,福懋,-0.329,-0.779,-0.869
64,中福,-0.346,-0.119,0.819
65,華友聯,0.0807,0.268,0.5
66,勤益控,0.106,0.0683,0.408
67,三地開發,-0.866,-0.941,-1.17
68,雋揚,-0.555,-1.32,1
69,南紡,-0.751,-4.44,0.815
70,大東,-0.386,0.0127,-0.15
71,名軒,2.18,2.74,1.67
72,立益物流,0.0444,0.0709,-0.225
73,力麗,-1.05,-15.32,-1.56
74,大宇,0.559,-1.24,90.77
75,宏和,12.16,4.54,3.91
76,力鵬,-0.545,-0.786,-11.02
77,佳和,0.414,0.765,-0.398
78,年興,-1.01,-2.45,-1.85
79,宏益,-0.823,-1.61,-0.593
80,大將,2.92,1.5,5.93
81,台富,-0.264,-1.79,-0.393
82,集盛,-1.7,-1.1,0.148
83,怡華,2.23,2.37,1.07
84,宜進,-0.638,-0.388,-0.441
85,聯發,-6.02,-1.31,1.05
86,宏遠,-0.819,-11.59,-56.48
87,強盛,-0.794,-13.03,0.562
88,得力,-0.131,-1.87,-0.857
89,偉全,-0.157,-1.03,-0.404
90,聚隆,-0.527,-0.297,-1.27
91,南緯,-0.408,-6.93,-3.32
92,昶和,3.23,0.436,-0.265
93,大統新創,-0.255,-0.496,0.502
94,首利,13.26,0.444,0.726
95,三洋實業,1.34,19.67,37.2
96,台南,-0.0462,0.215,0.0347
97,弘裕,-0.481,-2.56,-1.57
98,業旺,0.001,0.104,-0.0963
99,儒鴻,-0.125,-0.154,-0.238
100,聚陽,0.0134,0.092,0.136
101,士電,0.0815,0.0929,0.168
102,東元,0.133,0.313,0.686
103,正道,-0.0883,2.58,-0.0898
104,瑞利,4.09,0.164,1.02
105,中興電,0.353,0.539,-0.349
106,亞力,0.308,0.886,0.477
107,力山,6.21,2.12,2.03
108,川飛,-0.45,-0.578,-0.728
109,利奇,-0.949,-1.52,-1.29
110,華城,1.73,5.65,2.07
111,大億,0.198,2.57,-0.523
112,堤維西,0.235,0.97,0.172
113,耿鼎,0.31,0.539,0.0449
114,江申,0.225,0.461,0.497
115,日馳,-0.621,-0.933,-0.882
116,鑽全,-0.381,-0.51,-0.501
117,恩德,-0.134,-1.09,-1.1
118,樂事綠能,0.32,0.26,2.06
119,亞崴,-0.459,-0.889,-0.405
120,高林股,-0.499,-2.11,-0.925
121,勤美,0.251,0.629,0.199
122,車王電,-0.123,-1.64,-4.14
123,中宇,0.199,0.398,0.0699
124,和大,-0.327,-0.229,-0.476
125,廣隆,-0.186,-0.21,-0.309
126,正峰,-0.595,-0.44,-0.0273
127,巨庭,-0.417,-0.569,-0.839
128,喬福,0.306,0.539,0.0272
129,錩泰,0.115,0.67,-0.577
130,伸興,0.318,0.437,-0.484
131,中砂,-0.232,-0.309,-0.317
132,巧新,0.43,5.35,0.0442
133,倉佑,0.0777,0.215,0.655
134,信錦,0.194,1.27,0.73
135,程泰,-0.263,-0.46,0.0072
136,吉茂,-0.246,-0.67,-0.693
137,永冠-KY,-0.109,-2.77,0.385
138,亞德客-KY,0.157,0.173,0.158
139,直得,-0.34,-0.687,-0.717
140,岱宇,0.279,0.741,-0.613
141,華電,0.351,0.519,0.445
142,聲寶,0.0536,0.0801,0.101
143,華新,-0.167,-0.343,-0.735
144,華榮,0.316,0.474,26.99
145,大亞,0.598,0.818,2.28
146,中電,-0.148,-0.254,0.934
147,宏泰,0.136,0.159,0.777
148,三洋電,0.0458,0.0672,0.103
149,大山,0.235,0.281,0.217
150,億泰,0.598,1.68,11.23
151,榮星,-0.103,0.392,-0.709
152,合機,0.791,1.02,0.559
153,艾美特-KY,0.265,0.949,-0.944
154,南僑,0.217,0.777,0.861
155,葡萄王,0.0062,-0.0216,-0.003
156,東鹼,-0.698,-0.88,-1.02
157,和益,-0.407,-0.578,-0.614
158,東聯,7.12,0.412,5.84
159,永光,-0.198,-0.781,-0.771
160,興農,-0.199,-0.346,-0.362
161,國化,-0.398,-4.34,0.225
162,和桐,-0.0705,-0.0338,0.618
163,長興,-0.198,-0.416,-0.426
164,中纖,0.0789,0.215,-0.174
165,生達,0.0956,0.126,0.0239
166,三晃,-1.24,-8.99,-5.53
167,台肥,2.19,6.64,0.468
168,中碳,-0.114,-0.149,-0.157
169,元禎,-0.112,-0.147,-0.21
170,永記,0.0845,0.0866,0.0206
171,中華化,-0.316,-0.954,-0.635
172,花仙子,-0.0172,-0.0687,-0.0885
173,美吾華,0.0463,-0.0225,0.0449
174,毛寶,-0.0327,-0.962,-2.17
175,五鼎,-0.0793,-0.197,-0.363
176,杏輝,-0.0001,0.45,0.67
177,日勝化,0.139,28.8,1.14
178,喬山,0.262,6.78,0.655
179,臺鹽,-0.015,-0.296,-0.296
180,南光,0.0873,-0.192,-0.436
181,寶齡富錦,-0.261,-0.621,-0.577
182,中化生,-0.213,-0.394,-0.431
183,勝一,-0.0666,-0.122,-0.135
184,展宇,-0.0532,-0.157,0.398
185,和康生,0.134,0.165,0.19
186,科妍,0.378,0.483,0.255
187,神隆,-0.0278,-0.224,-0.187
188,美時,0.202,0.193,0.359
189,台玻,0.0222,0.628,1.05
190,寶徠,-0.659,0.288,0.0049
191,冠軍,0.0489,-0.0016,1
192,潤隆,12.88,42.17,48.17
193,中釉,-0.295,-5.76,-1.27
194,和成,-0.0829,-1.07,-0.877
195,凱撒衛,-0.0671,-0.225,-0.19
196,士紙,0.116,0.374,-0.592
197,正隆,0.0446,0.199,-0.634
198,華紙,-0.573,-4.57,-2.29
199,寶隆,-0.43,-0.636,-0.929
200,永豐餘,-0.0929,-0.88,-0.158
201,榮成,0.0365,1.07,-0.123
202,中鋼,-0.474,-0.804,-0.905
203,東和鋼鐵,0.161,0.172,0.184
204,燁興,-6.03,-1.31,-0.413
205,高興昌,-0.384,-0.36,2.86
206,第一銅,0.769,0.394,-1.05
207,春源,0.176,0.332,0.428
208,春雨,-0.268,-0.472,-0.528
209,中鋼構,0.0175,-0.039,0.118
210,中鴻,1.46,0.983,1.16
211,豐興,-0.149,-0.18,-0.227
212,官田鋼,-1.08,-2.63,-2.08
213,美亞,0.974,1.25,3
214,聚亨,0.922,2.37,1.67
215,燁輝,-0.266,-0.308,-2.34
216,志聯,-0.866,-1.72,-2.16
217,千興,-0.424,-0.296,-0.708
218,大成鋼,-0.373,-0.522,-0.557
219,威致,-0.391,-0.451,-0.447
220,盛餘,0.125,0.413,0.242
221,彰源,-0.57,-0.783,-0.931
222,新光鋼,0.216,0.122,3.2
223,新鋼,-0.598,-4.45,-1.54
224,佳大,0.0108,0.597,0.755
225,允強,-0.494,-0.642,-1.33
226,海光,-0.184,-0.522,-0.747
227,上銀,-0.286,-0.524,-0.546
228,川湖,-0.209,-0.23,-0.333
229,橋椿,-0.339,-0.517,-0.573
230,運錩,-0.648,-1.14,-1.78
231,南港,0.446,2.08,1.13
232,泰豐,-8.55,-0.478,-0.275
233,台橡,-0.4,-0.646,-0.619
234,國際中橡,-0.552,-0.913,-1.73
235,正新,0.115,0.405,0.448
236,建大,0.177,4.62,1.61
237,厚生,-0.327,-0.462,-0.271
238,南帝,-0.32,-0.436,-0.401
239,華豐,-0.0467,-0.203,0.434
240,鑫永銓,-0.217,-0.12,0.197
241,六暉-KY,-0.199,-0.433,-0.228
242,裕隆,0.0512,-0.15,2
243,中華,0.243,0.365,1.73
244,三陽工業,0.38,0.788,1.02
245,和泰車,25.94,3.2,2.18
246,台船,0.221,0.245,-0.143
247,長榮鋼,0.319,0.396,0.414
248,裕日車,0.0389,0.0391,-0.518
249,劍麟,0.0676,0.245,0.135
250,為升,0.0633,0.0106,-0.284
251,宇隆,-0.0113,-0.0239,-0.142
252,百達-KY,0.468,0.599,0.86
253,英利-KY,0.306,37.51,0.209
254,艾姆勒,0.31,0.143,-0.0156
255,宏旭-KY,-0.918,-8.81,-4.04
256,汎德永業,0.104,0.2,0.213
257,IKKA-KY,0.104,0.481,0.219
258,巨鎧精密-創,-0.531,-1.23,-1.32
259,鴻華先進-創,0.754,-0.45,-0.42
260,光寶科,-0.0179,-0.0369,0.0297
261,麗正,-0.251,-0.582,-0.507
262,聯電,-0.382,-0.445,-0.301
263,全友,0.152,0.0585,-0.452
264,台達電,0.0581,-0.0118,0.0223
265,金寶,-0.083,0.061,-0.258
266,華通,-0.344,-0.484,-0.479
267,台揚,-0.311,-0.258,-0.274
268,楠梓電,-2.52,-1.66,0.637
269,鴻海,-0.0303,-0.0418,0.0044
270,東訊,-0.197,-2.06,-4.85
271,中環,0.133,0.347,2.62
272,仁寶,0.0504,0.307,0.052
273,國巨,-0.217,-0.294,-0.231
274,廣宇,-0.0319,-0.121,-0.0496
275,華泰,0.314,0.447,0.299
276,台積電,-0.128,-0.178,-0.175
277,精英,-0.0192,0.742,0.158
278,友訊,-0.109,-0.772,4.2
279,旺宏,-0.649,-1.26,-1.19
280,光罩,-0.125,-0.4,-0.48
281,台亞,-0.234,-0.795,-0.148
282,茂矽,-0.895,-1.55,-1.32
283,華邦電,-0.48,-1.1,-1.09
284,智邦,0.166,0.194,0.0924
285,聯強,-0.0137,-0.0551,-0.537
286,海悅,0.176,0.174,0.772
287,錸德,-0.0932,-0.358,-1.03
288,順德,-0.108,-0.163,-0.21
289,佳世達,-0.043,-0.144,-0.639
290,宏碁,-0.132,-0.39,-0.0143
291,鴻準,-0.168,-0.485,-0.0013
292,敬鵬,0.453,2.02,0.537
293,英業達,0.0129,0.119,0.0003
294,華碩,-0.0235,-0.14,0.0842
295,所羅門,-0.106,-0.459,0.162
296,致茂,-0.0528,-0.0727,-0.221
297,藍天,-0.0109,-0.0965,0.286
298,矽統,11.21,0.0273,0.181
299,倫飛,0.328,2.38,0.367
300,昆盈,0.0067,-0.403,0.327
301,燿華,-0.38,-2.26,-1.83
302,金像電,-0.115,-0.149,-0.228
303,菱生,-0.584,-6.87,-1.75
304,大同,0.107,3.19,-0.72
305,震旦行,-0.0437,-0.156,-0.166
306,佳能,0.115,6.23,1.03
307,凱美,-0.286,-0.345,-0.566
308,技嘉,-0.0024,-0.163,-0.275
309,微星,-0.112,-0.176,-0.244
310,瑞昱,-0.254,-0.577,-0.435
311,虹光,-0.473,-6.17,-11.49
312,廣達,0.197,0.396,0.37
313,台光電,0.167,0.18,0.0819
314,群光,-0.0752,-0.0969,0.0197
315,精元,0.0164,0.0282,-0.131
316,威盛,-0.0364,-8.69,5.91
317,云辰,0.315,0.659,0.907
318,正崴,-0.0331,-0.145,-0.0429
319,億光,-0.0736,0.22,0.196
320,研華,0.0019,-0.0322,0.0075
321,友通,-0.112,-0.351,-0.315
322,映泰,-0.496,-85.73,-9.82
323,凌陽,-0.235,-1.86,-3.28
324,毅嘉,0.222,0.325,0.302
325,漢唐,0.121,0.116,0.164
326,輔信,-0.0026,-3.93,-0.775
327,國碩,-1.03,-1.21,-1.25
328,南亞科,-1.21,-2.31,-1.51
329,友達,1.94,0.0838,0.137
330,中華電,0.0176,-0.0101,0.0121
331,環科,-0.183,-0.668,-0.594
332,精技,-0.0799,-0.267,-0.227
333,錩新,0.0933,0.221,-17.19
334,圓剛,-0.0966,-2.22,-0.943
335,仲琦,-0.252,-0.676,-0.99
336,新巨,-0.187,-0.233,-0.199
337,建準,0.136,0.364,0.225
338,固緯,0.0775,0.211,0.0608
339,隴華,0.173,-0.141,-0.144
340,承啟,0.0957,-0.283,-0.495
341,鼎元,-0.399,-4.83,0.273
342,三商電,0.122,0.266,0.311
343,興勤,0.0419,0.137,-0.0481
344,銘旺科,-0.585,-0.965,0.511
345,燦坤,-0.135,-0.514,-0.53
346,聯昌,-1.43,-0.424,-10.03
347,倚天酷碁-創,0.253,0.15,-0.0906
348,互盛電,-0.0391,-0.0693,-0.126
349,統懋,1.38,0.316,-0.0387
350,偉詮電,-0.0733,-0.828,0.426
351,翔耀,-1.69,-1.17,-1.57
352,美律,0.0416,0.0604,-0.0928
353,太空梭,-0.631,-3.38,-4.88
354,超豐,-0.331,-0.373,-0.368
355,新美齊,3.35,38,2.02
356,兆勁,-0.396,-0.985,-1.13
357,京元電子,-0.148,-0.197,-0.146
358,神腦,0.0036,0.215,0.0724
359,創見,0.118,0.254,-0.191
360,凌群,0.0938,0.0796,0.11
361,聯發科,-0.235,-0.434,-0.348
362,全新,0.0183,-0.0653,-0.173
363,飛宏,0.5,24.98,2.68
364,義隆,-0.0927,-0.126,-0.0038
365,敦吉,-0.205,-0.291,0.0061
366,建通,-0.251,-0.116,-0.682
367,光群雷,0.0452,0.784,-0.625
368,良得電,0.568,10.3,0.291
369,盟立,-0.227,-0.963,-0.66
370,麗臺,0.0354,0.353,0.184
371,冠西電,-0.538,-3.88,-0.729
372,志聖,-0.211,-0.448,-0.324
373,華經,0.0984,0.408,0.234
374,資通,0.0232,0.0186,0.206
375,立隆電,-0.186,-0.253,-0.25
376,可成,-0.444,-0.673,-0.161
377,鉅祥,-0.151,-0.271,-0.222
378,美隆電,-0.331,-4.62,-0.6
379,大毅,-0.169,-0.146,-0.407
380,敦陽科,0.0296,0.0747,0.0654
381,強茂,-0.197,-0.489,-0.533
382,連宇,0.167,0.114,-0.15
383,百容,-0.402,-1.28,-0.79
384,希華,-0.483,-0.651,-0.66
385,兆赫,0.168,0.414,-189.33
386,一詮,0.24,119.46,0.945
387,漢平,0.0358,0.178,0.137
388,瑞軒,0.0678,0.91,1.16
389,吉祥全,1.13,0.746,1.1
390,華新科,-0.0734,-0.129,0.202
391,揚博,0.11,0.105,0.165
392,普安,-0.013,-0.1,0.128
393,卓越,0.142,0.284,0.317
394,怡利電,-0.0541,-0.193,-0.329
395,宏達電,0.0542,0.0248,0.0047
396,國建,0.154,0.743,0.792
397,國產,0.159,0.205,-0.146
398,國揚,-0.629,-0.962,-0.374
399,太設,2.37,1.34,-0.924
400,全坤建,0.0139,-0.0844,-0.628
401,太子,-0.365,-0.682,-0.598
402,龍邦,1.71,0.815,1.7
403,中工,0.105,0.2,-0.239
404,新建,1.52,1.2,1.23
405,冠德,-0.0088,-0.0239,0.0262
406,京城,-0.346,-0.417,-0.562
407,宏璟,0.221,1,0.901
408,皇普,0.127,0.007,0.0135
409,華建,0.345,0.618,0.131
410,宏盛,-0.616,-0.689,-0.735
411,達欣工,-0.255,-0.326,0.0002
412,宏普,1.38,1.25,5.28
413,聯上發,-0.652,-0.849,-1.77
414,基泰,0.0192,-0.52,1.15
415,櫻花建,0.427,0.28,0.272
416,愛山林,1.36,2.17,2.39
417,興富發,0.72,1.08,-0.348
418,皇昌,1.65,1.12,1.11
419,皇翔,-0.356,-0.377,-0.598
420,根基,-0.0588,-0.0875,-0.055
421,日勝生,0.0391,0.0555,-2.25
422,華固,0.101,0.169,0.211
423,潤弘,0.022,0.006,-0.0768
424,益航,-0.165,-1.42,-277.64
425,長榮,-0.875,-0.907,-0.894
426,新興,0.171,0.121,1.25
427,裕民,-0.333,-0.376,-0.378
428,榮運,-0.0904,-0.186,-0.228
429,嘉里大榮,-0.0674,-0.0827,0.367
430,陽明,-0.973,-1.01,-0.974
431,華航,1.1,2.93,1.38
432,志信,-0.0777,-2.01,2.8
433,中航,-0.381,-0.597,-0.571
434,中櫃,-0.127,-0.22,-0.32
435,東森,-0.108,-1.43,0.835
436,萬海,-1.01,-1.05,-1.06
437,山隆,-0.141,-1.33,-0.774
438,台航,0.0762,0.0874,-0.175
439,長榮航,1.2,2.02,2.05
440,亞航,0.344,1.47,3.23
441,台灣高鐵,0.974,1.07,1.08
442,漢翔,0.497,0.852,0.368
443,台驊投控,-0.479,-0.644,-0.422
444,慧洋-KY,-0.689,-0.697,-0.691
445,宅配通,-0.175,-0.476,-0.464
446,長榮航太,0.392,0.371,0.159
447,萬企,0.466,0.574,0.121
448,華園,0.0611,0.406,-0.936
449,國賓,56.28,0.653,-0.547
450,六福,0.858,1.38,0.692
451,第一店,0.167,0.183,-0.0025
452,晶華,0.348,0.509,0.568
453,遠雄來,0.265,1.01,1.03
454,夏都,-0.203,-0.569,-0.473
455,美食-KY,0.069,0.506,0.566
456,王品,0.314,2.79,2.53
457,雄獅,4.53,2.18,3.03
458,寒舍,1.19,3.72,2.22
459,雲品,0.218,0.243,0.419
460,八方雲集,0.0106,-0.152,-0.162
461,世界健身-KY,0.0877,0.0528,0.151
462,旺旺保,3.96,1.98,1.91
463,台產,0.205,0.388,0.456
464,新產,0.159,0.428,0.454
465,中再保,5.26,159.29,7.25
466,第一保,0.0503,0.118,0.138
467,統一證,0.482,2.33,2.95
468,三商壽,0.224,0.152,0.303
469,欣欣,0.222,2.56,0.768
470,遠百,0.0634,0.237,0.426
471,匯僑,-0.254,-0.391,-0.391
472,三商,1.12,0.905,0.435
473,高林,0.0479,0.0096,-0.0842
474,特力,-0.0232,1.39,-0.395
475,統領,0.137,0.271,1.13
476,統一超,0.105,0.114,0.144
477,農林,-0.163,0.195,0.824
478,潤泰全,-0.0454,0.171,-0.384
479,鼎固-KY,0.191,0.673,-0.0463
480,淘帝-KY,0.34,0.971,-1.51
481,永邑-KY,-0.506,-1.42,-4.04
482,三商家購,0.0312,2.93,0.829
483,歐格,-0.149,-2.45,0.8
484,健和興,-0.202,-0.299,-0.393
485,豐達科,0.588,1.71,1.05
486,神基,0.178,0.282,0.46
487,晶豪科,-0.891,-3.07,-2.17
488,大立光,-0.0878,-0.126,-0.209
489,華立,-0.0072,-0.0537,-0.149
490,今皓,-0.248,-4.57,-8.74
491,晟銘電,0.36,0.777,0.15
492,聯陽,0.256,0.305,0.304
493,全漢,0.0413,-0.136,-0.171
494,嘉晶,-0.55,-0.767,-0.759
495,奇鋐,0.142,0.177,0.274
496,隆銘綠能,1.21,0.461,0.467
497,亞光,-0.153,-0.316,-0.16
498,鴻名,-0.211,-0.38,-0.302
499,威強電,-0.0257,-0.123,-0.0737
500,信邦,0.0872,0.0212,0.14
501,憶聲,0.0823,0.938,0.188
502,星通,0.854,12.32,1.96
503,禾伸堂,-0.269,-0.496,-0.309
504,盛達,0.345,-1.41,0.783
505,增你強,-0.123,-0.241,-0.362
506,零壹,0.104,0.115,0.127
507,德律,-0.316,-0.439,-0.479
508,佰鴻,-0.161,-0.418,-0.094
509,偉訓,0.373,0.765,0.643
510,威健,-0.182,-0.323,-0.537
511,聯詠,-0.0928,-0.185,-0.166
512,智原,-0.168,-0.331,-0.352
513,文曄,-0.0719,-0.304,-0.474
514,欣興,-0.597,-0.766,-0.596
515,全台,0.102,0.171,-0.0044
516,遠見,0.0141,0.0117,-0.364
517,揚智,-0.705,-7.79,-120.48
518,晶技,-0.233,-0.335,-0.389
519,科風,-0.0468,0.0986,-1.05
520,健鼎,-0.0355,-0.0214,-0.0223
521,台灣大,0.0463,0.0386,0.113
522,建碁,0.336,1.3,0.166
523,訊舟,-0.274,-2.55,-1.12
524,益登,-0.162,-0.144,-0.993
525,精金,-7.15,-10.02,-37.32
526,鈺德,0.0993,-0.0495,-0.296
527,力特,-0.284,-0.395,-0.611
528,夆典,0.0564,0.0708,-0.0104
529,立萬利,0.324,0.009,1.04
530,蔚華科,0.388,0.54,-1.23
531,富華新,-0.786,-0.87,-0.861
532,喬鼎,-0.374,-7.53,-50.55
533,立德,0.0934,0.354,1.28
534,華晶科,-0.151,-0.192,-0.232
535,銘異,-0.405,-1.26,-6.42
536,建漢,-0.965,-1.19,0.136
537,日電貿,-0.0775,-0.0216,-0.525
538,鴻碩,-0.458,-3.3,-3.51
539,聯傑,-0.256,-0.765,-0.265
540,一零四,0.0378,0.0249,0.0142
541,耀登,0.121,1.37,-0.357
542,正達,1.51,0.498,0.627
543,鈺寶-創,-0.455,-1.53,-1.34
544,景岳,-0.177,-0.887,-0.421
545,大量,-0.451,-1.43,-0.959
546,眾福科,-0.15,-0.3,-0.339
547,景碩,-0.57,-0.891,-0.993
548,全科,-0.0612,-0.0002,-0.451
549,晟鈦,0.3,0.358,0.339
550,緯創,-0.0107,-0.003,0.0277
551,虹冠電,0.885,2.62,1.22
552,昇陽,1.18,3.01,2.41
553,勝德,-0.219,-0.152,-0.313
554,昇貿,0.0235,-0.0463,-0.567
555,聯德,0.832,-0.0915,20.34
556,閎暉,-0.0143,-0.19,0.191
557,弘憶股,-0.176,-0.279,-0.29
558,同泰,-5.19,-0.0374,-0.0168
559,泰碩,-0.098,-0.0332,-0.0904
560,麗清,0.449,4.14,9.03
561,奇偶,-0.0182,-0.141,1.69
562,新日興,-0.279,-0.417,-0.513
563,明泰,-0.167,-0.516,-0.403
564,玉晶光,0.0079,0.0516,-0.0614
565,京鼎,-0.232,-0.312,-0.142
566,融程電,0.103,0.165,0.118
567,譁裕,-0.418,-26.86,-4.59
568,台端,0.113,-0.149,0.984
569,榮創,0.245,0.0408,0.282
570,創意,-0.0431,-0.0318,-0.0546
571,展達,-0.676,-1.31,-1.25
572,聯鈞,-0.377,-0.702,-1.4
573,晶睿,-0.0898,-0.459,-0.303
574,群創,1.45,0.409,0.334
575,誠研,4.27,0.356,0.137
576,維熹,-0.0967,-0.165,-0.332
577,揚明光,-0.609,-18.3,-5.44
578,華擎,0.0348,-0.032,-0.138
579,柏騰,-0.0987,-0.103,-2.93
580,安馳,-0.314,-0.353,-0.706
581,晶相光,-1.09,-3.68,-3.34
582,台勝科,-0.186,-0.213,-0.283
583,嘉澤,-0.0383,-0.0444,-0.106
584,晶彩科,-0.658,-1.08,-1.12
585,州巧,0.547,2.5,2.6
586,敦泰,1.11,1.05,1.19
587,聯穎,-0.411,-5.64,-15.04
588,嘉威,-0.0898,-0.234,-0.316
589,牧德,-0.14,-0.277,-0.287
590,聯合再生,-1.83,-5.03,-4.91
591,辛耘,0.0562,0.0105,0.144
592,通嘉,-0.352,-1.04,-0.811
593,艾笛森,0.105,0.0972,0.853
594,瑞鼎,-0.425,-0.621,-0.626
595,力銘,0.659,0.389,0.247
596,智易,0.121,0.438,0.202
597,宏致,-0.215,-6.83,-2.18
598,谷崧,50.28,0.689,0.837
599,碩天,0.182,0.564,0.285
600,洋華,0.465,0.777,0.364
601,達邁,-0.498,-1.92,-1.94
602,精聯,-0.0464,-0.715,-0.555
603,健策,-0.0655,-0.118,-0.121
604,世芯-KY,0.534,0.628,0.813
605,貿聯-KY,-0.0871,-0.236,-0.396
606,圓展,-0.102,-0.637,-0.249
607,TPK-KY,-0.215,-0.991,-0.617
608,新至陞,-0.017,0.0323,-0.314
609,達能,0.331,-0.359,0.0474
610,海華,0.0192,0.0946,0.13
611,大眾控,0.233,0.539,-0.303
612,大聯大,-0.142,-0.293,-0.229
613,欣陸,-0.154,-0.333,-0.406
614,合勤控,-0.0442,-0.302,-0.171
615,永信,-0.0522,0.228,-0.014
616,神達,0.17,1.06,-0.808
617,上緯投控,-0.127,-0.514,0.391
618,日月光投控,-0.32,-0.497,-0.489
619,永崴投控,0.258,0.836,0.0724
620,富采,-0.766,-7.59,-179.38
621,定穎投控,0.423,0.969,0.834
622,佳醫,0.107,0.159,0.119
623,雃博,0.0671,0.0502,-0.0572
624,懷特,0.186,0.223,0.407
625,旭富,0.203,0.347,-0.0455
626,亞諾法,-0.137,-0.267,-0.416
627,麗豐-KY,0.128,0.0152,0.498
628,國光生,-0.539,-8.72,-3.2
629,全宇生技-KY,-0.483,-0.715,-0.622
630,訊映,-0.395,-1.12,-0.979
631,承業醫,0.184,0.289,0.175
632,佐登-KY,0.0639,0.524,-1.02
633,炎洲,-0.159,-0.36,-0.228
634,如興,0.208,0.916,0.874
635,利勤,0.87,0.861,0.474
636,廣越,-0.239,-0.394,-0.376
637,冠星-KY,-0.0192,-0.0786,-0.0766
638,宜新實業,-0.721,-0.87,-0.769
639,東台,-0.148,-1.96,-0.449
640,瑞智,0.116,0.6,0.0911
641,拓凱,-0.219,-0.33,-0.374
642,全球傳動,-0.554,-1.19,-1.36
643,銘鈺,-0.211,-0.475,-0.487
644,智伸科,-0.382,-0.557,-0.633
645,力達-KY,-0.0142,-0.0598,-0.0988
646,氣立,-0.398,-1.11,-1.2
647,永新-KY,0.103,-0.0609,-0.255
648,強信-KY,-0.417,-0.797,-0.714
649,穎漢,0.0665,0.0426,-5.56
650,元翎,-1.42,-6.73,-7.65
651,時碩工業,-0.178,-0.459,-0.38
652,六方科-KY,-0.297,-0.687,-0.677
653,鈞興-KY,-0.038,0.0767,-0.22
654,駐龍,0.391,0.563,0.318
655,大銀微系統,-0.401,-0.931,-0.984
656,光隆精密-KY,0.507,1.02,0.796
657,台灣精銳,-0.143,-0.215,-0.223
658,玖鼎電力,0.389,0.503,0.519
659,德淵,0.0211,-0.347,2.78
660,國精化,-0.308,-0.495,-0.47
661,泰博,-0.633,-0.766,-0.699
662,華廣,-0.287,-1.1,-0.932
663,康普,-0.828,-1.16,-1.2
664,台耀,0.383,3.13,-0.692
665,三福化,-0.32,-0.4,-0.477
666,材料-KY,3.09,4.62,3.14
667,雙鍵,-0.381,-4.76,-2.42
668,南寶,0.228,0.625,0.394
669,上品,-0.0439,-0.0606,-0.0522
670,望隼,0.47,1.27,0.796
671,日成-KY,-0.866,-5.22,-5.86
672,遠傳,0.0581,0.113,0.164
673,正文,-0.0328,-0.363,-0.0835
674,聯德控股-KY,-0.0475,-0.29,-0.334
675,致伸,-0.128,-0.18,-0.0938
676,事欣科,0.0451,0.767,-0.193
677,新唐,-0.18,-0.623,-0.427
678,泰鼎-KY,-0.637,-1.6,-1.91
679,燦星網,-0.0079,-0.0819,0.0919
680,太極,0.57,-0.159,-1.26
681,茂林-KY,-0.517,-0.811,-0.681
682,和碩,-0.193,-0.41,0.0409
683,嘉彰,-0.116,-0.132,-0.0463
684,康控-KY,0.954,0.702,0.807
685,有成精密,-0.351,-0.551,-0.621
686,凌通,-0.431,-0.734,-0.71
687,光鋐,-0.827,-0.657,-0.919
688,臻鼎-KY,-0.312,-0.592,-0.564
689,誠美材,-0.53,-34.22,-2.26
690,天鈺,-0.261,-0.394,-0.3
691,十銓,1.07,7.07,503.99
692,立積,-0.242,-16.29,-5.04
693,佳凌,-0.625,-0.37,-1.06
694,眾達-KY,-0.552,-0.695,-0.197
695,榮科,-1.14,-2.36,-1.66
696,傳奇,-0.0656,0.401,1.95
697,鑫禾,-0.303,-1.23,-0.981
698,三星,-0.129,-0.0628,-0.0597
699,訊連,0.0911,-0.239,0.209
700,科嘉-KY,0.0906,-0.163,-0.405
701,全訊,0.232,0.276,0.75
702,東科-KY,0.115,0.72,0.442
703,達興材料,0.187,0.394,0.228
704,乙盛-KY,0.0262,0.0332,-0.254
705,弘凱,0.0078,-0.0468,-0.0674
706,虹堡,0.157,0.126,0.181
707,祥碩,0.302,0.401,-0.149
708,禾聯碩,-0.0443,-0.175,-0.238
709,jpp-KY,0.355,0.511,0.639
710,界霖,-0.246,-0.49,-0.571
711,豐祥-KY,-0.0235,-0.0122,0.0972
712,華懋,0.259,0.426,0.261
713,桂盟,-0.459,-0.603,-0.614
714,中磊,0.191,0.288,0.243
715,崇越,-0.0182,-0.0098,-0.0608
716,瀚宇博,0.146,0.287,-0.165
717,松翰,-0.303,-0.717,-0.679
718,慧友,-0.157,-0.403,0.387
719,建國,-0.29,-0.774,0.839
720,隆大,-0.0405,-0.0745,-0.108
721,工信,0.444,0.485,5.26
722,遠雄,-0.288,-0.323,-0.325
723,順天,0.108,0.188,0.111
724,鄉林,1.8,0.703,0.858
725,皇鼎,-0.0512,-0.0295,-0.123
726,長虹,-0.23,-0.305,-0.356
727,東明-KY,-0.519,-0.861,-0.852
728,永固-KY,-0.223,-4.56,-7.93
729,遠雄港,-0.263,-0.339,-0.186
730,四維航,-0.957,-1.06,-1.23
731,鳳凰,6.34,4.09,6.7
732,中租-KY,0.0659,-0.109,-0.0804
733,台南-KY,0.0961,-0.15,0.098
734,大洋-KY,-0.0629,-9.59,-1.5
735,群益證,0.543,4.35,3.92
736,群益期,-0.248,-0.855,0.292
737,競國,0.138,0.509,0.557
738,邁達特,0.25,0.504,0.436
739,鎰勝,-0.108,-0.131,-0.339
740,彩晶,-7.31,-1.68,-0.856
741,迎廣,0.168,8.8,0.656
742,達運,31.74,0.759,-0.0876
743,上福,-0.0046,0.0503,-0.362
744,金橋,-0.289,-0.89,-0.878
745,富爾特,0.283,0.16,0.0798
746,亞翔,0.884,1.48,1.89
747,柏承,-1.32,-3.84,-1.9
748,友勁,-0.404,-1.11,-1.39
749,百一,-0.31,-5.62,-1.15
750,嘉聯益,-1.55,-13.97,-8.52
751,鈞寶,-0.43,-0.899,-0.608
752,華興,-0.185,-0.447,-1.39
753,浪凡,-0.199,-0.84,-0.542
754,凌華,-0.0172,-0.476,-0.592
755,宏齊,-0.287,-0.846,-0.715
756,瑞儀,-0.24,-0.304,-0.216
757,達麗,0.651,0.749,0.725
758,關貿,0.0234,0.0102,0.0357
759,大豐電,0.0002,-0.007,0.0112
760,豐藝,0.142,0.357,0.033
761,精成科,0.244,0.345,0.278
762,巨路,-0.0037,-0.0526,-0.117
763,帆宣,-0.0257,-0.151,-0.0241
764,佳必琪,0.306,0.695,0.445
765,亞弘電,0.256,0.563,0.245
766,盛群,-0.57,-0.919,-0.899
767,詮欣,-0.237,-0.458,-0.472
768,飛捷,-0.318,-0.495,-0.519
769,今國光,-0.381,-0.33,-1.77
770,聯茂,-0.212,-0.475,-0.635
771,精誠,0.0774,0.169,0.369
772,和椿,-0.417,-0.891,-0.632
773,居易,-0.124,-0.384,-0.301
774,聚鼎,0.377,0.598,0.183
775,天瀚,0.399,1.12,3.21
776,光鼎,-0.256,-1.53,-72.81
777,尼得科超眾,-0.0322,-0.122,-0.012
778,華孚,0.584,1.46,1.48
779,力成,-0.274,-0.345,-0.0781
780,迅杰,0.259,11.52,-0.133
781,矽格,-0.353,-0.457,-0.427
782,台郡,-0.289,-0.536,-0.413
783,同欣電,-0.443,-0.613,-0.634
784,宏正,-0.0229,-0.0737,-0.225
785,台表科,-0.403,-0.572,-0.38
786,全國電,-0.0395,-0.14,-0.127
787,康舒,0.453,0.166,-0.928
788,淳安,-0.275,-0.0569,-0.931
789,啟碁,0.172,0.443,0.218
790,聯嘉,-0.0078,0.568,-0.379
791,悅城,-1.09,-0.79,-20.31
792,旭隼,-0.164,-0.218,-0.183
793,群電,0.0093,0.0112,0.0148
794,樺漢,0.203,0.688,-0.346
795,矽力*-KY,-0.468,-1.08,-0.876
796,瑞祺電通,-0.115,-0.248,-0.247
797,億而得-創,-0.184,-0.555,-0.561
798,統新,-0.857,-3.02,-2.15
799,光麗-KY,-0.0347,-0.277,-0.516
800,迅得,0.0116,-0.0886,-0.0288
801,光聖,-0.0052,-0.221,-0.478
802,元晶,0.885,0.907,1.78
803,藥華藥,1.17,0.0566,0.546
804,鈺邦,0.228,0.387,-0.0297
805,訊芯-KY,0.88,4.5,1.11
806,GIS-KY,-0.844,-2.65,-1.8
807,台數科,-0.0447,-0.0704,-0.155
808,保瑞,1.4,1.73,1.18
809,安集,-0.0889,-0.122,-0.347
810,晶碩,0.106,0.0886,0.0738
811,南六,0.176,2.13,1.08
812,台塑化,0.666,1.84,0.518
813,穎崴,-0.412,-0.585,-0.578
814,捷敏-KY,-0.239,-0.28,-0.392
815,達發,-0.301,-0.699,-0.665
816,愛普*,-0.21,-0.432,-0.256
817,晶心科,0.135,-2.88,-1.29
818,正瀚-創,0.111,0.107,-0.0046
819,泰福-KY,4.09,-0.308,-0.302
820,北極星藥業-KY,-3.17,-0.596,-0.371
821,易華電,-0.823,-20.73,-0.898
822,興能高,0.541,0.479,0.267
823,虹揚-KY,0.862,0.052,-0.125
824,研揚,0.0295,-0.157,-0.0978
825,鋼聯,-0.422,-0.466,-0.487
826,申豐,-0.95,-2.09,-1.62
827,鼎基,0.394,0.8,0.565
828,動力-KY,-0.242,-0.529,-0.476
829,和潤企業,0.142,0.1,0.0183
830,ABC-KY,0.148,0.0306,0.111
831,帝寶,0.157,0.354,0.316
832,建德工業,-0.215,-0.169,-0.292
833,必應,2.14,93.53,22.42
834,基士德-KY,-0.137,-1.12,-0.743
835,金萬林-創,-0.69,-2.87,-3.42
836,科定,-0.0936,-0.3,-0.362
837,華安,0.012,0.0361,0.0199
838,聯策,-0.242,-0.754,-0.748
839,羅麗芬-KY,0.149,0.627,0.61
840,中揚光,-0.503,-0.125,0.268
841,緯穎,-0.0551,-0.11,-0.15
842,復盛應用,-0.344,-0.472,-0.499
843,三能-KY,0.0917,0.13,0.189
844,騰輝電子-KY,-0.0397,-0.0878,-0.0745
845,鋐寶科技,-0.776,-2.18,-4.16
846,伊雲谷,0.159,0.137,0.827
847,洋基工程,0.0056,-0.0009,0.0225
848,芯鼎,-0.0677,-8.17,-1.93
849,旭暉應材,-0.355,-5.13,-1.37
850,惠特,-0.934,-1.7,-1.41
851,嘉基,-0.221,-0.315,-0.304
852,力智,-0.665,-1.02,-0.956
853,澤米,-0.773,-1.01,-0.891
854,安普新,0.0637,0.857,-1.09
855,龍德造船,0.608,0.687,1
856,匯僑設計,0.0047,-0.114,-0.188
857,威鋒電子,-0.398,-0.78,-0.75
858,台灣虎航-創,2.45,1.84,1.64
859,志強-KY,-0.448,-0.787,-0.699
860,力積電,-0.851,-1.12,-1.08
861,平和環保-創,-0.0247,-0.0461,-0.0851
862,展碁國際,-0.09,-0.0556,-0.0057
863,AES-KY,-0.323,-0.445,-0.388
864,視陽,-0.305,-0.532,-0.512
865,采鈺,-0.635,-0.866,-0.798
866,永豐實,0.186,0.261,0.417
867,詠業,-0.158,-0.195,-0.274
868,向榮生技-創,1.18,-0.0453,0.0773
869,晉弘,0.21,0.542,0.0576
870,來頡,-0.171,-0.255,-0.262
871,富世達,0.13,0.137,0.113
872,森崴能源,1.13,2.13,1.83
873,峰源-KY,0.0122,1.88,0.416
874,汎銓,0.003,-0.0877,-0.0928
875,天二科技,-0.902,-3.89,-1.92
876,圓裕,0.0739,0.207,-0.0444
877,台新藥,81.12,0.258,0.208
878,錼創科技-KY創,3.66,0.271,0.0915
879,睿生光電,-0.138,-0.639,-0.413
880,永道-KY,0.174,0.211,0.323
881,雲豹能源,-0.0262,-0.0505,1.23
882,泓德能源-創,0.265,0.173,0.254
883,來億-KY,-0.337,-0.546,-0.45
884,鑽石投資,-3.4,-3.96,-4.24
885,走著瞧-創,0.961,1.26,1.09
886,現觀科,0.196,0.514,-0.0539
887,阜爾運通,0.554,0.645,0.649
888,華凌,-0.294,-0.64,-0.721
889,攸泰科技,0.301,0.625,0.245
890,AMAX-KY,0.184,0.17,0.374
891,天虹,0.0368,0.119,-0.0322
892,沛爾生醫-創,-1.32,-0.742,-0.733
893,青新-創,0.192,0.162,0.206
894,大武山,-0.122,-0.252,-0.549
895,裕慶-KY,0.208,0.775,0.682
896,日盛台駿,0.552,-0.288,-0.153
897,台通,7.05,1.27,1.06
898,矽創,-0.308,-0.472,-0.485
899,尖點,-0.419,-0.838,-1.11
900,昇陽半導體,-0.0905,-0.255,-0.0408
901,雷虎,-0.0537,-5.41,-3.96
902,台虹,-0.138,-0.248,-0.396
903,南電,-0.684,-0.731,-0.7
904,長華*,-0.394,-0.509,-0.317
905,陞泰,-0.071,-0.554,-0.38
906,致新,-0.156,-0.25,-0.228
907,瀚荃,-0.0888,-0.2,-0.343
908,錸寶,-0.251,-1.66,-8.58
909,凌巨,-0.336,-0.663,-0.615
910,華東,-0.843,-1.72,-1.03
911,至上,0.0986,0.184,-0.0203
912,振樺電,-0.103,-0.249,-0.504
913,福懋科,-0.725,-0.826,-0.742
914,南茂,-0.277,-0.407,-0.438
915,微矽電子-創,-0.69,-1.19,-1.16
916,達方,-0.0818,-0.277,0.42
917,無敵,-0.102,0.183,0.183
918,勤誠,0.208,0.28,0.0869
919,志超,-0.155,-0.0258,-0.257
920,明基材,0.0338,-0.151,-0.68
921,寶一,1.58,2.3,2.21
922,菱光,-0.244,-0.426,-0.314
923,富鼎,-0.467,-0.657,-0.633
924,宇瞻,0.0534,0.0236,-0.0109
925,日友,-0.25,-0.478,-0.526
926,建新國際,-0.0703,-0.167,0.0982
927,羅昇,-0.158,-1.14,-1.27
928,百和興業-KY,-0.434,-1.06,-2.13
929,福貞-KY,0.167,1.84,1.1
930,可寧衛,-0.18,-0.245,-0.26
931,金麗-KY,1.17,0.825,0.931
932,昶昕,0.0692,0.245,-0.105
933,威宏-KY,-0.0996,-0.0221,-0.0311
934,阿瘦,0.194,1.03,1.08
935,富邦媒,0.0264,0.0233,0.0563
936,柏文,0.245,0.519,0.579
937,潤泰材,0.492,1.13,2.02
938,億豐,-0.0607,-0.054,-0.111
939,美吉吉-KY,-0.393,-1.06,-1.45
940,波力-KY,0.0568,0.0518,-0.0489
941,山林水,1.32,9.38,1.15
942,台境,-0.272,-0.274,-0.284
943,東哥遊艇,0.208,0.177,0.187
944,政伸,-0.414,-0.639,-0.577
945,商億-KY,-0.31,-0.557,-0.63
946,愛爾達-創,0.805,1.23,1.23
947,吉源-KY,0.5,0.867,-0.727
948,鼎炫-KY,-0.276,-0.47,-0.48
949,台汽電,-0.185,-1.07,0.381
950,新天地,0.666,3.64,3.56
951,高力,0.558,1.06,0.915
952,鈺齊-KY,-0.428,-0.531,-0.559
953,台火,0.415,0.289,1.64
954,寶成,-0.0541,-0.0359,-0.16
955,大華,-0.0933,-0.104,-0.0658
956,欣巴巴,0.231,0.223,0.229
957,統一實,-0.482,-0.652,-0.697
958,大台北,0.0336,0.0666,0.496
959,豐泰,-0.237,-0.42,-0.452
960,櫻花,0.0534,0.107,0.0523
961,偉聯,0.0502,-0.135,-1.17
962,美利達,-0.0126,-0.015,-0.501
963,中保科,0.0995,0.0716,0.0049
964,欣天然,-0.0121,-0.104,1.47
965,康那香,-0.592,-0.642,3.51
966,巨大,-0.185,-0.405,-0.418
967,福興,0.117,0.268,0.0412
968,新保,-0.0145,-0.107,-0.0283
969,新海,0.0295,0.0105,0.034
970,泰銘,0.402,0.509,0.46
971,中視,0.0177,-0.0289,-2.25
972,秋雨,-0.263,-1.39,-0.275
973,中聯資源,0.135,0.185,0.111
974,欣高,0.0281,0.0792,-0.0004
975,中鼎,-0.0043,-0.0751,-0.205
976,成霖,0.132,1.48,1.68
977,慶豐富,-0.0115,-0.0695,-0.529
978,全國,0.0576,0.109,0.0802
979,百和,-0.315,-0.613,-0.618
980,宏全,0.0924,0.137,0.117
981,信義,0.15,0.301,0.439
982,裕融,0.0722,-0.118,0.0811
983,茂順,0.357,0.572,0.506
984,好樂迪,0.245,1.06,0.585
985,新麗,-0.333,-1.85,-0.298
986,潤泰新,-0.004,-0.0017,-0.154
987,三發地產,-0.311,-0.341,-0.364
988,佳龍,28.54,0.254,0.173
989,世紀鋼,4.58,20.13,1.83
