,公司名稱,產業類別,公司代號,員工福利平均數(仟元/人),員工薪資平均數(仟元/人),非擔任主管職務之全時員工薪資平均數(仟元/人),非擔任主管之全時員工薪資中位數(仟元/人),管理職女性主管占比,職業災害人數及比率-人數,職業災害人數及比率-比率,用水量(公噸),用水密集度-密集度(公噸/單位),公司年度召開法說會次數(次),使用率(再生能源/總能源),範疇一-排放量(噸CO2e),範疇二-排放量(噸CO2e),範疇三-排放量(噸CO2e),溫室氣體排放密集度-密集度(噸CO2e/單位),董事席次(含獨立董事)(席),獨立董事席次(席),女性董事席次及比率-席,女性董事席次及比率-比率,董事出席董事會出席率,董監事進修時數符合進修要點比率,有害廢棄物量-數據(公噸),非有害廢棄物量-數據(公噸),總重量(有害+非有害)-數據(公噸),廢棄物密集度-密集度(公噸/單位),E,S,G,ESG,ESG_ByPR
0,台泥,水泥工業,1101,71,71,71,29,57,43,43,15,43,57,15,15,15,85,29,15,99,15,29,43,85,99,15,29,29,1,1,1,1,45
1,亞泥,水泥工業,1102,85,85,85,15,43,99,99,29,29,99,99,29,29,15,15,29,85,99,99,57,71,85,29,15,15,1,1,1,1,58
2,嘉泥,水泥工業,1103,99,99,99,43,99,85,85,99,57,85,85,99,99,99,99,99,71,85,85,29,57,71,85,71,99,1,1,1,1,83
3,環泥,水泥工業,1104,57,57,57,57,29,71,71,71,99,71,71,71,85,71,85,85,57,71,71,99,43,57,43,43,43,1,1,1,1,65
4,幸福,水泥工業,1108,15,15,15,99,71,15,29,43,15,43,57,57,57,57,43,71,43,29,15,85,29,43,71,57,71,1,1,1,1,46
5,信大,水泥工業,1109,29,43,43,71,85,57,57,57,85,29,43,43,43,43,71,57,29,57,43,15,99,29,57,85,57,1,1,1,1,53
6,東泥,水泥工業,1110,43,29,29,85,15,29,15,85,71,15,29,85,71,29,57,43,15,43,57,71,15,15,99,99,85,1,1,1,1,49
7,味全,食品工業,1201,51,51,59,43,67,47,15,23,59,79,55,31,31,39,75,59,99,99,99,47,43,43,35,31,71,1,1,1,1,54
8,味王,食品工業,1203,27,27,31,71,27,63,63,59,23,43,23,51,87,67,35,15,95,55,75,15,91,27,71,71,43,1,1,1,1,50
9,大成,食品工業,1210,47,47,51,59,43,31,67,63,43,95,27,83,67,63,71,31,19,95,95,59,19,55,51,47,63,1,1,1,1,56
10,大飲,食品工業,1213,19,19,15,99,15,91,95,95,87,15,31,99,71,91,59,43,23,59,67,35,95,11,99,99,47,1,1,1,1,59
11,卜蜂,食品工業,1215,55,55,27,83,19,23,47,31,15,19,35,19,23,31,27,79,27,87,91,27,23,95,15,15,15,1,1,1,1,39
12,統一,食品工業,1216,87,87,95,15,51,59,75,19,19,99,99,15,19,11,15,19,31,23,43,79,27,31,11,11,19,1,1,1,1,42
13,愛之味,食品工業,1217,39,39,47,63,83,55,39,51,35,23,39,87,83,51,67,47,35,79,87,23,75,91,43,39,59,1,1,1,1,55
14,泰山,食品工業,1218,67,67,63,47,55,43,31,43,31,27,43,63,79,95,63,51,39,63,63,87,83,87,67,63,55,1,1,1,1,59
15,福壽,食品工業,1219,43,43,43,55,39,39,23,55,91,31,47,55,63,23,55,55,43,11,15,43,31,67,83,83,95,1,1,1,1,49
16,台榮,食品工業,1220,31,31,35,75,35,79,71,39,11,35,51,27,43,35,11,23,47,51,51,55,99,83,55,51,11,1,1,1,1,45
17,福懋油,食品工業,1225,59,59,55,51,23,71,43,79,51,39,19,79,95,79,39,63,51,47,35,83,35,59,75,75,31,1,1,1,1,56
18,佳格,食品工業,1227,83,79,79,27,71,35,51,47,67,47,15,43,59,55,95,95,55,67,55,19,87,23,31,27,83,1,1,1,1,56
19,聯華,食品工業,1229,99,99,67,39,47,87,87,99,95,83,59,91,55,47,43,35,59,71,71,39,39,79,91,91,67,1,1,1,1,70
20,聯華食,食品工業,1231,35,35,39,79,71,19,79,91,83,75,63,47,39,71,47,67,63,39,39,99,15,75,27,23,35,1,1,1,1,54
21,大統益,食品工業,1232,91,91,99,11,63,75,59,67,71,51,67,59,11,59,83,27,67,83,79,63,47,71,63,59,87,1,1,1,1,64
22,天仁,食品工業,1233,11,11,23,91,95,27,27,75,27,55,71,75,91,75,51,87,11,91,83,67,51,63,79,67,27,1,1,1,1,57
23,黑松,食品工業,1234,63,63,71,67,31,67,55,35,63,59,87,35,47,19,79,15,71,19,47,31,55,51,47,43,75,1,1,1,1,52
24,興泰,食品工業,1235,15,15,11,95,79,83,11,87,79,63,75,95,99,83,91,91,75,75,59,75,79,15,95,95,51,1,1,1,1,68
25,宏亞,食品工業,1236,23,23,19,87,99,51,35,83,99,67,11,71,75,87,31,99,79,15,11,51,59,99,87,87,99,1,1,1,1,62
26,鮮活果汁-KY,食品工業,1256,71,71,75,35,87,15,19,71,47,71,79,67,51,99,99,83,83,35,23,91,63,47,59,55,91,1,1,1,1,63
27,南僑,食品工業,1702,95,95,91,31,91,95,91,27,75,87,83,11,15,43,23,71,87,31,31,11,67,19,23,19,39,1,1,1,1,54
28,臺鹽,食品工業,1737,75,75,87,19,59,11,83,11,39,91,91,23,27,15,19,75,91,43,19,95,71,35,19,79,23,1,1,1,1,51
29,立萬利,食品工業,3054,79,83,83,23,75,99,99,15,55,11,95,39,35,27,87,39,15,27,27,71,11,39,39,35,79,1,1,1,1,51
30,台塑,塑膠工業,1301,69,69,89,9,34,9,39,4,0,94,99,4,0,9,0,0,94,4,19,0,49,9,4,4,4,1,1,1,1,29
31,南亞,塑膠工業,1303,64,64,74,14,24,4,44,9,84,99,94,19,4,4,89,4,39,14,24,49,9,4,9,9,84,1,1,1,1,37
32,台聚,塑膠工業,1304,94,99,84,24,9,89,89,39,34,79,34,54,34,99,69,34,4,94,89,39,14,59,69,74,64,1,1,1,1,59
33,華夏,塑膠工業,1305,49,54,59,34,19,14,19,19,64,89,44,39,24,84,79,39,9,89,84,44,19,54,34,39,69,1,1,1,1,47
34,三芳,塑膠工業,1307,34,34,34,64,44,44,34,54,9,4,19,64,69,64,19,74,14,84,79,24,24,39,64,49,9,1,1,1,1,42
35,亞聚,塑膠工業,1308,79,79,79,19,14,74,79,49,59,9,69,69,39,34,54,44,19,79,74,64,29,89,84,84,74,1,1,1,1,58
36,台達化,塑膠工業,1309,74,74,69,29,54,69,74,34,69,14,64,59,44,79,39,49,99,19,34,59,89,84,29,34,54,1,1,1,1,56
37,台苯,塑膠工業,1310,54,49,54,39,59,29,4,29,54,19,59,34,59,74,49,19,24,69,69,94,34,79,19,24,49,1,1,1,1,46
38,國喬,塑膠工業,1312,99,94,99,4,74,59,64,24,14,24,54,29,84,69,24,64,29,24,9,19,39,64,24,19,14,1,1,1,1,45
39,聯成,塑膠工業,1313,89,89,64,49,89,34,9,64,19,29,49,44,89,59,29,24,34,64,64,69,44,19,44,54,19,1,1,1,1,50
40,中石化,塑膠工業,1314,59,59,49,44,29,49,49,14,94,39,79,24,29,24,99,54,44,29,29,9,0,0,14,14,99,1,1,1,1,41
41,達新,塑膠工業,1315,29,29,29,74,94,39,24,94,79,34,74,84,99,49,59,59,79,54,54,29,54,94,89,94,79,1,1,1,1,63
42,大洋,塑膠工業,1321,39,39,39,54,39,19,14,99,74,69,9,94,54,44,84,29,84,9,4,34,59,69,74,79,59,1,1,1,1,51
43,永裕,塑膠工業,1323,19,19,24,79,69,54,29,59,89,44,84,99,64,94,94,14,89,44,44,79,64,99,94,99,89,1,1,1,1,65
44,地球,塑膠工業,1324,24,14,14,84,79,64,59,89,99,49,4,79,74,39,64,94,49,49,49,84,69,44,99,89,94,1,1,1,1,62
45,恆大,塑膠工業,1325,0,0,0,99,99,79,69,74,39,54,39,89,79,29,74,79,54,0,0,54,99,29,49,59,34,1,1,1,1,51
46,台化,塑膠工業,1326,84,84,94,0,4,24,54,0,4,74,89,0,9,0,4,9,59,34,39,4,74,49,0,0,0,1,1,1,1,32
47,再生-KY,塑膠工業,1337,9,9,9,89,49,84,84,84,44,59,29,14,19,19,14,84,64,74,94,14,79,24,59,69,39,1,1,1,1,49
48,勝悅-KY,塑膠工業,1340,4,4,4,94,0,94,94,79,49,64,24,9,14,14,9,89,69,39,14,74,84,34,54,64,44,1,1,1,1,45
49,富林-KY,塑膠工業,1341,44,44,44,59,64,0,0,69,29,84,0,74,94,54,44,69,74,59,59,89,4,14,39,44,29,1,1,1,1,47
50,炎洲,塑膠工業,4306,14,24,19,69,84,99,99,44,24,0,14,49,49,89,34,99,0,99,99,99,94,74,79,29,24,1,1,1,1,56
51,上曜,建材營造,1316,53,69,5,85,25,99,99,73,53,97,99,33,79,87,35,79,0,99,99,57,37,99,0,71,21,1,1,1,1,62
52,華友聯,建材營造,1436,31,29,37,43,27,5,0,99,43,1,59,49,93,63,33,29,71,79,79,43,31,41,21,49,7,1,1,1,1,42
53,三地開發,建材營造,1438,1,1,0,97,89,27,25,67,0,35,57,5,15,35,11,53,39,25,19,0,77,39,31,77,81,1,1,1,1,36
54,雋揚,建材營造,1439,81,67,45,25,43,29,29,93,0,33,55,51,83,57,9,51,37,75,47,69,29,37,33,65,1,1,1,1,1,46
55,名軒,建材營造,1442,41,35,41,47,99,21,31,89,91,31,53,79,89,61,87,49,35,19,15,67,27,35,29,67,9,1,1,1,1,50
56,大將,建材營造,1453,0,0,0,93,65,37,21,65,0,29,51,7,13,43,13,47,33,59,39,39,95,33,37,75,79,1,1,1,1,39
57,怡華,建材營造,1456,3,5,1,79,43,19,37,41,0,27,49,3,0,55,7,9,0,55,67,65,65,31,97,93,73,1,1,1,1,37
58,三洋實業,建材營造,1472,0,0,0,99,89,39,41,63,0,25,47,9,11,37,15,45,31,45,45,19,69,29,39,73,77,1,1,1,1,38
59,寶徠,建材營造,1805,33,39,13,77,57,49,47,91,1,23,45,11,91,31,17,15,29,77,57,11,25,27,35,69,75,1,1,1,1,42
60,潤隆,建材營造,1808,57,59,61,39,57,47,19,95,81,21,35,89,87,59,93,43,27,71,31,45,75,25,0,81,97,1,1,1,1,56
61,新美齊,建材營造,2442,87,43,87,15,49,45,49,37,83,77,43,57,85,93,19,41,25,83,83,63,23,23,57,85,87,1,1,1,1,58
62,國建,建材營造,2501,63,65,69,19,67,13,7,55,37,19,41,83,47,51,21,31,23,37,65,71,21,21,13,45,0,1,1,1,1,39
63,國產,建材營造,2504,65,83,51,29,61,0,11,15,63,89,0,61,35,0,27,0,21,39,73,73,19,17,11,17,43,1,1,1,1,36
64,國揚,建材營造,2505,85,85,71,21,93,41,43,9,61,17,0,0,21,65,29,13,19,41,63,97,17,0,59,55,11,1,1,1,1,41
65,太設,建材營造,2506,0,0,27,63,73,17,0,0,23,37,39,21,1,47,71,25,17,43,61,41,15,15,55,19,57,1,1,1,1,31
66,全坤建,建材營造,2509,5,3,17,65,79,33,39,17,19,15,37,73,37,45,69,37,15,85,85,0,85,13,61,25,49,1,1,1,1,40
67,太子,建材營造,2511,67,61,39,37,83,35,35,87,89,81,61,91,23,69,85,0,1,11,49,35,13,11,0,79,93,1,1,1,1,49
68,中工,建材營造,2515,27,31,19,73,63,31,33,49,45,11,1,59,43,71,37,9,13,49,69,21,11,9,9,37,13,1,1,1,1,33
69,新建,建材營造,2516,9,11,0,89,45,0,9,19,29,9,65,71,33,25,63,35,0,13,11,0,9,7,65,63,59,1,1,1,1,30
70,冠德,建材營造,2520,93,93,91,0,77,25,27,57,57,7,63,63,59,73,41,19,11,3,7,5,7,5,17,59,15,1,1,1,1,39
71,京城,建材營造,2524,89,91,79,5,69,23,23,5,33,5,3,17,7,75,75,55,9,53,41,17,99,3,41,31,65,1,1,1,1,41
72,宏璟,建材營造,2527,59,55,29,41,89,51,51,29,47,3,97,31,25,27,77,3,7,0,3,13,73,1,67,51,0,1,1,1,1,37
73,皇普,建材營造,2528,13,13,15,75,17,43,45,21,27,1,95,69,31,29,73,99,5,15,9,77,5,0,93,61,53,1,1,1,1,39
74,華建,建材營造,2530,39,41,73,7,89,55,55,85,97,85,93,99,95,91,89,61,3,87,87,59,3,0,0,83,95,1,1,1,1,63
75,宏盛,建材營造,2534,29,33,25,69,37,79,79,61,79,1,91,77,53,95,79,93,3,17,17,27,1,0,45,87,89,1,1,1,1,51
76,達欣工,建材營造,2535,75,77,81,1,31,0,13,39,99,1,89,53,61,99,99,91,41,89,89,29,1,43,0,97,99,1,1,1,1,56
77,宏普,建材營造,2536,17,17,67,9,69,97,97,71,95,1,87,93,81,33,91,89,43,0,0,79,1,19,91,35,71,1,1,1,1,54
78,聯上發,建材營造,2537,77,81,59,13,85,53,53,23,51,41,19,0,39,67,23,57,99,3,0,99,35,45,95,39,3,1,1,1,1,46
79,基泰,建材營造,2538,79,87,89,0,17,95,95,45,59,13,7,65,99,77,43,5,47,65,71,3,71,75,3,57,17,1,1,1,1,51
80,櫻花建,建材營造,2539,15,15,35,67,77,1,0,11,93,39,9,85,29,0,97,87,95,5,0,81,33,97,51,47,83,1,1,1,1,46
81,愛山林,建材營造,2540,97,97,99,0,35,93,93,7,15,47,11,15,9,17,61,85,93,67,77,0,89,95,43,33,61,1,1,1,1,54
82,興富發,建材營造,2542,51,63,75,55,89,91,91,43,49,43,79,55,45,79,39,83,91,69,33,61,79,93,47,91,19,1,1,1,1,65
83,皇昌,建材營造,2543,0,0,0,95,47,0,3,0,21,73,77,23,5,39,67,81,89,23,23,49,1,91,53,21,55,1,1,1,1,37
84,皇翔,建材營造,2545,55,57,83,31,51,89,89,47,41,71,75,1,19,41,31,1,87,1,5,83,93,89,89,53,0,1,1,1,1,51
85,根基,建材營造,2546,19,21,53,33,33,0,5,59,55,69,73,47,57,81,0,27,85,73,59,9,41,87,5,13,5,1,1,1,1,40
86,日勝生,建材營造,2547,49,51,55,45,75,87,87,25,17,87,71,27,27,19,57,59,83,91,91,85,43,85,7,43,69,1,1,1,1,57
87,華固,建材營造,2548,99,99,95,0,19,85,85,69,85,83,69,75,97,97,83,23,81,21,29,51,45,83,15,99,91,1,1,1,1,67
88,潤弘,建材營造,2597,71,73,85,17,39,15,15,3,87,61,13,0,0,0,59,21,79,33,53,15,47,81,99,95,85,1,1,1,1,46
89,鼎固-KY,建材營造,2923,37,47,77,57,91,83,83,0,11,59,15,13,0,0,49,7,77,3,25,53,67,79,87,11,45,1,1,1,1,43
90,夆典,建材營造,3052,11,9,3,81,45,81,81,1,25,57,17,19,3,21,65,77,75,31,21,55,83,77,85,23,51,1,1,1,1,44
91,富華新,建材營造,3056,69,75,93,27,93,77,77,0,35,55,0,0,0,83,53,33,97,9,1,37,55,73,83,27,63,1,1,1,1,49
92,昇陽,建材營造,3266,45,49,63,3,57,57,57,0,31,53,21,0,0,49,51,95,73,93,93,31,57,49,81,29,47,1,1,1,1,47
93,欣陸,建材營造,3703,91,89,23,71,29,9,17,13,39,99,0,25,17,0,55,75,69,7,0,87,59,71,49,9,41,1,1,1,1,42
94,建國,建材營造,5515,21,19,49,61,55,75,75,53,65,79,67,95,77,53,81,0,67,95,95,23,61,69,23,15,0,1,1,1,1,55
95,隆大,建材營造,5519,83,79,65,11,23,7,1,75,75,45,23,45,69,15,3,73,65,97,97,89,51,67,79,0,39,1,1,1,1,51
96,工信,建材營造,5521,0,0,11,87,21,73,73,27,3,75,81,29,41,23,25,71,63,63,37,91,49,65,25,0,0,1,1,1,1,41
97,遠雄,建材營造,5522,95,95,97,0,87,71,71,35,9,95,83,87,75,89,95,69,61,61,51,0,63,63,27,89,67,1,1,1,1,65
98,順天,建材營造,5525,7,7,21,51,71,69,69,31,7,49,33,41,51,11,45,0,59,57,75,1,91,61,77,0,29,1,1,1,1,41
99,鄉林,建材營造,5531,23,25,9,83,17,67,67,97,77,51,85,97,55,85,0,67,57,35,43,47,81,59,19,41,23,1,1,1,1,52
100,皇鼎,建材營造,5533,47,27,31,49,97,65,65,77,73,63,25,37,71,9,1,11,55,29,27,93,87,57,75,0,27,1,1,1,1,48
101,長虹,建材營造,5534,73,71,57,23,41,63,63,79,71,65,31,39,73,7,0,17,53,51,55,7,97,55,73,3,25,1,1,1,1,48
102,永固-KY,建材營造,5546,61,53,43,35,59,61,61,51,13,91,27,35,63,5,5,65,51,27,13,95,53,53,71,7,37,1,1,1,1,45
103,達麗,建材營造,6177,43,45,47,59,53,59,59,81,69,67,29,43,67,3,0,63,49,47,35,25,39,51,69,5,35,1,1,1,1,46
104,欣巴巴,建材營造,9906,25,23,7,91,95,11,0,33,5,93,5,67,49,13,47,97,0,0,0,33,1,47,1,1,33,1,1,1,1,31
105,三發地產,建材營造,9946,35,37,33,53,81,3,0,83,67,1,0,81,65,1,0,39,45,81,81,75,1,0,63,0,31,1,1,1,1,38
106,東陽,汽車工業,1319,18,18,45,72,51,99,99,0,15,27,6,3,0,96,12,99,96,78,39,99,99,3,6,6,45,1,1,1,1,45
107,廣華-KY,汽車工業,1338,39,45,36,66,84,60,60,3,60,69,12,24,9,99,93,69,45,99,96,72,69,9,27,24,87,1,1,1,1,54
108,昭輝,汽車工業,1339,15,21,0,99,96,33,18,33,12,48,45,45,36,24,57,39,99,12,78,42,81,12,99,60,57,1,1,1,1,46
109,瑞利,汽車工業,1512,0,0,6,93,63,51,48,63,48,3,48,15,72,27,36,66,9,96,93,15,93,69,54,78,39,1,1,1,1,47
110,大億,汽車工業,1521,33,33,39,54,45,48,51,84,24,6,24,27,81,75,3,36,12,42,69,0,87,78,69,63,21,1,1,1,1,44
111,堤維西,汽車工業,1522,6,6,15,78,75,0,24,27,9,9,54,42,33,30,63,33,15,93,90,48,3,81,18,21,24,1,1,1,1,36
112,耿鼎,汽車工業,1524,3,3,3,96,27,30,27,42,66,51,57,66,27,33,45,12,3,45,48,6,90,87,51,54,84,1,1,1,1,42
113,江申,汽車工業,1525,21,24,18,81,69,45,36,69,36,54,60,39,69,36,24,27,6,48,57,81,6,90,48,51,69,1,1,1,1,47
114,車王電,汽車工業,1533,12,15,24,90,9,57,57,96,21,12,33,18,84,39,0,63,18,51,72,78,9,72,93,96,12,1,1,1,1,45
115,和大,汽車工業,1536,45,39,48,33,33,6,15,24,27,57,21,21,6,18,18,3,21,3,15,21,12,66,63,48,15,1,1,1,1,27
116,倉佑,汽車工業,1568,24,9,12,75,81,27,12,72,42,15,39,75,45,42,15,57,24,54,60,24,15,45,24,30,33,1,1,1,1,38
117,吉茂,汽車工業,1587,27,27,9,69,87,54,54,51,96,60,66,30,87,45,39,75,27,81,81,39,18,0,0,0,6,1,1,1,1,45
118,六暉-KY,汽車工業,2115,81,81,84,12,99,66,66,15,51,18,3,9,21,15,51,15,30,3,0,57,21,33,12,12,78,1,1,1,1,37
119,裕隆,汽車工業,2201,78,78,72,21,60,69,69,12,45,93,0,12,24,90,54,18,33,39,54,27,24,54,9,9,75,1,1,1,1,45
120,中華,汽車工業,2204,84,84,87,9,54,36,45,21,54,87,18,6,18,0,48,9,36,15,27,96,27,21,15,15,81,1,1,1,1,40
121,三陽工業,汽車工業,2206,72,72,75,15,15,15,33,6,0,66,9,0,15,21,66,21,39,63,63,18,30,93,3,3,0,1,1,1,1,33
122,和泰車,汽車工業,2207,99,99,99,0,24,63,63,99,18,90,27,72,93,48,30,0,42,24,36,69,0,99,87,84,72,1,1,1,1,57
123,裕日車,汽車工業,2227,90,90,93,3,48,72,72,90,57,63,30,69,99,69,27,6,48,69,75,51,36,51,75,87,66,1,1,1,1,61
124,劍麟,汽車工業,2228,54,60,30,84,36,75,75,78,75,72,87,81,57,78,75,78,69,21,9,36,39,42,60,57,27,1,1,1,1,58
125,為升,汽車工業,2231,57,63,51,48,18,9,0,93,33,81,90,36,90,57,9,81,51,9,12,75,42,57,90,90,18,1,1,1,1,50
126,宇隆,汽車工業,2233,66,66,63,36,78,21,6,75,39,75,93,51,66,60,21,30,90,90,99,33,45,36,42,45,30,1,1,1,1,54
127,百達-KY,汽車工業,2236,42,51,33,63,75,39,39,66,99,21,96,99,75,63,99,84,87,72,33,54,48,60,57,72,42,1,1,1,1,63
128,英利-KY,汽車工業,2239,60,54,60,42,9,78,78,45,72,24,69,84,51,9,87,87,84,75,30,9,51,27,36,33,60,1,1,1,1,53
129,艾姆勒,汽車工業,2241,48,36,54,45,72,12,9,30,63,96,36,78,39,66,69,90,81,57,45,84,54,18,30,27,90,1,1,1,1,53
130,宏旭-KY,汽車工業,2243,63,57,57,39,39,81,81,48,78,42,81,87,48,6,84,93,78,36,42,3,57,30,33,39,54,1,1,1,1,54
131,汎德永業,汽車工業,2247,75,75,78,24,30,3,30,39,90,30,78,63,30,51,60,96,75,30,6,66,60,63,66,75,48,1,1,1,1,54
132,IKKA-KY,汽車工業,2250,69,69,69,30,93,84,84,36,69,33,75,90,54,3,81,42,93,87,87,87,63,24,39,36,63,1,1,1,1,62
133,怡利電,汽車工業,2497,36,42,42,51,12,87,87,81,81,45,72,93,60,81,78,45,72,66,66,12,66,48,78,93,51,1,1,1,1,62
134,麗清,汽車工業,3346,87,87,81,27,21,90,90,87,30,78,63,96,96,72,6,48,66,33,24,45,96,75,96,99,36,1,1,1,1,65
135,智伸科,汽車工業,4551,96,96,96,6,90,93,93,9,93,99,15,33,3,93,96,60,63,60,51,90,72,6,21,18,99,1,1,1,1,62
136,永新-KY,汽車工業,4557,93,93,90,18,9,24,21,18,87,39,51,48,12,84,90,51,60,84,84,30,75,15,45,42,96,1,1,1,1,54
137,光隆精密-KY,汽車工業,4581,30,30,27,57,57,96,96,60,84,36,42,60,78,54,72,54,57,27,18,60,78,96,84,81,93,1,1,1,1,61
138,聯嘉,汽車工業,6288,51,48,66,87,66,42,3,54,3,84,84,54,42,87,33,24,54,18,21,93,33,39,81,69,3,1,1,1,1,50
139,帝寶,汽車工業,6605,9,12,21,60,42,18,42,57,6,0,99,57,63,12,42,72,0,6,3,63,84,84,72,66,9,1,1,1,1,40
185,遠東新,紡織纖維,1402,95,95,95,21,55,19,45,19,71,97,37,19,19,19,87,23,77,29,41,41,51,21,19,19,59,1,1,1,1,47
186,新纖,紡織纖維,1409,81,85,89,37,31,41,57,35,79,37,57,29,21,55,19,25,55,49,69,63,23,61,53,59,49,1,1,1,1,50
187,南染,紡織纖維,1410,35,47,37,53,87,73,65,63,51,75,67,39,51,33,49,75,97,95,75,21,75,59,41,47,21,1,1,1,1,57
188,宏洲,紡織纖維,1413,55,55,75,35,51,49,35,57,75,73,79,63,49,61,83,63,19,33,35,31,25,37,71,81,85,1,1,1,1,55
189,東和,紡織纖維,1414,37,33,55,55,49,37,23,79,23,67,77,97,67,99,81,71,51,47,51,81,77,57,83,79,33,1,1,1,1,60
190,嘉裕,紡織纖維,1417,33,35,47,93,95,43,29,67,27,65,65,35,59,43,39,73,49,37,27,65,27,53,43,51,23,1,1,1,1,49
191,東華,紡織纖維,1418,89,73,43,81,41,65,73,91,63,55,43,81,89,75,65,51,23,87,83,45,97,49,91,91,81,1,1,1,1,69
192,新紡,紡織纖維,1419,69,71,79,47,91,67,75,75,97,49,81,91,71,77,95,69,47,85,73,73,29,51,87,85,97,1,1,1,1,73
193,利華,紡織纖維,1423,57,51,27,95,77,59,25,99,99,79,53,79,95,79,99,97,45,21,19,29,31,55,99,99,99,1,1,1,1,67
194,福懋,紡織纖維,1434,25,25,57,63,45,27,51,21,37,91,85,21,31,51,21,29,43,43,63,51,33,19,33,21,35,1,1,1,1,41
195,南紡,紡織纖維,1440,65,67,73,49,33,31,37,47,73,83,31,41,33,21,61,19,99,23,29,37,35,39,65,69,75,1,1,1,1,49
196,大東,紡織纖維,1441,77,75,67,51,53,79,79,55,85,47,87,45,47,31,73,85,41,45,45,85,67,41,77,71,77,1,1,1,1,63
197,力麗,紡織纖維,1444,43,37,53,77,61,33,39,53,83,21,61,27,43,63,85,53,39,41,53,33,37,63,27,35,69,1,1,1,1,49
198,大宇,紡織纖維,1445,39,39,41,85,57,83,83,65,25,23,73,31,57,39,47,81,53,75,91,75,91,65,45,49,31,1,1,1,1,58
199,宏和,紡織纖維,1446,41,41,61,83,43,77,85,81,19,25,47,85,97,89,91,55,37,35,31,27,79,67,93,93,29,1,1,1,1,60
200,力鵬,紡織纖維,1447,53,49,49,71,65,45,41,23,59,27,83,33,25,47,27,57,35,31,33,53,39,33,23,31,39,1,1,1,1,43
201,佳和,紡織纖維,1449,23,23,25,79,71,55,53,33,33,29,91,69,37,49,35,31,33,77,97,19,71,71,75,75,61,1,1,1,1,53
202,年興,紡織纖維,1451,59,59,65,57,59,57,59,49,91,31,27,43,27,27,69,59,31,83,89,49,41,73,49,55,95,1,1,1,1,56
203,宏益,紡織纖維,1452,87,89,87,31,75,25,19,77,77,33,93,89,63,69,77,47,29,51,55,43,43,75,97,97,93,1,1,1,1,65
204,台富,紡織纖維,1454,31,29,29,89,29,85,89,87,31,35,63,65,55,41,37,49,25,89,85,93,85,77,47,53,27,1,1,1,1,57
205,集盛,紡織纖維,1455,75,77,83,45,37,39,47,51,69,19,29,51,23,59,79,45,57,69,61,99,69,99,51,57,63,1,1,1,1,58
206,宜進,紡織纖維,1457,83,83,69,43,93,89,93,97,57,39,95,83,99,81,55,65,73,27,25,25,47,79,95,95,87,1,1,1,1,71
207,聯發,紡織纖維,1459,45,43,23,91,41,91,95,85,89,41,51,93,61,95,75,67,59,99,87,57,49,81,85,83,73,1,1,1,1,70
208,宏遠,紡織纖維,1460,47,45,45,67,27,21,31,29,41,43,97,37,41,53,31,39,91,79,79,39,21,83,21,27,65,1,1,1,1,48
209,強盛新,紡織纖維,1463,27,27,39,69,47,93,81,27,29,45,69,23,39,35,23,93,21,71,59,61,83,25,31,23,25,1,1,1,1,47
210,得力,紡織纖維,1464,29,31,35,75,69,29,27,93,21,85,49,49,53,93,25,87,89,73,99,83,65,85,29,39,19,1,1,1,1,57
211,偉全,紡織纖維,1465,21,21,21,97,67,97,77,25,35,77,71,25,35,37,29,79,87,57,43,67,55,23,55,25,37,1,1,1,1,51
212,聚隆,紡織纖維,1466,63,63,77,39,81,47,43,71,67,51,23,99,45,91,59,43,85,39,39,71,57,87,73,73,67,1,1,1,1,62
213,南緯,紡織纖維,1467,67,61,85,41,85,53,33,89,61,53,45,87,93,87,63,41,83,67,65,95,95,45,89,87,89,1,1,1,1,70
214,昶和,紡織纖維,1468,71,69,51,61,57,63,97,43,53,87,33,61,77,25,51,91,81,55,49,91,63,89,39,45,53,1,1,1,1,62
215,大統新創,紡織纖維,1470,61,65,63,59,79,95,87,39,43,57,75,53,85,23,45,37,79,81,93,89,89,91,35,41,47,1,1,1,1,64
216,台南,紡織纖維,1473,49,53,33,87,63,51,61,61,95,59,19,71,83,85,97,35,93,25,23,35,53,31,63,61,57,1,1,1,1,58
217,弘裕,紡織纖維,1474,51,57,59,65,39,61,55,73,81,61,25,75,65,83,71,33,75,65,67,59,81,93,59,63,71,1,1,1,1,63
218,業旺,紡織纖維,1475,79,79,31,73,35,81,63,41,55,63,35,59,75,29,53,99,71,63,37,87,87,95,37,43,55,1,1,1,1,61
219,儒鴻,紡織纖維,1476,93,93,93,27,83,35,49,31,93,95,89,55,29,65,93,27,95,61,71,97,61,97,25,29,91,1,1,1,1,67
220,聚陽,紡織纖維,1477,99,99,99,19,99,69,71,83,87,99,39,95,91,73,89,21,69,19,21,69,59,47,81,89,79,1,1,1,1,71
221,如興,紡織纖維,4414,97,97,97,23,67,75,69,95,65,69,55,77,79,71,67,61,67,59,57,55,73,43,61,67,83,1,1,1,1,69
222,利勤,紡織纖維,4426,19,19,19,99,89,23,21,59,39,71,21,67,87,67,33,83,65,93,81,23,99,35,69,65,41,1,1,1,1,55
223,廣越,紡織纖維,4438,91,91,91,25,97,71,67,45,45,93,59,57,73,57,41,77,63,97,77,79,93,29,67,37,43,1,1,1,1,67
224,冠星-KY,紡織纖維,4439,85,87,81,29,73,87,91,37,49,89,41,47,69,45,57,89,61,91,95,77,45,27,57,33,45,1,1,1,1,63
225,宜新實業,紡織纖維,4440,73,81,71,33,25,99,99,69,47,81,99,73,81,97,43,95,27,53,47,47,19,69,79,77,51,1,1,1,1,65
226,大魯閣,運動休閒,1432,1,1,1,99,64,15,1,71,78,15,50,92,71,15,92,43,92,36,29,1,85,43,29,71,92,1,1,1,1,47
227,岱宇,運動休閒,1598,22,22,29,71,43,64,99,57,99,29,99,57,57,92,99,99,71,78,43,50,78,99,92,50,99,1,1,1,1,68
228,喬山,運動休閒,1736,29,29,36,57,36,50,36,64,71,78,43,85,64,8,85,22,64,8,15,29,92,36,22,64,85,1,1,1,1,48
229,拓凱,運動休閒,4536,64,64,43,64,15,78,50,99,36,64,92,78,78,85,78,36,57,71,64,43,71,92,78,78,78,1,1,1,1,66
230,桂盟,運動休閒,5306,99,99,57,36,50,99,92,85,57,99,85,99,99,78,57,85,50,64,50,99,64,85,71,99,57,1,1,1,1,77
231,復盛應用,運動休閒,6670,50,50,64,29,29,36,22,43,1,57,29,29,36,71,50,57,43,99,99,22,57,15,15,15,50,1,1,1,1,43
232,志強-KY,運動休閒,6768,85,85,50,43,78,71,64,92,29,50,78,71,85,64,71,78,36,92,92,92,50,78,64,92,71,1,1,1,1,70
233,柏文,運動休閒,8462,36,36,8,92,99,43,43,22,22,22,36,50,43,57,1,71,29,29,8,15,43,50,43,29,15,1,1,1,1,38
234,波力-KY,運動休閒,8467,15,15,22,85,1,92,85,36,8,8,1,22,29,50,43,64,22,22,1,8,99,22,99,57,43,1,1,1,1,38
235,東哥遊艇,運動休閒,8478,78,78,78,8,22,57,29,78,15,1,71,64,92,43,64,92,15,85,85,85,36,71,57,85,64,1,1,1,1,58
236,鈺齊-KY,運動休閒,9802,8,8,15,78,57,8,8,15,43,85,22,36,15,36,8,50,99,57,57,78,29,29,85,43,36,1,1,1,1,40
237,寶成,運動休閒,9904,43,43,71,50,92,29,57,1,64,43,15,1,1,1,22,29,8,15,36,71,22,1,1,1,8,1,1,1,1,29
238,豐泰,運動休閒,9910,92,92,99,1,85,1,71,8,92,71,8,8,8,99,15,8,85,50,78,64,15,8,8,8,22,1,1,1,1,44
239,美利達,運動休閒,9914,71,71,92,15,8,22,15,50,50,36,64,43,50,22,29,1,78,1,22,36,8,64,50,36,1,1,1,1,1,37
240,巨大,運動休閒,9921,57,57,85,22,71,85,78,29,85,92,57,15,22,29,36,15,1,43,71,57,1,57,36,22,29,1,1,1,1,46
241,首利,電子零組件業,1471,53,52,46,38,66,99,99,24,65,57,38,40,75,22,33,94,89,23,14,11,84,35,31,28,42,1,1,1,1,50
242,信錦,電子零組件業,1582,65,64,73,27,43,57,65,52,74,76,9,88,96,62,82,55,95,39,37,84,45,38,63,52,83,1,1,1,1,61
243,川湖,電子零組件業,2059,30,31,48,52,68,55,48,73,60,88,49,50,65,36,86,60,97,27,21,71,75,76,51,68,69,1,1,1,1,58
244,台達電,電子零組件業,2308,85,85,94,10,80,7,10,13,17,99,5,12,18,9,16,17,96,34,61,72,48,22,6,14,21,1,1,1,1,38
245,華通,電子零組件業,2313,48,47,67,29,39,15,32,18,86,79,60,37,21,76,19,40,33,33,51,29,91,89,95,23,34,1,1,1,1,48
246,楠梓電,電子零組件業,2316,6,5,11,84,50,30,31,22,80,24,64,34,29,75,71,41,34,31,27,19,49,23,34,36,88,1,1,1,1,40
247,國巨,電子零組件業,2327,36,40,44,60,86,27,44,44,63,97,53,32,22,21,38,43,35,77,77,7,82,26,28,31,49,1,1,1,1,46
248,廣宇,電子零組件業,2328,92,92,90,13,69,60,64,91,97,25,42,89,99,78,79,66,36,76,76,57,93,85,88,93,91,1,1,1,1,74
249,敬鵬,電子零組件業,2355,22,25,31,67,63,16,21,94,29,26,32,19,16,33,22,45,37,26,24,35,52,93,67,13,71,1,1,1,1,39
250,燿華,電子零組件業,2367,13,13,12,88,26,46,52,21,81,27,43,33,23,24,68,61,38,44,33,75,57,17,29,26,77,1,1,1,1,41
251,金像電,電子零組件業,2368,43,45,47,63,58,11,25,10,19,81,44,7,12,23,15,47,39,7,7,36,64,92,91,12,27,1,1,1,1,37
252,凱美,電子零組件業,2375,86,86,41,39,89,63,63,96,26,28,45,46,66,70,6,97,15,73,73,16,86,94,87,91,10,1,1,1,1,60
253,台光電,電子零組件業,2383,72,72,70,36,33,35,34,61,95,98,46,13,38,37,83,64,40,69,72,62,7,30,21,27,64,1,1,1,1,51
254,群光,電子零組件業,2385,97,97,98,6,23,19,62,23,5,95,13,25,26,5,5,52,42,46,47,50,11,39,79,35,7,1,1,1,1,40
255,正崴,電子零組件業,2392,76,75,88,17,54,64,61,16,32,29,47,16,15,63,24,38,51,50,54,70,88,64,57,70,31,1,1,1,1,50
256,毅嘉,電子零組件業,2402,26,29,5,97,62,32,7,60,92,31,48,90,89,39,81,56,43,51,36,43,71,67,64,76,65,1,1,1,1,54
257,環科,電子零組件業,2413,5,8,7,98,24,31,15,86,68,38,50,71,79,61,52,49,44,28,32,60,14,80,86,88,94,1,1,1,1,51
258,錩新,電子零組件業,2415,88,87,76,25,72,66,60,38,41,64,54,91,90,67,42,59,45,41,45,34,78,27,68,44,46,1,1,1,1,58
259,新巨,電子零組件業,2420,17,19,14,89,87,38,20,85,67,65,55,66,74,60,43,54,9,82,79,56,18,83,99,99,97,1,1,1,1,59
260,建準,電子零組件業,2421,44,37,58,50,56,5,59,17,33,32,57,47,33,73,34,21,92,10,9,24,79,98,92,96,32,1,1,1,1,48
261,興勤,電子零組件業,2428,52,54,62,54,91,53,46,72,94,77,58,73,70,80,94,63,46,49,34,55,19,78,81,83,14,1,1,1,1,62
262,聯昌,電子零組件業,2431,51,50,52,45,23,61,58,49,43,33,39,63,54,31,41,13,47,24,67,53,20,53,40,58,17,1,1,1,1,43
263,太空梭,電子零組件業,2440,73,73,72,23,66,65,57,68,45,34,22,15,19,42,39,65,48,48,38,73,96,42,26,34,18,1,1,1,1,48
264,飛宏,電子零組件業,2457,58,55,65,42,67,41,36,37,30,35,35,54,32,86,32,16,49,83,91,13,28,48,33,49,39,1,1,1,1,46
265,建通,電子零組件業,2460,29,30,32,69,32,62,56,79,37,36,40,29,24,26,26,67,50,98,98,51,73,71,61,19,56,1,1,1,1,50
266,良得電,電子零組件業,2462,80,79,81,21,56,59,55,69,44,37,23,14,20,41,8,26,31,47,55,15,81,43,27,32,15,1,1,1,1,42
267,志聖,電子零組件業,2467,75,77,86,20,37,42,27,88,70,23,62,92,91,92,53,62,32,96,97,87,98,96,60,79,92,1,1,1,1,69
268,立隆電,電子零組件業,2472,83,82,85,18,92,58,53,20,88,84,61,93,92,91,63,58,14,95,96,77,29,95,97,95,43,1,1,1,1,70
269,鉅祥,電子零組件業,2476,23,28,37,62,74,29,13,78,38,30,59,30,25,25,25,57,41,13,13,97,31,24,23,20,57,1,1,1,1,38
270,大毅,電子零組件業,2478,60,62,43,71,70,36,33,46,98,22,56,60,35,59,99,32,19,14,22,96,33,28,48,43,99,1,1,1,1,51
271,百容,電子零組件業,2483,10,11,8,94,35,21,8,87,69,68,52,72,84,90,50,34,27,15,26,95,34,82,76,84,93,1,1,1,1,53
272,希華,電子零組件業,2484,20,21,28,73,77,69,66,64,56,12,41,57,60,89,31,15,26,92,94,49,66,61,52,67,50,1,1,1,1,53
273,華新科,電子零組件業,2492,34,36,49,68,94,37,47,19,96,70,51,20,13,28,62,33,24,91,93,22,21,19,20,24,73,1,1,1,1,46
274,揚博,電子零組件業,2493,69,69,82,24,82,85,68,70,46,6,24,22,36,43,40,70,8,45,35,93,83,41,25,33,16,1,1,1,1,49
275,健和興,電子零組件業,3003,28,27,17,86,51,47,43,66,99,7,63,74,67,88,89,83,22,89,92,20,72,72,59,78,98,1,1,1,1,61
276,今皓,電子零組件業,3011,39,41,30,82,39,98,69,8,76,8,14,8,9,15,60,93,10,52,42,5,68,8,12,9,80,1,1,1,1,39
277,全漢,電子零組件業,3015,64,65,77,26,71,43,41,56,51,75,18,43,55,97,48,18,20,43,62,92,32,88,90,69,70,1,1,1,1,57
278,鴻名,電子零組件業,3021,18,17,36,75,99,97,98,67,78,74,31,45,58,34,61,31,13,42,57,10,80,60,43,61,89,1,1,1,1,55
279,信邦,電子零組件業,3023,27,26,33,90,96,23,16,71,73,9,27,38,45,30,55,11,29,36,64,59,30,62,38,55,78,1,1,1,1,45
280,禾伸堂,電子零組件業,3026,55,58,63,57,97,20,11,47,61,80,36,65,42,54,46,30,18,86,90,26,92,40,56,50,58,1,1,1,1,54
281,偉訓,電子零組件業,3032,87,88,75,22,28,96,97,25,59,10,25,53,57,40,59,50,16,40,48,90,94,36,65,53,75,1,1,1,1,56
282,欣興,電子零組件業,3037,50,51,60,48,55,12,40,5,23,91,66,9,7,14,20,29,21,35,60,61,27,9,15,6,33,1,1,1,1,34
283,晶技,電子零組件業,3042,62,68,83,33,44,28,19,50,58,82,34,67,46,49,65,11,93,19,31,89,26,58,62,72,67,1,1,1,1,53
284,健鼎,電子零組件業,3044,56,59,29,95,45,95,96,6,84,83,11,5,6,19,73,28,23,37,58,98,25,5,7,5,82,1,1,1,1,45
285,立德,電子零組件業,3058,70,70,66,49,39,94,95,51,57,11,20,51,47,55,47,25,25,38,56,30,24,7,14,59,62,1,1,1,1,46
286,日電貿,電子零組件業,3090,45,42,59,46,93,56,29,99,53,72,75,87,97,45,67,12,28,11,28,86,23,99,94,97,60,1,1,1,1,60
287,鴻碩,電子零組件業,3092,91,91,79,47,68,6,6,59,89,71,98,41,61,32,77,92,52,72,89,85,22,75,75,81,96,1,1,1,1,66
288,晟鈦,電子零組件業,3229,9,6,10,91,84,68,67,62,77,40,99,95,94,79,91,69,53,99,99,6,67,54,69,73,66,1,1,1,1,65
289,勝德,電子零組件業,3296,35,35,39,53,76,48,12,90,35,13,30,77,83,35,30,96,6,21,10,63,6,73,44,92,40,1,1,1,1,46
290,聯德,電子零組件業,3308,59,53,25,58,85,93,94,9,36,20,15,10,10,16,35,91,54,20,17,83,95,6,13,10,41,1,1,1,1,42
291,同泰,電子零組件業,3321,11,9,9,92,78,22,9,42,71,14,96,94,93,69,84,90,76,60,46,12,74,87,93,62,76,1,1,1,1,59
292,泰碩,電子零組件業,3338,67,66,61,32,27,92,93,53,55,15,21,52,51,56,58,24,94,68,59,82,17,68,72,71,68,1,1,1,1,57
293,新日興,電子零組件業,3376,7,10,15,99,27,18,18,75,64,92,28,55,39,44,87,53,77,84,86,41,16,63,58,75,74,1,1,1,1,52
294,台端,電子零組件業,3432,81,81,53,55,99,91,92,58,24,16,95,99,59,53,57,99,17,66,29,27,15,69,71,77,35,1,1,1,1,61
295,維熹,電子零組件業,3501,16,15,13,93,98,90,91,65,75,17,37,64,56,50,70,89,78,18,16,80,99,91,89,94,87,1,1,1,1,64
296,嘉澤,電子零組件業,3533,96,96,93,14,64,89,90,35,42,87,94,23,28,20,80,88,79,17,19,28,13,44,80,25,47,1,1,1,1,56
297,聯穎,電子零組件業,3550,57,56,51,41,79,88,89,41,27,18,93,69,62,18,28,87,80,85,83,79,12,49,53,64,36,1,1,1,1,58
298,力銘,電子零組件業,3593,41,39,27,59,30,87,88,40,47,19,16,68,63,51,45,22,81,63,52,39,70,50,54,65,52,1,1,1,1,51
299,宏致,電子零組件業,3605,40,34,54,61,88,39,30,83,9,21,92,75,77,57,49,98,12,87,95,38,10,81,85,87,25,1,1,1,1,57
300,谷崧,電子零組件業,3607,14,12,20,78,34,86,87,54,48,39,29,56,41,52,44,86,5,88,80,69,9,74,66,80,53,1,1,1,1,52
301,達邁,電子零組件業,3645,42,43,55,40,52,84,86,39,28,50,91,70,64,17,27,23,84,9,8,23,8,51,55,63,37,1,1,1,1,46
302,健策,電子零組件業,3653,38,46,40,65,61,24,26,28,34,41,90,58,43,83,37,19,82,61,63,46,85,45,46,54,48,1,1,1,1,51
303,新至陞,電子零組件業,3679,90,90,26,64,82,34,85,93,18,58,89,96,72,84,7,35,83,16,25,78,35,84,84,89,29,1,1,1,1,62
304,銘鈺,電子零組件業,4545,19,20,19,85,83,44,35,48,21,60,88,42,69,85,23,85,88,90,84,64,36,56,49,66,44,1,1,1,1,56
305,聯德控股-KY,電子零組件業,4912,37,38,38,72,41,8,5,81,6,63,6,97,98,98,92,27,98,93,85,67,37,77,41,60,20,1,1,1,1,55
306,致伸,電子零組件業,4915,94,94,97,7,65,17,45,26,62,94,12,31,27,10,54,36,99,56,53,54,38,59,30,45,63,1,1,1,1,51
307,泰鼎-KY,電子零組件業,4927,24,22,24,80,81,10,23,15,20,85,87,21,17,29,17,20,85,94,87,52,65,21,18,22,30,1,1,1,1,42
308,康控-KY,電子零組件業,4943,89,89,91,11,23,70,84,11,50,62,17,11,8,13,36,71,86,97,88,14,69,13,19,15,45,1,1,1,1,47
309,臻鼎-KY,電子零組件業,4958,25,23,23,79,42,14,51,7,39,89,33,6,5,27,29,84,87,81,82,76,63,10,8,7,38,1,1,1,1,41
310,榮科,電子零組件業,4989,77,74,87,16,59,83,83,45,91,61,86,80,88,87,98,82,75,12,18,21,62,37,77,51,72,1,1,1,1,65
311,鑫禾,電子零組件業,4999,32,32,35,83,66,82,82,76,7,59,85,82,71,81,93,42,91,64,50,48,61,97,78,85,22,1,1,1,1,64
312,瀚宇博,電子零組件業,5469,61,61,56,43,47,33,17,43,87,55,84,49,50,96,78,11,73,65,66,45,60,18,39,29,81,1,1,1,1,54
313,競國,電子零組件業,6108,12,16,16,77,50,81,81,36,85,54,83,59,52,99,76,95,72,6,5,47,59,34,70,47,90,1,1,1,1,56
314,鎰勝,電子零組件業,6115,54,57,57,51,60,80,80,92,25,53,82,78,81,93,10,46,74,22,23,25,58,55,74,74,8,1,1,1,1,56
315,金橋,電子零組件業,6133,33,33,34,74,47,79,79,32,82,52,68,28,37,64,75,81,7,54,43,9,97,31,36,39,86,1,1,1,1,52
316,柏承,電子零組件業,6141,15,14,18,87,25,40,22,34,83,51,69,27,44,65,72,80,55,58,40,81,56,32,42,42,84,1,1,1,1,49
317,嘉聯益,電子零組件業,6153,21,18,21,81,46,25,37,33,16,73,70,18,40,58,74,51,56,59,49,65,55,29,37,40,85,1,1,1,1,46
318,鈞寶,電子零組件業,6155,8,7,6,96,75,51,28,74,66,56,71,85,68,68,90,11,57,57,65,18,54,79,73,82,19,1,1,1,1,55
319,精成科,電子零組件業,6191,99,99,99,5,57,78,78,14,31,49,7,98,14,12,18,48,58,70,81,68,53,11,16,11,28,1,1,1,1,48
320,佳必琪,電子零組件業,6197,71,71,68,31,90,52,24,80,14,48,72,44,76,8,14,79,59,29,15,99,76,14,9,16,6,1,1,1,1,47
321,詮欣,電子零組件業,6205,47,49,45,70,95,77,77,57,12,67,73,86,87,66,97,78,11,30,20,94,51,46,50,56,24,1,1,1,1,59
322,聯茂,電子零組件業,6213,68,67,64,66,39,76,76,77,8,96,67,36,73,71,88,44,90,8,11,66,50,47,45,57,23,1,1,1,1,57
323,聚鼎,電子零組件業,6224,78,78,74,28,31,54,49,82,54,66,74,76,78,47,9,14,60,71,75,8,90,12,5,8,61,1,1,1,1,51
324,台郡,電子零組件業,6269,31,24,22,76,48,50,50,29,79,90,76,61,34,72,69,11,61,25,30,58,87,33,35,38,79,1,1,1,1,51
325,康舒,電子零組件業,6282,63,60,80,37,29,13,39,27,13,69,77,39,31,7,13,11,62,74,69,44,47,57,22,30,5,1,1,1,1,41
326,群電,電子零組件業,6412,95,95,96,8,55,75,75,30,93,93,19,35,30,6,95,77,63,32,12,40,46,70,24,37,54,1,1,1,1,54
327,鈺邦,電子零組件業,6449,82,83,78,35,53,74,74,89,52,47,10,79,82,46,11,76,64,75,70,33,77,15,10,17,11,1,1,1,1,54
328,騰輝電子-KY,電子零組件業,6672,46,48,42,56,49,26,14,55,90,78,26,24,49,94,85,75,65,80,74,37,44,90,96,46,95,1,1,1,1,59
329,嘉基,電子零組件業,6715,84,84,84,19,40,9,73,84,10,46,78,62,80,74,51,74,66,62,44,88,43,16,11,18,26,1,1,1,1,53
330,AES-KY,電子零組件業,6781,79,80,71,34,38,73,72,98,49,45,79,84,85,38,64,73,67,55,68,74,42,66,82,86,51,1,1,1,1,66
331,台虹,電子零組件業,8039,49,44,50,44,35,45,42,63,72,44,80,26,53,77,56,39,68,78,78,42,41,52,32,48,59,1,1,1,1,53
332,南電,電子零組件業,8046,74,76,89,15,36,72,71,12,40,86,81,17,11,11,21,37,69,79,71,91,40,20,17,21,13,1,1,1,1,47
333,瀚荃,電子零組件業,8103,66,63,69,30,82,71,70,95,11,43,8,81,95,95,12,72,70,67,41,31,39,86,98,98,9,1,1,1,1,60
334,志超,電子零組件業,8213,98,98,95,9,73,49,38,31,15,42,97,48,48,82,96,10,71,5,6,32,89,25,47,41,55,1,1,1,1,52
335,菱光,電子零組件業,8249,93,93,92,12,50,67,54,97,22,5,65,83,86,48,66,68,30,53,39,17,5,65,83,90,12,1,1,1,1,56
336,士電,電機機械,1503,97,97,97,9,33,99,99,29,95,63,71,67,31,9,63,7,73,99,99,23,67,49,35,35,17,1,1,1,1,59
337,東元,電機機械,1504,89,91,87,23,71,47,63,33,55,97,45,7,23,7,53,21,99,35,31,63,79,33,25,23,11,1,1,1,1,48
338,正道,電機機械,1506,37,37,15,85,95,59,65,63,13,39,41,75,71,41,75,41,45,59,53,39,41,47,73,81,31,1,1,1,1,53
339,中興電,電機機械,1513,69,67,79,29,51,43,59,73,87,37,7,77,49,63,77,35,43,55,59,53,39,51,39,39,89,1,1,1,1,55
340,亞力,電機機械,1514,75,75,81,21,19,61,71,67,35,35,15,33,79,87,19,11,41,17,35,19,93,63,63,65,65,1,1,1,1,50
341,力山,電機機械,1515,9,15,31,77,49,7,7,15,39,33,43,17,11,45,41,31,97,63,57,45,85,13,9,9,27,1,1,1,1,35
342,利奇,電機機械,1517,13,9,25,71,35,37,37,87,75,31,17,21,97,65,17,71,39,7,9,71,37,61,93,73,57,1,1,1,1,46
343,華城,電機機械,1519,81,81,83,27,47,35,43,59,63,29,85,79,53,93,61,25,37,71,71,73,35,59,57,33,63,1,1,1,1,58
344,日馳,電機機械,1526,57,59,43,99,65,83,75,75,71,27,19,85,83,67,57,27,95,11,13,75,33,55,91,67,51,1,1,1,1,59
345,鑽全,電機機械,1527,35,41,45,57,15,27,19,69,7,25,21,23,35,85,85,19,35,49,61,17,87,57,69,79,21,1,1,1,1,43
346,恩德,電機機械,1528,73,79,57,49,21,79,69,13,37,23,67,15,13,49,39,77,33,43,49,67,31,9,11,11,23,1,1,1,1,41
347,樂事綠能,電機機械,1529,17,11,17,79,39,77,79,91,41,21,39,57,93,47,9,13,31,41,63,13,95,11,13,83,25,1,1,1,1,44
348,亞崴,電機機械,1530,39,39,61,59,37,67,35,53,11,19,37,73,39,51,73,79,29,73,73,41,29,45,71,77,35,1,1,1,1,50
349,高林股,電機機械,1531,67,69,59,41,63,65,41,27,69,17,47,51,17,43,59,93,27,27,21,9,25,21,15,13,43,1,1,1,1,41
350,勤美,電機機械,1532,71,73,73,43,93,57,51,37,61,93,83,55,29,39,55,33,25,19,29,15,9,53,23,21,37,1,1,1,1,47
351,中宇,電機機械,1535,95,95,99,7,31,71,83,93,23,77,53,59,95,83,67,17,23,39,67,33,23,65,77,93,77,1,1,1,1,62
352,廣隆,電機機械,1537,83,85,75,39,77,73,85,19,47,87,73,49,19,21,25,37,21,77,77,87,21,15,33,27,7,1,1,1,1,50
353,正峰,電機機械,1538,53,53,9,91,89,69,17,81,15,15,9,93,87,77,69,99,11,79,79,35,91,69,99,91,33,1,1,1,1,61
354,巨庭,電機機械,1539,15,17,11,97,59,89,89,83,27,13,51,91,85,89,7,89,19,21,17,29,19,71,75,95,79,1,1,1,1,53
355,喬福,電機機械,1540,33,27,27,65,13,91,91,99,79,9,23,99,99,73,13,91,17,45,41,93,97,73,89,99,59,1,1,1,1,62
356,錩泰,電機機械,1541,27,35,39,61,75,93,93,47,93,41,61,63,45,97,91,97,9,9,7,51,99,31,81,69,91,1,1,1,1,60
357,伸興,電機機械,1558,87,87,89,15,97,19,49,23,89,75,93,65,33,13,87,23,15,81,81,59,17,23,31,31,97,1,1,1,1,55
358,中砂,電機機械,1560,61,61,71,31,27,15,25,7,9,89,79,53,21,27,31,67,47,83,83,95,15,25,29,29,39,1,1,1,1,45
359,程泰,電機機械,1583,49,43,53,47,59,49,45,95,77,7,29,87,77,71,11,47,51,69,51,43,45,99,67,97,53,1,1,1,1,57
360,永冠-KY,電機機械,1589,43,51,51,53,57,11,67,21,85,95,77,47,9,19,65,15,49,53,65,61,11,19,7,7,47,1,1,1,1,43
361,亞德客-KY,電機機械,1590,45,49,49,51,41,9,21,9,19,99,49,13,15,25,29,43,71,57,69,21,89,7,17,15,19,1,1,1,1,37
362,直得,電機機械,1597,59,63,67,35,91,55,57,57,43,43,35,89,51,75,27,55,91,13,11,37,43,77,45,47,45,1,1,1,1,52
363,上銀,電機機械,2049,85,89,91,11,43,13,23,11,33,83,81,11,7,15,35,29,89,15,15,79,27,29,21,19,29,1,1,1,1,39
364,大同,電機機械,2371,63,65,65,37,67,23,53,17,53,47,95,71,27,23,21,81,7,85,85,83,83,43,27,25,9,1,1,1,1,50
365,大量,電機機械,3167,93,31,77,33,53,51,27,31,65,73,65,95,75,11,15,51,87,87,87,49,77,79,87,89,15,1,1,1,1,60
366,東台,電機機械,4526,47,45,55,45,17,17,13,97,97,67,27,83,65,59,71,9,85,25,37,57,75,81,61,63,93,1,1,1,1,56
367,瑞智,電機機械,4532,79,77,93,17,45,39,15,85,83,65,13,35,91,69,79,53,83,89,89,11,81,83,97,43,61,1,1,1,1,63
368,全球傳動,電機機械,4540,19,19,37,63,69,25,31,49,45,69,59,19,67,95,93,57,81,65,39,91,73,85,59,61,83,1,1,1,1,58
369,力達-KY,電機機械,4552,25,23,21,89,65,95,95,41,25,81,69,9,59,29,99,87,79,67,47,7,71,37,47,51,81,1,1,1,1,56
370,氣立,電機機械,4555,31,25,13,93,83,81,87,39,49,79,87,41,43,31,95,85,77,91,91,89,69,35,49,59,87,1,1,1,1,64
371,強信-KY,電機機械,4560,23,29,33,75,25,21,33,43,29,61,97,43,61,37,45,83,75,37,45,25,49,39,51,53,71,1,1,1,1,47
372,穎漢,電機機械,4562,21,21,29,83,99,29,9,51,21,59,57,29,73,81,49,59,93,93,93,85,65,87,85,87,75,1,1,1,1,61
373,元翎,電機機械,4564,29,33,35,67,81,31,11,35,57,57,63,37,89,53,23,75,53,33,19,47,47,27,41,41,13,1,1,1,1,44
374,時碩工業,電機機械,4566,77,83,63,55,55,85,77,71,59,55,91,27,55,35,81,95,69,61,33,27,63,89,53,55,85,1,1,1,1,64
375,鈞興-KY,電機機械,4571,51,55,47,69,23,87,81,61,31,85,99,45,63,33,47,73,67,95,95,81,61,91,55,57,69,1,1,1,1,65
376,駐龍,電機機械,4572,11,13,23,81,79,63,47,65,17,53,31,39,81,91,37,69,65,29,25,97,59,93,83,85,73,1,1,1,1,56
377,大銀微系統,電機機械,4576,91,93,85,19,61,53,55,55,51,71,55,31,47,79,33,49,63,51,55,55,57,95,43,45,67,1,1,1,1,58
378,台灣精銳,電機機械,4583,41,47,19,87,85,41,29,45,99,11,89,97,37,99,97,65,61,47,43,31,55,97,95,49,99,1,1,1,1,63
379,豐祥-KY,電機機械,5288,55,57,41,73,29,33,61,25,91,91,75,69,25,17,89,63,59,97,97,77,53,17,19,17,95,1,1,1,1,57
380,寶一,電機機械,8222,7,7,7,95,87,97,73,77,73,51,33,61,57,61,51,61,57,31,23,69,51,41,79,75,49,1,1,1,1,55
381,羅昇,電機機械,8374,99,99,95,13,65,75,97,89,81,49,25,25,69,57,83,39,55,23,27,65,13,75,65,71,55,1,1,1,1,60
382,高力,電機機械,8996,65,71,69,25,73,45,39,79,67,45,11,81,41,55,43,45,13,75,75,99,7,67,37,37,41,1,1,1,1,52
383,華電,電器電纜,1603,8,8,1,99,85,36,29,29,22,71,99,36,64,99,22,99,85,85,36,22,71,36,78,50,22,1,1,1,1,52
384,聲寶,電器電纜,1604,78,78,64,36,36,99,99,15,15,64,92,85,57,92,15,78,78,99,99,71,64,29,36,29,15,1,1,1,1,61
385,華新,電器電纜,1605,85,85,92,15,64,1,43,1,29,99,85,1,1,85,99,8,99,29,43,57,43,1,1,1,29,1,1,1,1,44
386,華榮,電器電纜,1608,57,57,57,29,50,57,50,57,57,57,78,71,71,78,29,71,71,78,57,8,57,50,8,8,36,1,1,1,1,52
387,大亞,電器電纜,1609,92,92,78,22,57,22,8,36,50,50,71,57,8,71,85,43,92,22,22,50,36,43,15,15,85,1,1,1,1,49
388,中電,電器電纜,1611,50,50,99,1,29,92,92,99,92,92,64,99,99,64,78,15,8,71,85,15,50,99,92,99,78,1,1,1,1,68
389,宏泰,電器電纜,1612,99,99,85,8,8,64,64,43,43,43,57,64,43,57,36,50,64,64,71,78,29,8,43,22,50,1,1,1,1,52
390,三洋電,電器電纜,1614,1,1,8,85,15,15,36,50,36,36,50,29,36,50,71,1,57,1,8,36,92,92,71,78,92,1,1,1,1,42
391,大山,電器電纜,1615,36,29,22,71,78,50,22,92,99,29,43,50,92,43,64,92,1,15,1,1,85,85,85,85,99,1,1,1,1,55
392,億泰,電器電纜,1616,15,15,15,92,43,85,85,85,64,22,36,8,85,36,92,64,50,57,50,99,99,78,50,43,43,1,1,1,1,56
393,榮星,電器電纜,1617,64,64,50,50,22,78,78,22,8,15,29,78,50,29,8,57,43,50,64,29,78,22,29,71,8,1,1,1,1,44
394,合機,電器電纜,1618,43,36,43,43,92,43,1,71,85,8,22,43,78,22,57,36,36,8,15,92,22,71,64,92,71,1,1,1,1,48
395,艾美特-KY,電器電纜,1626,29,43,29,78,71,8,57,8,1,85,15,92,15,15,1,29,29,43,78,64,15,15,99,57,1,1,1,1,1,39
396,燦星網,電器電纜,4930,71,71,71,57,99,71,71,64,71,78,8,22,29,8,50,85,22,36,29,85,8,57,22,36,57,1,1,1,1,51
397,禾聯碩,電器電纜,5283,22,22,36,64,43,29,15,78,78,1,1,15,22,1,43,22,15,92,92,43,1,64,57,64,64,1,1,1,1,39
398,葡萄王,生技醫療業,1707,63,66,75,3,87,36,30,0,24,93,99,15,9,33,33,0,93,0,0,39,69,48,0,0,27,1,1,1,1,38
399,生達,生技醫療業,1720,18,21,66,21,84,9,15,15,3,63,54,27,33,15,3,60,39,12,9,24,36,9,27,21,0,1,1,1,1,27
400,美吾華,生技醫療業,1731,12,15,15,72,69,51,45,54,15,33,48,63,87,93,15,0,33,0,6,27,93,6,18,72,15,1,1,1,1,38
401,五鼎,生技醫療業,1733,0,0,3,81,72,12,18,33,69,51,45,81,15,18,75,96,87,36,27,90,33,54,39,36,90,1,1,1,1,46
402,杏輝,生技醫療業,1734,0,0,0,93,75,0,24,18,63,27,72,30,30,21,78,3,30,39,75,36,30,36,30,27,87,1,1,1,1,37
403,南光,生技醫療業,1752,0,0,0,99,0,9,6,21,0,24,93,12,27,24,0,57,27,42,36,84,27,42,33,33,0,1,1,1,1,28
404,寶齡富錦,生技醫療業,1760,48,48,63,45,96,24,21,63,66,39,24,78,93,87,81,45,24,45,60,54,24,87,96,60,84,1,1,1,1,58
405,中化生,生技醫療業,1762,69,69,87,0,15,39,54,42,60,48,21,18,18,84,66,63,21,15,12,30,21,0,24,3,66,1,1,1,1,38
406,和康生,生技醫療業,1783,30,33,6,87,78,45,39,81,75,54,18,84,66,63,90,54,18,3,0,78,15,81,66,63,60,1,1,1,1,51
407,科妍,生技醫療業,1786,45,45,21,66,33,48,36,45,0,3,33,66,45,81,0,27,36,54,54,45,0,72,48,45,9,1,1,1,1,38
408,神隆,生技醫療業,1789,60,51,72,15,54,3,3,9,9,84,96,21,6,27,9,0,15,6,18,57,12,0,21,0,3,1,1,1,1,26
409,美時,生技醫療業,1795,75,54,96,12,63,33,27,27,42,96,87,0,21,30,60,36,9,57,45,0,9,15,36,30,30,1,1,1,1,40
410,景岳,生技醫療業,3164,3,3,0,69,3,54,48,57,12,57,0,60,57,75,12,33,6,99,78,0,96,75,84,39,12,1,1,1,1,41
411,永信,生技醫療業,3705,90,90,60,27,45,42,51,87,57,45,42,39,81,39,72,18,3,33,63,75,6,63,57,66,78,1,1,1,1,53
412,佳醫,生技醫療業,4104,72,72,78,9,51,60,42,72,90,42,12,87,96,69,96,21,3,81,81,69,3,78,87,75,96,1,1,1,1,62
413,雃博,生技醫療業,4106,42,42,51,39,12,6,0,90,84,75,27,51,75,42,36,24,96,63,57,0,0,57,45,42,36,1,1,1,1,44
414,懷特,生技醫療業,4108,81,81,36,51,60,63,60,60,18,0,0,69,60,66,18,0,3,18,30,93,90,84,90,87,18,1,1,1,1,49
415,旭富,生技醫療業,4119,21,12,33,36,9,66,63,48,0,0,51,90,63,72,0,69,12,66,39,63,0,0,9,0,6,1,1,1,1,33
416,亞諾法,生技醫療業,4133,15,9,9,75,81,99,99,96,51,0,0,42,78,36,39,90,42,24,15,0,42,60,60,90,42,1,1,1,1,48
417,麗豐-KY,生技醫療業,4137,39,39,69,24,30,72,69,69,93,90,3,72,69,90,87,72,99,0,0,99,18,93,93,57,93,1,1,1,1,62
418,國光生,生技醫療業,4142,33,36,12,63,24,15,9,12,6,87,75,24,12,12,6,9,45,21,21,33,99,12,42,18,0,1,1,1,1,29
419,全宇生技-KY,生技醫療業,4148,9,18,24,48,21,21,12,24,48,6,39,96,90,57,69,30,75,75,66,60,48,0,12,24,48,1,1,1,1,41
420,訊映,生技醫療業,4155,6,6,39,42,99,75,72,84,87,9,36,93,84,54,93,15,84,3,3,42,84,3,15,69,51,1,1,1,1,50
421,承業醫,生技醫療業,4164,87,87,93,0,0,18,0,99,45,66,6,54,99,48,63,75,72,78,87,51,81,69,75,93,75,1,1,1,1,61
422,佐登-KY,生技醫療業,4190,84,84,54,33,0,78,75,93,54,12,9,48,72,51,42,93,69,30,69,72,78,66,72,84,45,1,1,1,1,59
423,泰博,生技醫療業,4736,27,27,18,78,0,81,78,66,96,18,15,99,54,99,84,78,81,90,90,9,75,96,81,96,81,1,1,1,1,65
424,華廣,生技醫療業,4737,0,0,0,96,48,27,33,51,0,15,84,75,42,45,0,81,78,72,42,96,72,33,78,81,0,1,1,1,1,46
425,台耀,生技醫療業,4746,66,75,90,0,27,0,0,0,21,69,78,33,0,60,21,51,0,87,99,21,45,27,6,6,21,1,1,1,1,36
426,光麗-KY,生技醫療業,6431,96,96,81,18,57,84,81,36,33,21,60,0,36,3,27,12,63,69,72,81,66,45,63,54,33,1,1,1,1,51
427,藥華藥,生技醫療業,6446,99,99,99,0,93,87,84,75,78,99,30,36,48,96,24,6,66,27,24,12,63,51,69,78,24,1,1,1,1,59
428,保瑞,生技醫療業,6472,78,78,30,90,39,30,87,30,27,72,90,0,24,0,30,84,60,84,84,18,60,39,51,48,63,1,1,1,1,52
429,晶碩,生技醫療業,6491,24,24,57,30,36,0,0,0,99,81,81,57,0,6,99,39,57,51,51,6,57,18,0,0,99,1,1,1,1,39
430,泰福-KY,生技醫療業,6541,57,63,45,54,6,90,90,3,39,30,63,6,3,0,57,42,54,48,48,15,54,21,0,12,72,1,1,1,1,39
431,北極星藥業-KY,生技醫療業,6550,54,60,48,57,66,93,93,0,36,0,66,3,0,0,54,87,51,93,93,3,87,24,0,9,69,1,1,1,1,46
432,ABC-KY,生技醫療業,6598,51,57,42,60,42,96,96,6,81,78,69,0,0,0,51,99,48,96,96,87,51,30,3,15,57,1,1,1,1,52
433,羅麗芬-KY,生技醫療業,6666,93,93,84,6,90,69,66,78,72,36,0,45,51,78,45,48,90,9,0,48,39,90,54,51,39,1,1,1,1,55
434,晉弘,生技醫療業,6796,36,30,27,84,18,57,57,39,30,60,57,9,39,9,48,66,3,60,33,66,0,99,99,99,54,1,1,1,1,47
435,東鹼,化學工業,1708,63,67,71,11,95,99,99,11,3,35,75,27,55,3,19,3,47,99,99,3,59,99,27,31,11,1,1,1,1,48
436,和益,化學工業,1709,99,99,99,0,39,67,95,39,27,23,7,3,15,75,11,0,95,3,51,0,99,79,75,67,51,1,1,1,1,49
437,東聯,化學工業,1710,87,83,83,3,3,31,19,0,87,91,99,15,0,15,91,0,3,31,59,27,35,75,43,43,99,1,1,1,1,45
438,永光,化學工業,1711,15,23,35,39,39,23,51,7,7,67,71,35,0,7,15,0,3,35,63,87,31,0,0,0,15,1,1,1,1,27
439,興農,化學工業,1712,19,27,23,71,55,27,43,15,11,87,95,55,27,11,27,15,7,39,27,83,19,63,19,15,35,1,1,1,1,37
440,國化,化學工業,1713,43,43,39,43,87,71,83,47,0,0,91,63,75,71,0,99,11,7,0,79,0,23,7,71,0,1,1,1,1,42
441,和桐,化學工業,1714,23,11,43,75,91,63,79,79,75,0,11,43,71,27,59,19,15,43,47,75,27,87,83,79,75,1,1,1,1,52
442,長興,化學工業,1717,79,75,79,19,51,39,55,3,63,83,63,19,7,0,67,11,19,15,11,11,83,0,0,0,43,1,1,1,1,36
443,中纖,化學工業,1718,0,0,3,87,79,43,35,0,47,3,67,0,31,0,47,23,23,75,83,19,67,71,0,0,47,1,1,1,1,34
444,三晃,化學工業,1721,3,3,11,51,71,3,7,35,35,7,15,39,19,67,35,95,27,47,15,0,79,31,15,7,39,1,1,1,1,30
445,台肥,化學工業,1722,91,91,95,0,47,35,0,0,15,11,0,0,3,0,55,27,31,19,7,7,71,35,67,55,87,1,1,1,1,34
446,中碳,化學工業,1723,95,95,91,0,15,75,63,31,0,79,19,23,0,79,0,31,35,27,31,31,55,19,11,75,0,1,1,1,1,39
447,元禎,化學工業,1725,35,19,31,79,35,83,59,95,79,15,79,95,99,31,87,79,39,55,23,55,87,51,71,95,79,1,1,1,1,62
448,永記,化學工業,1726,7,15,27,59,11,0,3,55,31,19,35,7,67,63,83,91,43,51,19,15,75,7,47,23,31,1,1,1,1,35
449,中華化,化學工業,1727,0,0,0,95,83,87,67,99,99,71,27,79,39,35,79,7,99,59,55,99,7,27,55,39,63,1,1,1,1,55
450,花仙子,化學工業,1730,75,79,59,47,95,91,75,75,39,27,31,59,91,23,71,67,51,0,0,23,11,67,87,83,3,1,1,1,1,53
451,毛寶,化學工業,1732,0,0,0,99,99,95,87,71,19,31,3,91,95,95,39,71,55,0,0,95,15,91,59,51,19,1,1,1,1,51
452,日勝化,化學工業,1735,11,7,7,91,63,0,91,67,59,59,39,71,63,43,63,39,59,79,71,51,91,59,51,47,55,1,1,1,1,53
453,勝一,化學工業,1773,83,87,87,7,23,11,15,27,67,39,43,11,51,91,75,43,63,11,67,0,0,95,31,35,71,1,1,1,1,45
454,展宇,化學工業,1776,27,31,0,83,7,19,0,91,51,43,47,83,87,47,23,47,67,63,39,59,23,43,63,59,23,1,1,1,1,45
455,德淵,化學工業,4720,39,35,15,67,75,51,31,83,55,63,0,87,79,51,43,63,0,83,79,63,63,47,91,87,59,1,1,1,1,56
456,國精化,化學工業,4722,59,59,55,23,31,59,39,43,0,47,51,47,59,99,0,51,71,67,43,67,95,39,3,3,0,1,1,1,1,44
457,康普,化學工業,4739,67,63,47,55,59,47,27,63,71,75,55,75,43,55,99,55,75,87,87,47,39,11,35,63,7,1,1,1,1,56
458,三福化,化學工業,4755,55,51,75,15,0,55,47,23,91,51,83,51,23,87,95,59,79,91,91,35,43,0,79,27,95,1,1,1,1,56
459,材料-KY,化學工業,4763,51,55,63,27,19,0,0,19,83,95,87,31,11,83,7,83,83,95,95,71,47,15,39,19,91,1,1,1,1,51
460,雙鍵,化學工業,4764,31,39,19,63,67,79,71,87,43,55,59,99,83,59,51,87,87,0,3,91,51,55,99,99,83,1,1,1,1,62
461,南寶,化學工業,4766,47,47,51,35,27,15,23,51,95,99,23,67,47,19,31,75,91,71,75,39,3,3,23,11,27,1,1,1,1,44
462,上品,化學工業,4770,71,71,67,31,43,7,11,59,23,0,0,0,35,39,3,35,3,23,35,43,0,83,95,91,67,1,1,1,1,37
463,台玻,玻璃陶瓷,1802,39,39,79,19,79,19,19,19,39,59,99,19,19,99,79,19,79,79,79,59,79,19,19,19,39,1,1,1,1,49
464,冠軍,玻璃陶瓷,1806,19,19,19,79,19,39,59,59,99,99,79,39,39,79,99,99,59,59,19,99,99,99,39,39,99,1,1,1,1,62
465,中釉,玻璃陶瓷,1809,79,79,59,99,39,99,99,79,79,39,59,79,79,59,59,39,39,39,59,79,59,79,79,79,79,1,1,1,1,69
466,和成,玻璃陶瓷,1810,59,59,39,59,59,59,39,39,19,19,39,59,59,39,39,79,19,99,99,19,39,39,59,59,19,1,1,1,1,49
467,凱撒衛,玻璃陶瓷,1817,99,99,99,39,99,79,79,99,59,79,19,99,99,19,19,59,99,19,39,39,19,59,99,99,59,1,1,1,1,67
468,士紙,造紙工業,1903,57,57,15,99,85,99,99,43,43,29,43,71,71,85,43,85,85,43,29,29,99,57,71,71,85,1,1,1,1,64
469,正隆,造紙工業,1904,71,71,99,15,29,43,71,99,71,57,99,29,29,15,71,57,71,71,71,99,71,99,29,29,15,1,1,1,1,59
470,華紙,造紙工業,1905,29,15,57,71,57,71,57,29,15,99,29,57,43,99,15,43,57,99,99,85,57,85,43,43,71,1,1,1,1,57
471,寶隆,造紙工業,1906,85,85,29,29,15,85,85,71,85,15,85,43,57,71,85,99,15,57,57,15,85,43,57,57,57,1,1,1,1,59
472,永豐餘,造紙工業,1907,99,99,71,43,71,15,29,15,57,85,15,15,15,57,57,29,99,29,43,43,43,15,15,15,99,1,1,1,1,47
473,榮成,造紙工業,1909,15,29,43,85,43,57,43,57,99,43,57,85,99,43,99,15,43,85,85,57,29,29,85,85,43,1,1,1,1,58
474,永豐實,造紙工業,6790,43,43,85,57,99,29,15,85,29,71,71,99,85,29,29,71,29,15,15,71,15,71,99,99,29,1,1,1,1,55
475,中鋼,鋼鐵工業,2002,99,99,99,9,21,42,72,9,30,99,99,9,9,9,9,12,96,72,63,75,42,60,9,9,18,1,1,1,1,47
476,東和鋼鐵,鋼鐵工業,2006,81,81,84,24,45,18,42,12,51,84,96,15,12,12,36,15,51,99,99,84,15,9,15,15,51,1,1,1,1,46
477,燁興,鋼鐵工業,2007,36,27,33,66,33,45,48,39,15,33,12,30,33,24,69,66,15,96,96,27,18,39,33,33,15,1,1,1,1,39
478,高興昌,鋼鐵工業,2008,12,15,9,99,60,57,45,81,54,24,93,93,78,93,48,33,18,27,48,48,72,93,75,84,84,1,1,1,1,58
479,第一銅,鋼鐵工業,2009,30,33,45,51,30,39,21,36,45,18,90,54,42,39,12,69,21,30,33,18,63,33,78,66,57,1,1,1,1,42
480,春源,鋼鐵工業,2010,39,36,57,60,48,12,18,54,90,12,15,69,60,63,96,18,24,33,69,30,81,87,27,27,78,1,1,1,1,48
481,春雨,鋼鐵工業,2012,51,57,30,81,69,30,39,96,18,69,42,39,45,69,93,60,27,36,42,54,21,21,48,30,21,1,1,1,1,48
482,中鋼構,鋼鐵工業,2013,93,93,93,18,18,84,78,75,75,72,45,90,75,90,87,21,30,39,66,60,24,81,60,69,90,1,1,1,1,65
483,中鴻,鋼鐵工業,2014,90,90,90,12,27,72,69,18,78,96,84,18,21,18,75,78,33,42,36,72,27,15,18,18,69,1,1,1,1,51
484,豐興,鋼鐵工業,2015,84,84,81,27,81,9,15,15,48,93,81,12,15,15,27,9,36,87,81,39,30,12,12,12,39,1,1,1,1,42
485,官田鋼,鋼鐵工業,2017,9,12,24,96,75,21,9,42,36,78,18,72,51,36,60,24,12,45,60,15,33,75,39,39,72,1,1,1,1,42
486,美亞,鋼鐵工業,2020,66,54,63,39,84,33,27,87,42,81,48,84,93,84,51,36,39,48,57,42,36,48,90,78,54,1,1,1,1,59
487,聚亨,鋼鐵工業,2022,24,30,15,90,57,54,33,78,72,15,51,81,54,87,57,99,42,51,27,24,99,72,45,45,93,1,1,1,1,56
488,燁輝,鋼鐵工業,2023,72,66,60,42,24,75,75,27,87,90,78,24,27,51,72,84,45,75,75,57,39,57,42,42,96,1,1,1,1,59
489,志聯,鋼鐵工業,2024,27,24,27,78,90,78,81,30,39,21,27,60,81,48,18,87,48,9,12,96,66,30,81,63,63,1,1,1,1,51
490,千興,鋼鐵工業,2025,21,9,18,75,81,99,99,66,93,9,54,45,72,96,99,96,9,18,15,99,90,51,69,75,99,1,1,1,1,62
491,大成鋼,鋼鐵工業,2027,96,96,96,15,78,69,66,51,99,27,24,75,48,54,45,27,93,15,24,21,60,78,51,48,75,1,1,1,1,57
492,威致,鋼鐵工業,2028,69,63,72,33,93,27,24,21,84,30,75,21,18,45,81,93,57,24,18,12,69,18,21,21,30,1,1,1,1,45
493,盛餘,鋼鐵工業,2029,87,87,87,21,42,87,87,24,81,87,72,33,30,42,90,30,60,78,78,66,87,63,54,54,24,1,1,1,1,62
494,彰源,鋼鐵工業,2030,48,48,54,84,15,90,90,48,9,36,21,36,36,72,39,75,63,81,84,78,12,36,36,72,9,1,1,1,1,51
495,新光鋼,鋼鐵工業,2031,78,78,78,36,63,63,51,84,33,39,60,66,87,81,42,57,66,84,87,69,48,84,96,96,36,1,1,1,1,66
496,新鋼,鋼鐵工業,2032,18,21,21,87,54,36,12,69,63,42,87,57,63,33,84,48,69,60,45,33,84,42,57,51,81,1,1,1,1,53
497,佳大,鋼鐵工業,2033,15,18,12,93,87,93,93,33,69,45,33,48,57,30,21,81,72,21,21,9,96,27,84,60,66,1,1,1,1,51
498,允強,鋼鐵工業,2034,63,72,66,48,72,24,36,45,66,48,9,63,39,21,78,54,99,63,54,87,45,54,63,57,87,1,1,1,1,57
499,海光,鋼鐵工業,2038,33,42,36,72,36,96,96,57,12,51,30,27,24,27,30,42,75,90,90,51,93,24,24,24,12,1,1,1,1,48
500,運錩,鋼鐵工業,2069,60,69,69,45,96,48,63,93,60,54,63,87,90,75,63,63,78,66,39,63,54,90,99,99,48,1,1,1,1,69
501,長榮鋼,鋼鐵工業,2211,75,75,75,30,66,51,57,63,27,57,66,51,66,60,15,72,81,12,9,90,57,96,30,36,27,1,1,1,1,54
502,豐達科,鋼鐵工業,3004,57,60,42,69,69,66,60,60,21,60,36,96,96,57,24,51,84,93,93,93,51,45,66,90,33,1,1,1,1,63
503,三星,鋼鐵工業,5007,42,39,51,54,51,15,30,99,96,63,69,42,69,78,66,45,87,69,51,36,75,66,72,81,60,1,1,1,1,60
504,東明-KY,鋼鐵工業,5538,54,51,48,57,99,81,84,72,24,66,57,99,99,99,33,90,90,57,30,45,78,69,87,87,42,1,1,1,1,68
505,世紀鋼,鋼鐵工業,9958,45,45,39,63,39,60,54,90,57,75,39,78,84,66,54,39,54,54,72,81,9,99,93,93,45,1,1,1,1,61
506,橋椿,居家生活,2062,27,27,18,81,90,27,27,27,90,45,99,18,27,99,9,72,90,18,18,45,81,9,18,18,90,1,1,1,1,47
507,嘉威,居家生活,3557,99,99,72,36,63,99,99,9,81,36,90,81,9,90,90,90,9,63,36,54,72,18,27,27,81,1,1,1,1,61
508,三能-KY,居家生活,6671,81,81,90,27,99,45,45,18,18,81,81,90,18,81,27,45,81,54,54,27,63,45,54,54,72,1,1,1,1,57
509,匯僑設計,居家生活,6754,45,45,63,45,72,81,54,90,72,27,72,72,90,72,81,63,72,9,9,99,54,72,81,81,63,1,1,1,1,63
510,峰源-KY,居家生活,6807,72,72,81,18,54,9,9,54,63,9,63,63,81,63,72,36,99,99,99,90,45,36,45,45,54,1,1,1,1,57
511,億豐,居家生活,8464,90,90,99,9,27,72,36,81,54,99,54,54,72,54,63,27,63,90,90,81,36,63,72,72,45,1,1,1,1,64
512,商億-KY,居家生活,8482,63,63,54,54,9,18,18,45,45,90,45,27,63,45,54,99,54,45,45,63,27,27,36,36,36,1,1,1,1,46
513,櫻花,居家生活,9911,36,36,45,63,36,54,72,99,36,72,36,99,99,36,45,18,45,81,81,36,18,54,63,63,27,1,1,1,1,54
514,福興,居家生活,9924,18,18,27,99,45,36,81,36,9,63,27,45,36,27,18,9,36,36,63,9,9,81,90,90,9,1,1,1,1,41
515,成霖,居家生活,9934,54,54,36,72,81,90,90,72,27,54,18,36,54,18,36,81,27,27,27,18,90,99,99,99,18,1,1,1,1,55
516,慶豐富,居家生活,9935,9,9,9,90,18,63,63,63,99,18,9,9,45,9,99,54,18,72,72,72,99,90,9,9,99,1,1,1,1,48
517,南港,橡膠工業,2101,63,63,54,54,27,9,9,72,90,72,81,45,45,99,27,63,90,9,9,18,81,99,90,27,36,1,1,1,1,53
518,泰豐,橡膠工業,2102,45,9,18,90,54,45,18,81,27,63,72,72,72,90,18,54,81,63,54,36,90,90,54,81,18,1,1,1,1,56
519,台橡,橡膠工業,2103,72,72,81,18,81,36,54,9,36,99,99,18,9,81,45,90,72,54,45,99,72,9,18,9,9,1,1,1,1,51
520,國際中橡,橡膠工業,2104,81,81,72,72,99,54,36,18,9,90,9,9,81,72,9,81,63,99,99,27,63,81,36,63,90,1,1,1,1,60
521,正新,橡膠工業,2105,54,54,63,36,18,18,63,27,63,81,63,27,18,63,54,27,54,27,18,90,54,36,9,18,81,1,1,1,1,45
522,建大,橡膠工業,2106,18,27,45,45,63,27,45,45,72,54,54,36,36,54,36,18,45,45,63,54,45,45,72,36,63,1,1,1,1,46
523,厚生,橡膠工業,2107,27,36,36,63,45,99,99,90,18,45,45,81,90,45,72,45,36,90,90,81,36,72,99,99,54,1,1,1,1,64
524,南帝,橡膠工業,2108,99,99,99,9,36,90,90,36,81,36,90,99,27,36,81,9,99,18,27,45,27,18,27,45,72,1,1,1,1,56
525,華豐,橡膠工業,2109,9,18,27,99,9,81,81,63,45,9,36,54,63,27,99,99,9,81,81,9,99,63,81,54,45,1,1,1,1,54
526,鑫永銓,橡膠工業,2114,36,45,9,81,90,63,27,99,54,27,27,90,99,18,63,36,27,72,72,72,18,54,63,90,27,1,1,1,1,54
527,申豐,橡膠工業,6582,90,90,90,27,72,72,72,54,99,18,18,63,54,9,90,72,18,36,36,63,9,27,45,72,99,1,1,1,1,56
528,台船,航運業,2208,47,47,51,47,23,31,55,15,7,31,11,47,27,19,27,7,87,55,71,15,71,7,7,11,7,1,1,1,1,33
529,長榮,航運業,2603,99,99,99,7,47,51,63,39,15,47,19,7,15,7,99,51,83,39,47,87,15,23,15,71,15,1,1,1,1,46
530,新興,航運業,2605,71,75,75,23,15,91,99,23,19,43,35,43,99,83,87,75,23,43,35,11,99,27,19,95,19,1,1,1,1,53
531,裕民,航運業,2606,79,71,79,27,71,67,71,99,51,79,39,27,67,99,39,19,27,87,87,71,31,31,31,99,39,1,1,1,1,59
532,榮運,航運業,2607,35,31,35,55,67,39,31,19,39,11,71,67,23,31,31,59,31,47,51,95,51,11,51,15,59,1,1,1,1,42
533,嘉里大榮,航運業,2608,23,23,23,79,39,11,15,31,47,71,43,55,19,87,35,47,35,7,7,67,95,63,63,31,47,1,1,1,1,43
534,陽明,航運業,2609,95,95,95,11,75,35,47,55,27,99,7,23,47,71,19,23,39,83,75,35,63,51,43,67,27,1,1,1,1,52
535,華航,航運業,2610,67,63,83,31,79,15,27,43,79,63,23,11,31,11,75,15,43,23,27,19,11,55,11,35,51,1,1,1,1,40
536,志信,航運業,2611,19,11,11,95,31,99,83,83,83,15,47,63,63,35,91,79,47,79,79,59,67,59,95,63,87,1,1,1,1,62
537,中航,航運業,2612,63,67,71,35,19,59,43,79,91,87,51,35,87,39,7,83,11,75,83,39,79,71,71,83,63,1,1,1,1,60
538,中櫃,航運業,2613,11,19,7,87,11,43,23,63,71,55,31,87,51,43,47,55,15,51,55,55,59,75,75,55,75,1,1,1,1,49
539,東森,航運業,2614,59,59,59,43,91,71,59,75,59,19,63,99,43,63,59,91,51,99,99,83,91,99,91,39,71,1,1,1,1,69
540,萬海,航運業,2615,87,87,91,15,51,55,19,59,35,91,15,15,35,27,11,87,55,27,11,23,87,47,39,47,35,1,1,1,1,46
541,台航,航運業,2617,51,55,67,39,63,75,51,91,87,23,87,71,55,67,67,71,59,59,39,79,47,15,47,79,95,1,1,1,1,62
542,長榮航,航運業,2618,55,51,63,71,87,27,67,35,95,39,91,19,39,95,71,67,63,63,43,99,43,43,35,75,91,1,1,1,1,61
543,亞航,航運業,2630,15,15,19,83,27,47,39,51,55,27,27,91,95,51,83,27,91,67,67,31,39,83,83,87,67,1,1,1,1,55
544,台灣高鐵,航運業,2633,31,35,43,63,43,63,75,11,11,83,67,95,11,55,23,11,95,19,31,47,35,39,27,7,11,1,1,1,1,41
545,漢翔,航運業,2634,43,43,39,67,59,23,35,7,31,59,75,83,7,75,51,35,67,71,63,27,75,19,59,23,55,1,1,1,1,48
546,台驊控股,航運業,2636,83,83,27,99,35,95,87,27,23,75,79,51,91,79,15,43,71,91,91,75,27,35,23,19,23,1,1,1,1,58
547,慧洋-KY,航運業,2637,39,39,47,59,95,79,91,95,99,95,95,59,75,23,95,63,99,15,15,91,23,87,87,43,99,1,1,1,1,68
548,宅配通,航運業,2642,7,7,15,91,55,19,7,47,63,51,59,75,59,59,55,39,75,11,19,51,19,91,99,51,79,1,1,1,1,48
549,遠雄港,航運業,5607,91,91,55,51,99,83,95,87,67,35,99,39,79,15,79,99,7,95,95,7,83,95,55,27,43,1,1,1,1,67
550,四維航,航運業,5608,75,79,87,19,71,87,79,71,43,67,83,31,83,91,63,95,79,35,23,63,55,79,79,59,31,1,1,1,1,65
551,建新國際,航運業,8367,27,27,31,75,83,27,11,67,75,7,55,79,71,47,43,31,19,31,59,43,7,67,67,91,83,1,1,1,1,49
552,光寶科,電腦及週邊設備業,2301,75,73,85,0,45,0,31,0,15,73,0,0,0,0,11,5,99,99,99,33,55,0,3,0,21,1,1,1,1,33
553,全友,電腦及週邊設備業,2305,0,0,1,81,51,47,55,71,93,1,67,99,83,51,71,9,35,21,33,1,91,77,85,85,55,1,1,1,1,51
554,仁寶,電腦及週邊設備業,2324,55,53,77,5,27,0,0,0,75,93,0,0,0,11,63,0,31,67,55,13,73,0,0,0,77,1,1,1,1,31
555,精英,電腦及週邊設備業,2331,23,29,37,51,75,1,0,17,13,19,97,59,15,0,97,29,0,65,65,11,23,81,43,49,19,1,1,1,1,37
556,佳世達,電腦及週邊設備業,2352,83,83,91,0,9,49,49,7,0,69,93,15,3,41,0,35,29,63,47,71,21,3,7,5,13,1,1,1,1,35
557,宏碁,電腦及週邊設備業,2353,89,89,97,0,73,5,47,27,85,91,0,5,31,0,73,47,79,17,9,5,19,55,69,19,81,1,1,1,1,44
558,英業達,電腦及週邊設備業,2356,35,35,45,45,5,0,17,0,0,97,1,0,5,1,0,15,27,59,63,37,17,0,0,0,0,1,1,1,1,20
559,華碩,電腦及週邊設備業,2357,85,85,95,0,47,15,35,31,7,67,91,69,23,0,25,0,25,69,59,67,15,27,23,35,0,1,1,1,1,40
560,藍天,電腦及週邊設備業,2362,69,69,73,3,59,35,11,47,27,65,59,1,0,99,0,37,23,15,23,49,13,99,33,41,67,1,1,1,1,41
561,倫飛,電腦及週邊設備業,2364,3,5,0,85,67,55,45,77,63,17,27,29,67,55,31,1,21,47,57,0,97,91,59,69,51,1,1,1,1,45
562,昆盈,電腦及週邊設備業,2365,29,17,11,69,85,51,43,49,39,15,87,53,59,0,83,33,19,51,49,0,77,65,99,97,45,1,1,1,1,49
563,技嘉,電腦及週邊設備業,2376,99,99,87,11,65,19,37,21,77,45,25,23,17,0,53,9,17,49,53,53,11,11,9,9,47,1,1,1,1,38
564,微星,電腦及週邊設備業,2377,87,87,93,0,53,13,21,35,87,13,81,39,35,43,77,0,15,13,45,97,9,53,71,29,87,1,1,1,1,47
565,虹光,電腦及週邊設備業,2380,11,3,21,59,0,33,5,67,89,11,85,63,79,61,79,41,95,57,51,15,7,23,45,51,89,1,1,1,1,46
566,廣達,電腦及週邊設備業,2382,77,77,83,0,1,0,0,0,17,95,0,0,0,13,19,91,33,73,61,43,85,0,0,0,49,1,1,1,1,33
567,精元,電腦及週邊設備業,2387,13,11,7,77,0,53,51,53,37,9,45,31,63,5,85,43,1,0,0,45,87,45,57,65,57,1,1,1,1,38
568,研華,電腦及週邊設備業,2395,65,65,67,15,55,0,53,15,45,99,41,9,19,23,37,45,11,11,27,0,5,29,17,17,0,1,1,1,1,31
569,友通,電腦及週邊設備業,2397,5,7,17,75,89,57,57,45,65,7,65,35,51,67,43,49,9,71,73,83,3,39,53,61,71,1,1,1,1,48
570,映泰,電腦及週邊設備業,2399,59,63,53,39,83,59,59,99,67,5,23,87,71,85,65,51,7,7,17,85,95,51,75,75,69,1,1,1,1,58
571,輔信,電腦及週邊設備業,2405,43,41,49,29,23,21,0,81,53,21,21,49,87,93,27,53,5,0,0,63,1,73,93,93,15,1,1,1,1,41
572,圓剛,電腦及週邊設備業,2417,21,21,47,23,63,63,63,75,97,47,19,95,85,65,67,39,3,75,77,57,1,67,67,73,85,1,1,1,1,56
573,承啟,電腦及週邊設備業,2425,39,27,0,73,93,83,83,25,35,23,43,37,27,7,87,95,0,77,69,0,89,69,65,77,25,1,1,1,1,50
574,麗臺,電腦及週邊設備業,2465,1,1,15,71,79,23,0,91,55,1,15,81,73,91,59,73,3,79,79,87,83,63,97,95,23,1,1,1,1,54
575,普安,電腦及週邊設備業,2495,7,9,25,57,17,97,97,59,61,1,3,33,53,89,33,85,89,81,81,89,1,43,61,67,53,1,1,1,1,52
576,歐格,電腦及週邊設備業,3002,17,23,29,35,95,95,95,93,49,1,5,85,99,87,61,0,91,0,7,41,81,47,41,89,65,1,1,1,1,53
577,神基,電腦及週邊設備業,3005,73,75,89,0,37,0,23,1,0,79,39,0,0,9,0,93,3,85,83,3,1,0,1,1,0,1,1,1,1,28
578,晟銘電,電腦及週邊設備業,3013,27,19,23,43,87,0,3,3,0,1,31,17,13,33,0,83,3,0,0,0,75,15,0,3,37,1,1,1,1,21
579,奇鋐,電腦及週邊設備業,3017,47,43,39,37,33,0,27,0,0,55,95,7,1,3,7,0,93,89,85,91,71,5,19,13,1,1,1,1,1,34
580,威強電,電腦及週邊設備業,3022,37,39,13,49,57,93,93,19,11,1,53,11,25,0,21,81,3,19,11,93,1,7,5,7,3,1,1,1,1,30
581,建碁,電腦及週邊設備業,3046,41,45,59,1,31,99,99,97,91,25,0,97,97,83,75,57,37,27,13,29,27,49,39,87,99,1,1,1,1,56
582,喬鼎,電腦及週邊設備業,3057,53,51,71,9,29,89,89,79,43,1,11,83,75,79,13,89,87,91,87,27,69,75,89,27,7,1,1,1,1,57
583,銘異,電腦及週邊設備業,3060,0,0,0,91,39,87,87,37,21,1,0,71,37,19,15,75,51,23,25,0,93,97,0,0,0,1,1,1,1,35
584,緯創,電腦及週邊設備業,3231,71,71,79,0,35,0,25,0,51,87,0,0,0,0,45,25,97,25,31,75,1,0,0,0,35,1,1,1,1,30
585,融程電,電腦及週邊設備業,3416,0,0,5,83,49,27,0,95,69,81,17,79,81,77,49,59,0,97,89,81,1,41,31,37,73,1,1,1,1,49
586,誠研,電腦及週邊設備業,3494,0,0,0,99,41,85,85,61,83,1,57,61,57,75,93,99,73,9,5,0,25,59,79,59,61,1,1,1,1,51
587,華擎,電腦及週邊設備業,3515,95,93,99,0,91,81,81,83,19,75,99,89,77,73,69,71,71,53,91,0,1,71,91,81,79,1,1,1,1,69
588,精聯,電腦及週邊設備業,3652,15,15,9,63,55,25,0,87,71,0,13,51,89,71,55,27,69,35,37,21,29,89,83,83,17,1,1,1,1,44
589,大眾控,電腦及週邊設備業,3701,97,95,31,61,13,65,65,11,41,63,89,25,21,27,35,69,65,95,93,95,51,13,13,25,39,1,1,1,1,52
590,神達,電腦及週邊設備業,3706,91,91,65,13,69,45,39,9,31,41,61,21,11,25,23,3,63,93,95,59,57,19,15,11,33,1,1,1,1,43
591,永崴投控,電腦及週邊設備業,3712,93,97,41,41,77,79,79,23,25,27,55,77,93,97,51,23,75,39,39,61,79,61,73,99,27,1,1,1,1,61
592,事欣科,電腦及週邊設備業,4916,79,79,0,79,99,77,77,0,73,31,0,0,0,37,57,67,61,0,0,47,61,0,0,0,43,1,1,1,1,39
593,和碩,電腦及週邊設備業,4938,67,59,75,17,19,7,33,0,57,89,29,0,0,31,39,0,57,41,43,35,65,0,0,0,31,1,1,1,1,32
594,科嘉-KY,電腦及週邊設備業,5215,31,25,43,53,81,3,13,0,29,33,51,0,0,39,9,17,55,87,67,19,63,0,0,0,9,1,1,1,1,29
595,虹堡,電腦及週邊設備業,5258,0,0,3,87,0,75,75,43,33,57,49,27,43,35,17,65,53,83,97,39,59,93,35,39,11,1,1,1,1,45
596,迎廣,電腦及週邊設備業,6117,0,0,0,95,61,11,0,41,9,37,63,19,39,81,3,63,39,0,0,77,99,57,77,47,5,1,1,1,1,37
597,上福,電腦及週邊設備業,6128,0,0,0,97,11,31,7,55,99,39,79,91,65,69,99,11,0,0,0,17,31,83,27,33,97,1,1,1,1,42
598,凌華,電腦及週邊設備業,6166,49,49,55,19,45,43,41,65,79,51,77,41,45,95,91,31,49,0,0,23,53,33,87,79,95,1,1,1,1,52
599,飛捷,電腦及週邊設備業,6206,9,13,27,67,71,73,73,69,5,49,73,65,61,45,89,61,47,43,21,0,49,85,51,57,93,1,1,1,1,52
600,尼得科超眾,電腦及週邊設備業,6230,0,0,0,93,21,9,0,73,81,35,69,47,47,63,47,87,0,37,15,7,67,95,49,55,83,1,1,1,1,43
601,華孚,電腦及週邊設備業,6235,61,67,33,65,43,71,71,57,59,29,35,55,49,59,41,19,45,33,35,31,47,37,55,63,0,1,1,1,1,46
602,宏正,電腦及週邊設備業,6277,45,47,57,27,13,41,29,51,47,83,75,57,55,57,29,7,43,29,41,9,45,87,47,53,63,1,1,1,1,45
603,樺漢,電腦及週邊設備業,6414,63,61,61,7,13,69,69,89,0,77,7,93,91,53,0,77,41,45,19,79,43,35,81,45,0,1,1,1,1,49
604,研揚,電腦及週邊設備業,6579,19,31,35,47,7,29,1,85,0,59,9,67,95,49,0,0,59,55,75,25,41,31,63,71,0,1,1,1,1,38
605,動力-KY,電腦及週邊設備業,6591,25,33,51,33,0,67,67,39,0,53,33,73,41,21,0,79,77,61,71,69,39,21,37,43,0,1,1,1,1,41
606,緯穎,電腦及週邊設備業,6669,33,37,69,21,39,17,15,33,3,43,83,75,33,15,81,21,81,3,3,73,37,17,29,31,59,1,1,1,1,38
607,振樺電,電腦及週邊設備業,8114,0,0,0,89,97,39,9,63,0,71,71,45,69,47,0,13,67,5,1,55,35,79,95,91,75,1,1,1,1,45
608,達方,電腦及週邊設備業,8163,51,55,63,25,25,37,19,5,1,61,47,3,7,29,1,9,83,31,29,51,33,1,25,23,29,1,1,1,1,30
609,勤誠,電腦及週邊設備業,8210,81,81,81,31,15,91,91,29,95,85,0,43,29,0,95,97,85,0,0,65,1,25,11,15,91,1,1,1,1,49
610,偉聯,電腦及週邊設備業,9912,57,57,19,55,3,61,61,13,23,3,37,13,9,17,5,55,13,1,0,99,1,9,21,21,41,1,1,1,1,28
611,麗正,半導體業,2302,29,29,27,99,99,99,99,71,34,41,99,55,99,99,45,99,20,25,20,21,83,51,97,70,22,1,1,1,1,61
612,聯電,半導體業,2303,63,63,61,63,52,30,47,23,32,80,36,21,22,24,39,43,96,34,35,71,52,22,26,25,46,1,1,1,1,44
613,華泰,半導體業,2329,26,26,29,91,95,26,36,36,98,38,39,54,37,23,96,90,51,79,80,24,78,42,35,36,97,1,1,1,1,54
614,台積電,半導體業,2330,79,80,88,35,54,22,46,21,27,75,25,20,20,22,40,27,99,58,64,80,94,20,20,20,34,1,1,1,1,47
615,旺宏,半導體業,2337,64,64,74,49,84,51,49,31,36,78,64,23,29,28,37,20,80,31,47,42,51,26,32,30,41,1,1,1,1,46
616,光罩,半導體業,2338,59,59,56,68,69,45,27,70,62,37,63,77,58,67,66,92,23,57,43,82,81,65,72,64,82,1,1,1,1,62
617,台亞,半導體業,2340,47,48,48,72,93,44,38,37,26,65,42,46,47,61,34,82,50,72,77,32,50,39,39,45,42,1,1,1,1,51
618,茂矽,半導體業,2342,37,37,39,78,96,31,42,44,37,36,41,22,43,76,60,42,49,56,59,40,49,36,67,49,57,1,1,1,1,49
619,華邦電,半導體業,2344,76,77,84,33,51,61,54,29,87,60,62,28,28,27,89,26,82,28,41,85,48,28,33,32,65,1,1,1,1,53
620,順德,半導體業,2351,30,30,31,87,57,43,39,38,20,88,37,49,50,44,91,41,83,76,75,59,47,32,45,42,52,1,1,1,1,51
621,矽統,半導體業,2363,53,54,54,65,44,46,25,63,50,35,61,74,71,83,74,62,48,29,33,34,84,64,52,62,60,1,1,1,1,55
622,菱生,半導體業,2369,25,25,25,95,62,60,58,42,86,34,43,50,39,42,32,40,47,78,73,88,46,46,40,44,44,1,1,1,1,51
623,瑞昱,半導體業,2379,95,95,95,24,49,57,52,59,54,73,60,82,54,85,27,29,46,53,65,65,96,58,76,72,23,1,1,1,1,62
624,威盛,半導體業,2388,73,67,65,48,78,47,28,66,70,33,52,76,77,79,58,72,45,52,48,44,45,57,62,73,83,1,1,1,1,60
625,凌陽,半導體業,2401,56,56,59,57,79,65,64,61,30,56,58,91,68,84,25,71,86,81,71,75,44,68,60,61,37,1,1,1,1,63
626,南亞科,半導體業,2408,62,62,68,53,90,64,65,28,59,99,33,26,27,26,59,22,44,30,44,45,43,23,28,27,66,1,1,1,1,48
627,統懋,半導體業,2434,24,23,21,97,38,63,66,55,23,32,20,38,61,89,69,69,43,20,21,20,97,86,91,79,48,1,1,1,1,52
628,偉詮電,半導體業,2436,57,57,60,54,41,62,51,99,97,62,57,93,83,49,64,67,21,51,53,94,42,90,89,88,84,1,1,1,1,67
629,超豐,半導體業,2441,44,45,46,74,48,32,40,39,21,54,56,57,35,40,42,44,42,83,82,37,92,35,37,40,43,1,1,1,1,48
630,京元電子,半導體業,2449,31,31,38,82,88,25,34,27,22,93,55,35,25,38,21,38,41,86,98,96,91,34,36,35,20,1,1,1,1,49
631,創見,半導體業,2451,33,32,37,83,60,27,23,62,66,31,54,80,69,81,65,37,40,32,34,29,41,67,58,56,69,1,1,1,1,51
632,聯發科,半導體業,2454,98,97,99,22,40,59,63,49,43,77,53,43,40,70,41,61,39,88,97,70,40,37,48,58,68,1,1,1,1,60
633,義隆,半導體業,2458,70,71,77,37,68,58,62,64,45,82,48,68,74,78,92,36,94,89,96,99,39,69,59,67,55,1,1,1,1,68
634,強茂,半導體業,2481,38,38,35,86,94,25,21,52,40,89,32,53,53,65,47,70,37,90,95,26,79,47,63,52,56,1,1,1,1,55
635,晶豪科,半導體業,3006,94,94,97,20,39,56,60,65,78,53,49,71,73,94,75,60,52,91,94,66,38,80,87,77,85,1,1,1,1,70
636,聯陽,半導體業,3014,86,87,93,26,54,55,59,73,47,51,45,67,80,98,48,78,36,33,32,78,37,74,68,57,24,1,1,1,1,59
637,嘉晶,半導體業,3016,42,39,47,71,82,40,31,47,57,30,31,45,41,77,56,30,29,49,55,31,89,62,70,59,79,1,1,1,1,52
638,聯詠,半導體業,3034,97,98,98,21,47,54,57,57,79,79,51,62,57,88,76,63,35,48,54,64,36,54,73,63,86,1,1,1,1,64
639,智原,半導體業,3035,75,75,80,41,66,53,56,67,60,83,47,81,72,80,57,34,34,35,36,55,22,66,57,78,77,1,1,1,1,59
640,揚智,半導體業,3041,74,74,72,44,59,52,55,91,91,66,50,92,82,50,87,95,33,41,40,62,95,91,88,71,87,1,1,1,1,70
641,聯傑,半導體業,3094,52,51,51,64,62,66,53,81,49,29,46,84,94,64,51,91,31,47,45,91,23,72,54,85,62,1,1,1,1,60
642,景碩,半導體業,3189,32,33,32,89,68,23,29,26,68,98,35,31,32,32,81,33,30,46,56,57,24,25,31,29,73,1,1,1,1,45
643,虹冠電,半導體業,3257,65,65,57,60,59,68,61,92,28,28,65,94,96,47,26,83,22,36,28,90,25,89,90,87,40,1,1,1,1,60
644,京鼎,半導體業,3413,51,52,53,66,34,69,68,35,56,86,59,47,34,37,54,84,88,37,29,30,80,81,34,37,63,1,1,1,1,55
645,創意,半導體業,3443,87,86,83,34,34,98,69,68,88,97,67,73,67,91,62,32,97,97,86,35,26,87,66,89,92,1,1,1,1,72
646,聯鈞,半導體業,3450,28,24,28,90,86,34,26,60,39,27,84,72,60,82,28,86,28,44,49,68,27,88,74,68,25,1,1,1,1,53
647,晶相光,半導體業,3530,89,90,64,61,58,97,98,78,89,47,98,78,75,68,53,96,27,43,38,67,21,77,71,95,67,1,1,1,1,70
648,台勝科,半導體業,3532,48,50,55,59,42,96,97,30,84,48,97,42,31,29,83,28,26,60,63,87,28,75,29,33,64,1,1,1,1,55
649,敦泰,半導體業,3545,88,88,92,31,36,95,96,98,92,81,96,85,85,46,49,88,93,42,50,86,30,79,85,90,58,1,1,1,1,74
650,辛耘,半導體業,3583,43,43,41,75,73,41,30,53,24,67,34,56,63,71,20,45,25,40,37,76,54,55,47,55,21,1,1,1,1,48
651,通嘉,半導體業,3588,71,73,67,46,64,94,95,85,69,22,94,88,87,63,63,97,71,85,92,56,32,96,83,93,90,1,1,1,1,75
652,瑞鼎,半導體業,3592,99,99,78,42,46,93,94,83,85,26,93,36,64,58,44,77,24,98,85,84,33,84,80,82,36,1,1,1,1,69
653,世芯-KY,半導體業,3661,84,79,40,81,61,92,93,24,80,87,24,27,23,21,84,76,32,96,88,79,34,24,25,26,35,1,1,1,1,57
654,達能,半導體業,3686,49,49,36,84,70,91,92,93,99,25,92,99,95,48,98,98,38,63,39,77,35,99,99,92,94,1,1,1,1,74
655,日月光投控,半導體業,3711,93,92,45,77,97,90,91,22,72,91,23,25,21,20,80,21,53,67,69,54,53,21,24,24,33,1,1,1,1,54
656,新唐,半導體業,4919,60,60,66,55,54,36,50,48,42,74,91,29,46,72,94,31,89,68,62,33,29,33,64,46,53,1,1,1,1,55
657,凌通,半導體業,4952,80,81,86,28,63,89,90,80,67,24,90,79,88,86,68,80,55,66,46,89,55,73,53,83,75,1,1,1,1,71
658,天鈺,半導體業,4961,83,83,85,36,77,88,89,82,82,95,89,96,89,66,85,65,73,38,30,49,66,98,75,69,76,1,1,1,1,75
659,十銓,半導體業,4967,27,28,26,94,50,87,88,58,44,23,88,75,70,33,55,66,74,39,31,97,72,48,86,65,51,1,1,1,1,59
660,立積,半導體業,4968,55,55,62,58,37,86,87,95,53,71,87,66,91,51,78,68,81,64,52,92,88,82,78,76,95,1,1,1,1,72
661,全訊,半導體業,5222,36,35,34,79,34,85,86,72,52,58,86,86,78,95,52,24,84,65,67,74,75,60,82,75,61,1,1,1,1,65
662,祥碩,半導體業,5269,91,91,89,30,49,84,85,89,41,39,85,83,92,43,36,74,78,77,83,63,71,76,92,80,26,1,1,1,1,70
663,界霖,半導體業,5285,23,27,22,93,95,49,32,56,25,59,22,37,65,87,29,79,77,75,76,83,70,44,94,60,54,1,1,1,1,57
664,松翰,半導體業,5471,72,72,81,32,56,83,84,86,96,90,83,70,90,53,67,39,76,74,81,52,93,85,79,94,88,1,1,1,1,75
665,盛群,半導體業,6202,77,76,79,38,74,82,83,69,63,70,68,90,79,92,70,46,75,71,72,51,76,61,56,81,78,1,1,1,1,71
666,力成,半導體業,6239,40,42,42,76,85,29,44,32,38,69,82,30,26,30,38,23,92,69,68,50,90,29,30,31,47,1,1,1,1,49
667,迅杰,半導體業,6243,58,58,52,62,43,21,82,94,75,85,81,65,97,54,72,58,72,80,74,38,74,70,55,98,96,1,1,1,1,69
668,矽格,半導體業,6257,35,36,33,88,80,33,35,96,76,40,80,64,38,55,88,57,79,94,78,95,73,49,65,54,38,1,1,1,1,62
669,同欣電,半導體業,6271,39,40,43,85,81,24,22,41,29,84,38,33,42,34,43,59,70,24,26,61,87,53,41,41,45,1,1,1,1,47
670,矽力*-KY,半導體業,6415,68,70,69,50,53,81,81,74,35,96,79,98,66,93,30,87,69,99,79,27,56,95,50,50,32,1,1,1,1,67
671,訊芯-KY,半導體業,6451,69,68,70,51,75,80,80,46,58,44,27,61,49,73,22,85,68,84,89,28,85,50,81,66,27,1,1,1,1,61
672,穎崴,半導體業,6515,41,41,44,73,74,79,79,79,46,57,78,39,62,35,33,54,91,87,99,58,68,63,44,48,29,1,1,1,1,60
673,捷敏-KY,半導體業,6525,92,93,94,25,98,42,41,54,90,42,77,97,45,96,90,53,90,23,25,47,67,38,21,21,59,1,1,1,1,61
674,愛普*,半導體業,6531,90,89,90,29,89,78,78,50,65,68,29,40,52,75,23,93,67,45,42,46,82,40,22,23,31,1,1,1,1,57
675,晶心科,半導體業,6533,45,44,73,45,57,77,77,90,81,52,76,60,44,56,79,75,66,95,91,98,69,56,49,99,91,1,1,1,1,70
676,易華電,半導體業,6552,20,20,20,98,76,76,76,45,94,46,28,59,56,97,99,64,65,93,84,69,65,30,69,39,98,1,1,1,1,63
677,虹揚-KY,半導體業,6573,67,69,71,52,59,75,75,84,77,63,21,32,59,62,71,52,87,21,23,39,64,71,61,53,39,1,1,1,1,58
678,力智,半導體業,6719,78,78,75,43,35,74,74,77,71,49,75,95,84,60,77,51,64,92,87,72,63,93,96,86,81,1,1,1,1,73
679,威鋒電子,半導體業,6756,81,82,87,40,67,73,73,88,55,50,74,63,86,52,50,50,63,50,57,93,62,83,95,96,72,1,1,1,1,70
680,力積電,半導體業,6770,61,61,63,56,55,38,48,25,31,94,73,24,24,36,95,49,95,73,90,73,61,27,27,28,70,1,1,1,1,55
681,采鈺,半導體業,6789,54,53,58,67,70,72,72,20,51,21,26,34,48,41,93,94,62,22,22,53,98,31,42,38,49,1,1,1,1,52
682,來頡,半導體業,6799,82,84,82,39,65,71,71,97,83,20,72,69,98,57,86,73,61,82,93,48,86,78,84,97,28,1,1,1,1,72
683,矽創,半導體業,8016,96,96,96,23,83,50,33,51,64,92,30,41,51,74,24,48,85,54,60,81,60,41,23,22,30,1,1,1,1,56
684,昇陽半導體,半導體業,8028,34,34,30,80,92,28,24,43,61,64,40,44,55,45,82,56,60,55,58,36,59,43,38,43,74,1,1,1,1,51
685,致新,半導體業,8081,85,85,91,27,72,70,70,75,73,72,71,89,81,90,73,81,59,26,24,25,99,92,93,84,80,1,1,1,1,71
686,華東,半導體業,8110,22,22,24,96,91,37,37,40,95,45,44,48,36,31,97,55,58,70,70,22,77,94,43,47,93,1,1,1,1,56
687,福懋科,半導體業,8131,21,21,23,92,45,48,45,33,74,61,70,51,33,25,31,25,57,59,66,23,58,45,51,51,89,1,1,1,1,48
688,南茂,半導體業,8150,46,46,49,69,71,35,43,34,33,76,69,52,30,39,35,47,98,27,27,41,57,52,46,34,50,1,1,1,1,48
689,富鼎,半導體業,8261,66,66,76,47,59,39,20,87,48,43,95,87,93,59,46,89,56,62,51,60,31,97,98,91,71,1,1,1,1,65
690,宇瞻,半導體業,8271,50,47,50,70,87,67,67,76,93,55,66,58,76,69,61,35,54,61,61,43,20,59,77,74,99,1,1,1,1,63
691,金寶,其他電子業,2312,87,87,77,47,79,55,49,29,27,53,99,55,55,69,35,21,93,65,75,27,51,99,49,51,39,1,1,1,1,59
692,鴻海,其他電子業,2317,97,97,97,23,69,23,53,21,35,89,33,21,21,21,43,27,65,53,69,25,85,21,21,21,27,1,1,1,1,46
693,鴻準,其他電子業,2354,99,99,99,21,27,69,67,95,99,23,63,33,23,67,99,99,57,81,79,23,93,23,29,25,99,1,1,1,1,64
694,所羅門,其他電子業,2359,53,49,63,57,71,41,33,67,41,25,53,49,65,61,59,63,21,55,61,77,25,57,85,61,31,1,1,1,1,53
695,致茂,其他電子業,2360,71,73,83,41,49,27,29,37,91,95,49,23,37,51,95,59,55,83,77,79,27,33,35,35,53,1,1,1,1,55
696,震旦行,其他電子業,2373,35,25,41,79,51,65,63,45,83,75,65,43,61,89,93,55,53,37,39,81,29,85,59,65,97,1,1,1,1,61
697,云辰,其他電子業,2390,91,91,75,33,37,63,57,35,29,27,55,29,63,57,47,57,51,27,25,71,31,37,37,59,49,1,1,1,1,49
698,漢唐,其他電子業,2404,85,85,93,25,43,37,43,33,31,29,57,31,43,59,49,39,49,39,47,73,81,39,39,41,47,1,1,1,1,49
699,固緯,其他電子業,2423,61,61,69,53,33,57,59,65,45,77,67,41,73,35,53,35,47,59,67,59,79,71,95,97,37,1,1,1,1,60
700,互盛電,其他電子業,2433,33,31,37,77,35,59,61,71,85,79,69,57,99,85,91,61,45,61,57,63,33,91,99,99,93,1,1,1,1,67
701,敦吉,其他電子業,2459,77,79,73,43,27,61,65,79,53,31,71,93,91,27,85,33,43,93,83,61,89,59,83,89,67,1,1,1,1,66
702,光群雷,其他電子業,2461,45,45,47,71,83,43,25,69,37,33,73,97,59,81,37,65,59,31,27,97,35,73,97,49,29,1,1,1,1,56
703,盟立,其他電子業,2464,73,71,85,45,41,67,69,41,47,35,51,27,47,55,57,97,29,41,31,43,37,35,45,43,35,1,1,1,1,50
704,可成,其他電子業,2474,23,23,33,89,75,27,37,23,79,99,77,25,25,75,89,67,41,99,87,51,87,25,23,23,87,1,1,1,1,56
705,美隆電,其他電子業,2477,41,41,49,73,61,51,41,81,57,37,79,87,83,25,81,25,39,51,73,53,91,49,73,79,65,1,1,1,1,59
706,連宇,其他電子業,2482,39,39,43,85,77,47,31,75,55,39,81,91,81,31,83,71,37,89,99,55,97,97,93,95,71,1,1,1,1,68
707,漢平,其他電子業,2488,31,33,45,75,99,73,73,73,49,41,83,95,95,79,75,23,35,85,91,87,39,51,77,83,73,1,1,1,1,67
708,隆銘綠能,其他電子業,3018,37,37,31,87,93,75,75,59,51,43,43,83,75,63,51,53,31,43,43,33,83,53,75,81,69,1,1,1,1,59
709,德律,其他電子業,3030,79,77,87,31,39,33,35,63,81,83,87,51,71,41,55,29,61,71,71,89,41,87,53,55,89,1,1,1,1,62
710,科風,其他電子業,3043,25,27,21,99,55,99,99,25,59,45,41,35,29,65,79,95,77,45,37,21,77,29,25,27,75,1,1,1,1,52
711,昇貿,其他電子業,3305,43,43,27,93,73,79,79,53,89,51,37,73,69,83,71,75,63,67,59,49,45,43,71,77,55,1,1,1,1,63
712,柏騰,其他電子業,3518,83,83,61,55,67,53,21,31,39,47,35,39,31,53,39,31,89,77,95,47,47,31,31,31,33,1,1,1,1,50
713,碩天,其他電子業,3617,65,65,71,51,89,81,81,57,63,49,45,45,97,73,87,77,87,75,55,95,49,55,57,63,85,1,1,1,1,69
714,貿聯-KY,其他電子業,3665,47,51,35,83,91,25,51,27,33,97,31,37,27,71,41,93,23,73,49,65,23,27,27,29,41,1,1,1,1,48
715,東科-KY,其他電子業,5225,51,47,53,67,59,83,83,49,23,69,29,79,45,47,27,79,99,79,97,83,53,47,43,45,23,1,1,1,1,58
716,亞翔,其他電子業,6139,29,29,25,95,45,45,39,93,65,55,75,69,87,29,63,49,85,63,63,35,99,69,81,93,45,1,1,1,1,61
717,巨路,其他電子業,6192,81,81,81,39,57,49,47,91,73,87,27,81,49,45,29,81,27,49,51,41,95,95,67,73,79,1,1,1,1,63
718,帆宣,其他電子業,6196,89,89,95,27,53,85,85,39,21,85,25,67,39,87,25,45,83,35,45,85,75,65,89,39,21,1,1,1,1,60
719,亞弘電,其他電子業,6201,27,35,29,91,31,35,55,61,43,63,59,47,67,33,45,83,81,69,53,93,73,67,69,75,51,1,1,1,1,57
720,和椿,其他電子業,6215,67,67,79,37,29,87,87,97,61,65,97,99,93,91,73,85,91,97,89,45,71,93,87,87,63,1,1,1,1,77
721,淳安,其他電子業,6283,63,63,65,59,97,89,89,87,75,67,95,77,79,49,31,41,79,23,21,37,69,89,61,71,77,1,1,1,1,66
722,旭隼,其他電子業,6409,93,93,91,29,87,31,45,99,77,93,21,59,33,23,21,47,95,33,33,29,55,41,33,33,91,1,1,1,1,55
723,迅得,其他電子業,6438,69,69,67,49,35,91,91,77,97,81,93,89,89,37,65,87,75,95,81,91,67,75,51,53,95,1,1,1,1,75
724,興能高,其他電子業,6558,75,75,55,63,95,93,93,85,69,71,91,75,77,43,33,51,25,29,35,39,65,83,65,69,81,1,1,1,1,65
725,洋基工程,其他電子業,6691,95,95,89,35,47,29,23,51,25,73,23,65,35,39,23,89,73,87,85,31,63,45,41,37,25,1,1,1,1,53
726,旭暉應材,其他電子業,6698,21,21,23,97,85,95,95,43,87,61,85,53,51,99,67,43,97,21,23,57,61,81,91,91,61,1,1,1,1,64
727,安普新,其他電子業,6743,59,59,59,65,65,39,27,83,71,59,61,71,57,93,77,37,71,57,65,67,59,79,63,67,83,1,1,1,1,64
728,尖點,其他電子業,8021,49,57,39,81,63,97,97,55,93,91,39,63,41,95,97,91,69,47,41,69,57,77,47,47,59,1,1,1,1,66
729,無敵,其他電子業,8201,57,53,57,61,81,77,77,89,67,57,89,85,85,77,61,73,67,91,93,75,43,61,79,85,43,1,1,1,1,71
730,鼎炫-KY,其他電子業,8499,55,55,51,69,93,71,71,47,95,21,47,61,53,97,69,69,33,25,29,99,21,63,55,57,57,1,1,1,1,59
731,台揚,通信網路業,2314,37,37,43,75,43,99,99,93,75,49,99,99,41,77,27,83,81,55,37,65,49,51,65,67,45,1,1,1,1,64
732,東訊,通信網路業,2321,39,39,41,71,35,61,61,67,21,43,65,75,65,63,49,51,23,27,27,47,75,67,91,91,25,1,1,1,1,53
733,友訊,通信網路業,2332,75,79,89,27,97,39,27,75,39,71,63,57,63,75,43,43,45,83,83,31,21,95,87,87,71,1,1,1,1,63
734,智邦,通信網路業,2345,67,71,83,61,73,29,35,37,71,23,47,39,37,41,69,57,95,33,53,29,23,55,29,27,69,1,1,1,1,50
735,中華電,通信網路業,2412,97,47,97,19,57,17,37,17,45,89,19,17,17,17,33,21,93,31,77,69,25,37,27,19,57,1,1,1,1,43
736,仲琦,通信網路業,2419,89,91,77,35,67,59,59,43,19,25,43,79,77,71,51,31,43,23,29,81,27,27,47,37,31,1,1,1,1,50
737,隴華,通信網路業,2424,41,43,23,89,67,57,55,77,29,27,59,81,49,55,31,37,91,35,65,45,95,57,79,73,29,1,1,1,1,56
738,美律,通信網路業,2439,77,63,53,65,89,55,53,21,35,91,17,45,31,53,65,39,41,37,67,97,29,45,39,31,73,1,1,1,1,52
739,兆勁,通信網路業,2444,17,17,17,97,27,53,57,59,81,17,53,31,71,67,41,97,39,29,19,61,31,63,95,89,75,1,1,1,1,52
740,神腦,通信網路業,2450,27,25,27,83,77,43,45,95,79,77,55,55,89,69,55,29,37,89,87,87,91,71,81,77,51,1,1,1,1,64
741,全新,通信網路業,2455,95,97,95,43,47,35,25,35,17,97,37,51,33,57,17,23,35,41,69,55,83,25,69,43,17,1,1,1,1,50
742,兆赫,通信網路業,2485,21,21,21,95,63,21,21,45,91,29,61,25,73,33,93,19,47,93,89,17,97,17,17,17,93,1,1,1,1,49
743,宏達電,通信網路業,2498,73,75,91,23,71,41,43,33,73,19,31,59,39,47,57,61,33,43,45,43,85,49,45,39,21,1,1,1,1,50
744,星通,通信網路業,3025,65,65,75,45,97,63,63,31,69,31,27,27,23,23,77,99,17,45,31,93,99,77,35,29,85,1,1,1,1,56
745,盛達,通信網路業,3027,43,41,39,67,83,65,65,65,67,33,23,29,53,21,75,47,83,95,93,19,33,83,33,63,87,1,1,1,1,56
746,台灣大,通信網路業,3045,79,83,85,29,99,31,47,23,93,95,21,21,21,25,95,53,97,47,59,63,35,85,25,23,97,1,1,1,1,57
747,訊舟,通信網路業,3047,81,81,71,37,53,69,69,79,59,35,57,61,69,85,73,17,85,49,75,75,37,87,71,85,39,1,1,1,1,64
748,建漢,通信網路業,3062,85,85,81,21,33,71,71,81,95,37,69,49,75,87,97,59,89,21,25,53,79,89,77,83,43,1,1,1,1,66
749,耀登,通信網路業,3138,93,95,93,25,93,73,73,89,97,39,71,93,95,93,99,65,29,51,35,73,39,91,73,93,89,1,1,1,1,74
750,閎暉,通信網路業,3311,23,23,31,93,91,45,49,63,83,41,25,41,51,27,87,67,27,53,43,27,41,21,21,61,83,1,1,1,1,49
751,明泰,通信網路業,3380,45,45,55,49,65,67,67,49,77,83,67,69,45,19,83,63,25,25,21,95,47,47,49,59,81,1,1,1,1,56
752,譁裕,通信網路業,3419,55,55,47,63,59,75,75,91,85,47,73,87,67,91,63,25,51,39,73,99,43,97,61,65,65,1,1,1,1,66
753,智易,通信網路業,3596,99,99,99,17,51,77,77,29,87,85,45,47,29,45,89,49,21,79,97,33,77,29,31,25,95,1,1,1,1,60
754,圓展,通信網路業,3669,63,67,63,53,41,79,79,71,27,87,75,67,57,97,91,93,31,91,91,51,45,65,89,57,19,1,1,1,1,66
755,海華,通信網路業,3694,83,89,73,31,29,81,81,27,23,45,41,89,35,43,79,91,49,59,49,35,19,35,37,79,27,1,1,1,1,53
756,合勤控,通信網路業,3704,91,93,87,33,79,83,83,83,57,79,77,97,99,73,81,45,67,61,61,39,89,99,75,45,37,1,1,1,1,73
757,遠傳,通信網路業,4904,59,61,65,47,85,19,29,25,99,93,29,19,19,35,35,27,53,63,71,57,57,19,19,41,91,1,1,1,1,49
758,正文,通信網路業,4906,57,59,61,51,31,33,19,47,89,51,39,43,27,37,85,41,79,65,63,71,73,53,51,49,99,1,1,1,1,55
759,眾達-KY,通信網路業,4977,33,31,37,81,67,85,85,73,43,55,79,71,61,95,59,89,77,97,85,67,71,79,85,69,23,1,1,1,1,68
760,中磊,通信網路業,5388,47,51,57,77,49,37,39,41,37,81,51,77,47,31,67,87,75,67,33,91,69,43,41,33,35,1,1,1,1,55
761,富爾特,通信網路業,6136,61,69,51,57,95,87,87,99,61,59,81,63,93,89,25,85,73,69,47,37,67,75,83,97,63,1,1,1,1,71
762,友勁,通信網路業,6142,25,27,19,99,69,49,41,55,41,61,83,85,43,59,53,81,71,85,95,89,81,59,53,55,55,1,1,1,1,61
763,百一,通信網路業,6152,69,73,79,39,25,89,89,87,63,63,85,95,91,83,21,79,99,87,79,85,63,73,97,99,79,1,1,1,1,76
764,居易,通信網路業,6216,87,87,69,41,45,91,91,85,65,65,87,53,83,81,19,35,69,57,57,23,61,81,93,81,41,1,1,1,1,66
765,啟碁,通信網路業,6285,49,49,67,59,61,23,33,19,47,99,89,33,25,39,61,33,87,77,55,59,65,23,23,21,49,1,1,1,1,50
766,瑞祺電通,通信網路業,6416,35,33,35,79,75,51,51,97,55,67,91,65,79,79,23,77,65,75,51,83,51,69,99,95,77,1,1,1,1,66
767,統新,通信網路業,6426,29,29,29,91,23,93,93,57,49,69,93,83,55,61,39,75,63,73,41,49,53,61,63,75,67,1,1,1,1,61
768,光聖,通信網路業,6442,31,35,33,85,87,95,95,69,31,75,95,73,59,65,29,73,61,19,23,79,55,93,67,71,47,1,1,1,1,62
769,鋐寶科技,通信網路業,6674,71,77,59,55,55,97,97,39,25,57,49,91,81,29,71,71,59,71,39,25,93,33,43,35,33,1,1,1,1,58
770,詠業,通信網路業,6792,51,57,49,69,37,25,23,61,33,73,97,23,97,99,37,69,57,81,81,77,59,31,55,47,53,1,1,1,1,58
771,台通,通信網路業,8011,19,19,25,87,81,27,17,51,51,53,33,35,85,49,45,95,55,17,17,41,87,41,57,53,61,1,1,1,1,48
772,華冠,通信網路業,8101,53,53,45,73,39,47,31,53,53,21,35,37,87,51,47,55,19,99,99,21,17,39,59,51,59,1,1,1,1,50
773,中環,光電業,2323,0,0,0,73,57,5,0,0,67,1,19,0,0,7,73,11,89,0,0,0,73,49,37,45,47,1,1,1,1,26
774,錸德,光電業,2349,0,3,0,67,0,13,7,33,89,1,31,63,17,53,79,47,31,7,0,79,33,19,57,51,35,1,1,1,1,33
775,佳能,光電業,2374,73,71,77,0,47,67,51,75,63,23,59,65,95,77,63,9,27,49,53,57,19,71,75,71,61,1,1,1,1,56
776,億光,光電業,2393,33,35,39,51,81,7,1,93,59,79,61,31,9,75,1,9,93,47,51,19,37,31,23,29,11,1,1,1,1,40
777,國碩,光電業,2406,0,1,1,49,67,63,59,49,83,1,37,89,71,65,83,45,25,23,23,7,49,61,27,37,87,1,1,1,1,44
778,友達,光電業,2409,87,87,97,0,65,27,41,0,73,91,49,0,0,0,71,33,97,9,1,41,3,0,0,0,75,1,1,1,1,38
779,鼎元,光電業,2426,7,5,21,47,79,7,5,0,0,1,15,0,33,55,0,35,23,13,27,0,5,5,43,25,3,1,1,1,1,18
780,銘旺科,光電業,2429,0,0,0,99,0,41,0,97,79,1,65,55,31,0,15,37,0,53,49,35,85,79,61,61,25,1,1,1,1,39
781,翔耀,光電業,2438,0,0,0,91,93,57,57,77,87,1,39,77,5,69,77,59,21,43,25,69,83,57,47,67,53,1,1,1,1,50
782,冠西電,光電業,2466,0,0,0,97,75,33,0,73,93,13,69,21,75,83,81,9,19,3,7,15,77,69,93,73,91,1,1,1,1,47
783,一詮,光電業,2486,21,25,25,43,21,0,0,11,81,45,0,47,21,45,0,43,17,51,45,0,71,13,35,31,89,1,1,1,1,31
784,瑞軒,光電業,2489,93,93,99,0,91,51,55,25,41,19,0,27,77,35,41,0,95,1,9,17,11,47,0,0,0,1,1,1,1,37
785,吉祥全,光電業,2491,25,29,0,81,5,71,53,89,47,15,55,71,27,85,17,49,15,0,0,97,1,81,91,91,57,1,1,1,1,46
786,大立光,光電業,3008,57,63,81,0,9,0,19,0,0,97,13,0,13,17,9,51,1,45,47,1,91,55,1,5,29,1,1,1,1,28
787,亞光,光電業,3019,65,67,69,5,13,75,49,35,25,11,0,59,51,71,59,53,13,25,21,81,61,21,53,57,37,1,1,1,1,43
788,憶聲,光電業,3024,61,59,51,3,95,73,47,83,51,9,81,37,91,0,65,1,11,0,0,21,65,87,95,93,27,1,1,1,1,48
789,佰鴻,光電業,3031,79,79,45,7,85,45,0,13,0,7,0,49,23,39,0,57,0,0,0,85,13,89,25,35,0,1,1,1,1,31
790,全台,光電業,3038,0,0,0,77,23,29,25,9,1,5,51,73,43,23,93,9,5,0,0,0,89,51,33,41,0,1,1,1,1,27
791,精金,光電業,3049,69,57,65,1,43,81,65,0,75,3,11,0,0,15,69,39,7,19,15,5,9,7,7,11,67,1,1,1,1,30
792,鈺德,光電業,3050,0,0,0,61,89,83,67,59,13,1,87,69,59,81,0,63,29,0,0,91,7,27,73,39,0,1,1,1,1,40
793,力特,光電業,3051,0,0,0,79,0,3,0,1,0,1,9,99,25,11,7,3,3,0,0,0,95,93,19,23,7,1,1,1,1,19
794,華晶科,光電業,3059,97,97,91,0,31,49,21,99,45,1,91,83,85,87,61,81,3,0,0,95,79,95,71,85,51,1,1,1,1,60
795,正達,光電業,3149,5,9,7,59,0,87,95,17,0,17,0,87,15,43,0,93,3,57,57,0,93,97,13,21,0,1,1,1,1,35
796,奇偶,光電業,3356,53,49,67,0,61,89,63,65,0,1,0,81,61,0,0,91,3,5,0,75,63,83,83,79,19,1,1,1,1,44
797,玉晶光,光電業,3406,55,53,53,19,7,0,91,55,55,1,97,85,49,59,0,97,0,59,59,55,1,73,81,75,0,1,1,1,1,47
798,榮創,光電業,3437,3,0,5,65,71,9,13,45,71,1,43,33,55,63,85,89,3,97,97,0,1,53,69,59,83,1,1,1,1,45
799,晶睿,光電業,3454,43,43,61,15,69,35,29,71,37,67,53,75,87,89,49,9,3,17,41,93,1,91,89,87,65,1,1,1,1,53
800,群創,光電業,3481,71,73,79,11,19,0,33,0,0,71,35,0,0,0,99,87,3,95,95,29,1,0,0,0,85,1,1,1,1,35
801,揚明光,光電業,3504,15,15,27,45,29,1,0,39,69,75,0,97,39,51,67,85,3,0,0,89,1,17,55,69,31,1,1,1,1,37
802,晶彩科,光電業,3535,35,31,47,9,0,25,0,79,43,1,95,17,93,91,57,9,3,93,93,0,1,85,85,81,1,1,1,1,1,43
803,州巧,光電業,3543,13,13,17,69,3,0,0,53,0,1,0,25,3,0,19,9,3,91,91,43,1,0,11,77,13,1,1,1,1,22
804,牧德,光電業,3563,81,77,83,0,0,77,85,37,23,83,0,93,97,47,39,9,9,89,89,83,1,15,59,95,33,1,1,1,1,52
805,聯合再生,光電業,3576,11,7,9,95,51,0,3,0,0,81,17,39,0,19,3,0,33,99,99,0,75,0,5,1,0,1,1,1,1,26
806,艾笛森,光電業,3591,23,23,0,85,87,43,11,69,19,87,63,13,79,95,25,27,57,0,3,49,1,67,97,97,63,1,1,1,1,47
807,洋華,光電業,3622,47,55,43,31,41,95,83,85,53,1,57,95,89,97,97,9,35,0,5,77,1,63,87,83,59,1,1,1,1,56
808,TPK-KY,光電業,3673,37,37,37,25,55,0,43,0,85,89,0,0,0,0,89,31,67,85,85,11,1,9,0,0,93,1,1,1,1,35
809,富采,光電業,3714,99,99,55,17,53,79,81,91,49,93,99,53,29,0,0,9,99,83,83,73,1,39,39,89,55,1,1,1,1,59
810,太極,光電業,4934,83,85,59,0,55,55,79,41,5,21,1,29,69,61,23,75,69,33,11,3,1,23,15,15,0,1,1,1,1,36
811,茂林-KY,光電業,4935,75,75,41,27,73,61,77,31,9,85,5,0,35,27,29,73,71,35,19,31,15,29,17,17,0,1,1,1,1,38
812,嘉彰,光電業,4942,45,45,31,63,59,85,75,57,3,41,89,51,83,99,31,71,73,81,81,71,17,77,9,13,0,1,1,1,1,54
813,光鋐,光電業,4956,0,0,3,71,57,99,73,23,0,59,0,41,19,49,0,9,79,79,79,0,67,3,49,27,0,1,1,1,1,35
814,誠美材,光電業,4960,27,19,33,33,11,0,0,0,11,77,29,0,11,5,27,9,77,77,77,47,35,0,0,0,17,1,1,1,1,25
815,佳凌,光電業,4976,0,0,0,83,37,19,17,5,21,47,33,0,37,25,37,9,81,39,31,67,57,0,3,3,45,1,1,1,1,28
816,達興材料,光電業,5234,89,89,95,0,45,53,71,29,7,57,0,19,67,29,21,9,83,75,75,65,55,0,31,19,5,1,1,1,1,44
817,乙盛-KY,光電業,5243,91,91,93,0,33,39,37,47,15,55,3,0,73,13,35,61,85,73,73,63,53,25,63,33,41,1,1,1,1,48
818,弘凱,光電業,5244,95,95,87,0,0,65,69,0,27,0,27,7,0,0,45,95,87,71,71,61,51,11,0,0,39,1,1,1,1,40
819,慧友,光電業,5484,1,0,15,55,63,69,93,87,35,53,85,35,99,93,47,67,65,11,17,25,81,75,99,99,95,1,1,1,1,59
820,彩晶,光電業,6116,77,81,85,0,15,0,9,81,77,73,67,0,0,0,5,69,75,0,0,33,47,0,0,0,21,1,1,1,1,33
821,達運,光電業,6120,67,61,57,23,27,23,23,95,61,51,93,15,0,57,0,77,61,41,13,59,45,35,0,0,9,1,1,1,1,40
822,華興,光電業,6164,9,11,0,57,39,91,87,27,0,49,77,11,0,3,55,13,59,37,35,0,43,0,29,7,81,1,1,1,1,33
823,宏齊,光電業,6168,31,33,35,29,77,21,45,51,95,43,41,79,53,31,91,65,63,69,69,27,39,59,65,63,99,1,1,1,1,55
824,瑞儀,光電業,6176,85,83,89,0,55,0,0,0,99,95,0,3,0,0,75,7,91,31,43,53,21,37,0,0,77,1,1,1,1,38
825,今國光,光電業,6209,0,0,0,89,35,0,0,21,0,39,0,43,41,41,0,25,0,29,29,0,87,45,45,47,15,1,1,1,1,25
826,天瀚,光電業,6225,41,39,73,0,83,93,89,0,31,37,23,9,0,0,53,99,0,0,0,0,97,1,0,0,49,1,1,1,1,33
827,光鼎,光電業,6226,63,65,49,21,99,59,97,0,29,35,25,5,0,1,0,15,55,27,37,13,99,0,0,0,79,1,1,1,1,35
828,台表科,光電業,6278,39,41,11,75,89,97,61,43,65,33,45,57,63,67,87,5,53,0,0,0,69,43,79,65,73,1,1,1,1,50
829,悅城,光電業,6405,0,0,13,41,57,11,0,15,0,31,0,67,47,37,11,83,51,67,67,37,29,0,21,0,23,1,1,1,1,28
830,元晶,光電業,6443,0,0,0,87,25,0,0,7,0,29,83,0,7,9,0,29,49,65,65,9,25,0,0,9,0,1,1,1,1,20
831,GIS-KY,光電業,6456,49,47,63,0,17,0,35,0,17,69,79,1,0,0,33,55,47,63,63,23,23,0,0,0,71,1,1,1,1,30
832,安集,光電業,6477,0,0,0,93,97,7,39,67,91,27,75,23,81,0,51,21,45,21,39,39,41,65,41,49,0,1,1,1,1,40
833,中揚光,光電業,6668,17,21,23,37,43,37,15,61,39,25,73,61,65,73,0,41,43,61,61,87,59,33,67,43,0,1,1,1,1,43
834,惠特,光電業,6706,59,69,71,35,49,47,31,63,97,65,71,91,57,79,95,19,41,15,33,51,27,99,51,53,97,1,1,1,1,59
835,錸寶,光電業,8104,29,27,19,53,1,15,0,19,0,63,47,45,45,33,0,17,39,0,0,45,31,41,77,55,43,1,1,1,1,30
836,凌巨,光電業,8105,19,17,29,39,55,31,27,0,33,61,21,0,0,0,43,79,37,87,87,0,1,0,0,0,69,1,1,1,1,29
837,明基材,光電業,8215,51,51,75,13,63,17,99,3,57,99,7,0,1,21,13,23,3,55,55,99,1,0,0,0,0,1,1,1,1,32
838,聯強,電子通路業,2347,29,34,54,54,94,19,19,19,4,89,99,14,29,9,19,94,84,59,49,39,89,99,9,19,14,1,1,1,1,46
839,精技,電子通路業,2414,19,19,19,84,44,24,24,59,54,24,54,84,54,54,59,29,79,34,64,79,14,19,64,99,34,1,1,1,1,48
840,燦坤,電子通路業,2430,4,4,9,94,64,4,4,49,69,54,59,29,64,94,79,49,14,39,39,54,19,24,24,64,44,1,1,1,1,42
841,華立,電子通路業,3010,74,74,84,34,29,29,29,79,59,69,4,19,39,49,4,39,9,44,59,99,94,29,94,89,59,1,1,1,1,52
842,增你強,電子通路業,3028,24,24,29,64,69,14,14,39,84,39,64,79,74,89,84,14,19,84,89,94,24,34,49,49,69,1,1,1,1,53
843,威健,電子通路業,3033,54,59,69,19,24,34,34,64,44,44,49,64,89,44,54,54,24,49,44,59,29,39,59,54,49,1,1,1,1,48
844,文曄,電子通路業,3036,69,69,74,44,59,44,44,24,34,99,74,49,44,74,49,59,29,9,9,69,34,44,19,24,74,1,1,1,1,49
845,益登,電子通路業,3048,49,49,64,39,99,49,49,89,94,34,34,74,79,39,89,19,34,54,69,49,39,49,74,79,79,1,1,1,1,59
846,蔚華科,電子通路業,3055,84,89,59,29,14,39,39,29,39,29,79,94,34,99,29,69,39,4,4,9,44,14,54,34,54,1,1,1,1,44
847,全科,電子通路業,3209,39,39,39,59,19,99,99,94,19,74,9,44,94,59,34,64,44,99,99,84,49,54,79,39,19,1,1,1,1,58
848,弘憶股,電子通路業,3312,44,44,24,79,39,64,64,69,29,79,84,54,84,84,44,99,4,64,29,24,54,64,44,44,29,1,1,1,1,54
849,安馳,電子通路業,3528,64,64,44,49,74,69,69,44,24,19,29,59,59,79,39,79,54,79,79,74,59,69,39,29,24,1,1,1,1,55
850,大聯大,電子通路業,3702,94,94,94,4,84,74,74,9,14,94,89,34,24,4,64,9,89,69,74,34,64,74,14,9,4,1,1,1,1,52
851,崇越,電子通路業,5434,79,79,89,24,49,79,79,99,99,64,24,39,49,19,99,34,59,19,24,64,99,79,84,59,89,1,1,1,1,63
852,豐藝,電子通路業,6189,59,54,49,69,9,84,84,84,64,14,19,4,4,34,74,84,64,14,19,44,69,84,99,94,39,1,1,1,1,53
853,全國電,電子通路業,6281,9,9,14,89,54,9,9,14,9,59,14,24,14,14,24,4,69,89,84,19,74,89,29,14,9,1,1,1,1,34
854,展碁國際,電子通路業,6776,34,29,34,74,89,89,89,34,49,84,94,69,69,64,69,89,94,74,54,29,79,94,34,74,84,1,1,1,1,67
855,長華*,電子通路業,8070,99,99,99,9,79,94,94,4,89,9,39,9,9,69,94,24,74,94,94,14,84,4,4,4,64,1,1,1,1,54
856,陞泰,電子通路業,8072,14,14,4,99,99,59,59,54,74,4,44,89,19,24,14,74,99,24,14,89,9,59,89,84,94,1,1,1,1,52
857,至上,電子通路業,8112,89,84,79,14,34,54,54,74,79,49,69,99,99,29,9,44,49,29,34,4,4,9,69,69,99,1,1,1,1,53
858,三商電,資訊服務業,2427,27,27,27,81,27,99,99,72,81,36,99,63,99,90,90,90,18,99,99,45,81,99,9,18,72,1,1,1,1,66
859,凌群,資訊服務業,2453,54,54,36,54,36,36,27,27,90,27,90,45,36,81,99,81,99,45,18,99,99,90,90,36,90,1,1,1,1,62
860,華經,資訊服務業,2468,18,18,9,99,72,18,9,81,54,18,81,99,90,99,54,72,90,9,9,90,90,81,81,45,54,1,1,1,1,58
861,資通,資訊服務業,2471,81,81,90,18,54,90,90,36,27,63,72,90,54,27,45,63,9,81,72,9,72,72,72,99,45,1,1,1,1,60
862,敦陽科,資訊服務業,2480,63,63,63,36,63,81,81,90,45,99,63,27,81,72,36,27,81,72,81,27,63,63,99,63,27,1,1,1,1,63
863,零壹,資訊服務業,3029,90,90,72,45,99,72,72,63,63,54,54,54,63,63,63,45,72,90,90,54,54,54,63,90,63,1,1,1,1,68
864,傳奇,資訊服務業,4994,9,9,18,90,90,63,63,18,36,45,45,36,18,18,18,99,63,63,45,36,45,45,54,27,36,1,1,1,1,44
865,訊連,資訊服務業,5203,99,99,99,9,18,54,54,45,9,90,36,81,72,54,27,54,54,54,63,81,36,36,45,72,18,1,1,1,1,54
866,邁達特,資訊服務業,6112,45,45,54,63,81,27,18,54,18,81,27,72,45,45,9,36,45,36,27,72,27,27,36,54,9,1,1,1,1,42
867,關貿,資訊服務業,6183,72,72,81,27,9,45,36,99,99,9,18,9,27,36,81,9,36,18,36,18,18,18,27,81,99,1,1,1,1,43
868,精誠,資訊服務業,6214,36,36,45,72,45,9,45,9,72,72,9,18,9,9,72,18,27,27,54,63,9,9,18,9,81,1,1,1,1,35
869,益航,貿易百貨,2601,93,93,99,0,21,99,99,93,39,87,93,69,15,69,39,93,93,99,99,33,69,99,99,93,0,1,1,1,1,71
870,欣欣,貿易百貨,2901,69,69,63,27,63,93,93,15,27,39,15,45,27,57,27,21,3,3,9,63,81,9,9,99,15,1,1,1,1,42
871,遠百,貿易百貨,2903,75,81,75,21,15,87,87,3,57,3,0,15,9,27,57,45,15,3,3,75,9,15,15,15,51,1,1,1,1,34
872,三商,貿易百貨,2905,99,99,81,15,75,27,21,87,33,9,99,93,93,63,33,27,21,87,87,45,15,21,21,51,21,1,1,1,1,53
873,高林,貿易百貨,2906,81,75,57,39,87,81,81,9,75,15,21,21,21,15,75,9,27,51,0,51,21,27,27,33,69,1,1,1,1,43
874,特力,貿易百貨,2908,87,87,87,9,33,21,27,99,99,21,27,99,57,51,99,51,99,33,15,87,27,33,33,45,99,1,1,1,1,57
875,統領,貿易百貨,2910,45,45,51,33,3,75,75,27,69,27,33,27,45,39,69,15,33,45,39,69,99,39,39,27,63,1,1,1,1,45
876,麗嬰房,貿易百貨,2911,15,27,21,63,69,69,69,63,81,33,39,75,39,33,81,63,39,15,21,81,33,45,45,81,27,1,1,1,1,49
877,統一超,貿易百貨,2912,63,63,93,3,93,9,15,0,93,99,45,0,0,0,93,0,45,9,45,99,39,51,51,0,75,1,1,1,1,43
878,農林,貿易百貨,2913,57,57,69,45,51,15,3,21,63,45,51,33,33,9,63,3,51,39,51,3,75,57,57,39,57,1,1,1,1,42
879,潤泰全,貿易百貨,2915,51,51,45,75,45,57,51,75,45,81,57,81,99,81,45,39,0,63,69,9,45,63,63,69,9,1,1,1,1,55
880,淘帝-KY,貿易百貨,2929,39,39,33,69,9,51,45,81,87,51,63,87,87,3,87,99,87,81,81,93,87,69,69,21,81,1,1,1,1,64
881,三商家購,貿易百貨,2945,0,0,0,99,57,3,9,33,51,57,69,57,63,45,51,33,57,93,93,27,93,75,75,75,45,1,1,1,1,50
882,日成-KY,貿易百貨,4807,33,33,15,93,39,39,33,69,9,93,75,9,3,21,9,75,63,69,63,15,51,81,81,9,87,1,1,1,1,47
883,台南-KY,貿易百貨,5906,9,9,9,87,27,33,39,45,3,63,81,3,75,87,3,81,69,27,33,21,57,87,87,3,93,1,1,1,1,45
884,大洋-KY,貿易百貨,5907,3,3,3,81,81,45,57,51,0,69,87,63,81,93,0,87,75,21,27,39,63,93,93,87,3,1,1,1,1,52
885,金麗-KY,貿易百貨,8429,21,21,27,57,0,63,63,57,21,75,9,39,69,75,21,69,81,75,75,0,3,3,3,63,33,1,1,1,1,41
886,阿瘦,貿易百貨,8443,27,15,39,51,99,15,0,39,15,0,3,51,51,99,15,57,9,57,57,57,0,0,0,57,39,1,1,1,1,34
887,山隆,油電燃氣業,2616,27,27,27,87,51,99,99,27,39,63,99,27,27,99,63,99,87,75,27,15,99,99,99,27,63,1,1,1,1,62
888,台塑化,油電燃氣業,6505,87,99,99,15,39,27,27,15,15,99,87,15,15,87,51,51,75,99,99,63,39,87,87,15,51,1,1,1,1,58
889,台汽電,油電燃氣業,8926,99,87,75,39,63,87,87,39,87,87,75,39,51,75,99,63,63,87,87,75,27,75,75,39,87,1,1,1,1,71
890,大台北,油電燃氣業,9908,75,75,63,51,27,75,75,63,75,51,63,87,63,63,75,39,51,63,63,51,51,63,63,63,75,1,1,1,1,63
891,欣天然,油電燃氣業,9918,63,63,51,63,75,63,63,99,27,75,51,75,99,51,15,15,99,15,75,39,63,51,51,99,15,1,1,1,1,58
892,新海,油電燃氣業,9926,51,51,87,27,87,51,51,87,63,39,39,99,87,39,39,27,39,51,51,27,87,39,39,87,39,1,1,1,1,55
893,欣高,油電燃氣業,9931,39,39,39,75,15,39,39,75,51,27,27,63,75,27,27,87,27,39,39,99,75,27,27,75,27,1,1,1,1,47
894,全國,油電燃氣業,9937,15,15,15,99,99,27,15,51,99,15,15,51,39,15,87,75,15,27,15,87,15,15,15,51,99,1,1,1,1,43
895,萬企,觀光餐旅,2701,63,57,39,51,99,99,99,39,87,45,99,9,63,93,93,99,87,99,69,99,3,99,93,9,87,1,1,1,1,71
896,華園,觀光餐旅,2702,27,39,33,93,99,81,81,99,21,39,15,87,99,21,3,51,39,27,15,9,87,15,27,99,3,1,1,1,1,48
897,國賓,觀光餐旅,2704,93,93,81,33,75,27,15,33,81,9,21,27,39,27,75,3,9,9,33,3,99,21,63,81,99,1,1,1,1,46
898,六福,觀光餐旅,2705,33,33,45,57,57,21,63,21,75,15,27,45,51,99,81,57,99,33,21,39,69,27,45,69,81,1,1,1,1,51
899,第一店,觀光餐旅,2706,57,63,21,63,33,87,87,93,33,21,33,15,93,33,15,93,15,63,27,57,9,33,81,15,15,1,1,1,1,46
900,晶華,觀光餐旅,2707,81,81,93,15,87,51,45,45,57,27,39,99,33,39,51,9,21,21,39,27,81,39,57,57,63,1,1,1,1,50
901,遠雄來,觀光餐旅,2712,45,45,51,69,27,63,75,75,99,33,45,3,75,45,99,69,27,75,93,93,63,45,15,3,93,1,1,1,1,57
902,夏都,觀光餐旅,2722,21,21,15,99,63,57,21,69,63,75,9,93,69,15,45,39,33,57,63,15,57,9,99,87,45,1,1,1,1,50
903,美食-KY,觀光餐旅,2723,51,51,75,21,39,3,27,9,15,99,51,33,9,51,33,63,45,69,87,63,93,51,21,27,33,1,1,1,1,45
904,王品,觀光餐旅,2727,15,15,87,9,51,15,51,3,3,93,63,63,3,3,21,81,81,81,75,45,45,63,75,21,21,1,1,1,1,43
905,雄獅,觀光餐旅,2731,39,27,27,75,21,75,69,87,27,51,69,57,87,63,9,87,51,87,81,69,39,69,69,93,9,1,1,1,1,57
906,寒舍,觀光餐旅,2739,69,69,69,39,69,9,3,27,93,57,75,21,27,69,87,33,57,15,9,21,33,75,39,45,75,1,1,1,1,47
907,雲品,觀光餐旅,2748,75,75,57,27,81,33,9,51,39,81,81,51,57,75,69,27,63,3,3,75,27,81,51,75,69,1,1,1,1,53
908,八方雲集,觀光餐旅,2753,99,99,99,3,45,39,39,81,69,63,87,75,81,81,63,21,93,45,57,51,21,87,3,39,39,1,1,1,1,59
909,鳳凰,觀光餐旅,5706,3,3,3,81,99,93,93,15,9,87,93,69,15,87,27,15,69,93,99,81,15,93,87,33,27,1,1,1,1,56
910,新天地,觀光餐旅,8940,87,87,63,45,93,69,33,57,45,69,57,39,45,57,57,75,75,51,51,87,51,57,9,63,57,1,1,1,1,59
911,好樂迪,觀光餐旅,9943,9,9,9,87,15,45,57,63,51,3,3,81,21,9,39,45,3,39,45,33,75,3,33,51,51,1,1,1,1,35
912,彰銀,金融保險業,2801,63,57,51,15,39,84,78,39,9,75,15,24,42,30,21,69,42,72,66,39,75,99,3,54,45,1,1,1,1,48
913,京城銀,金融保險業,2809,9,9,3,90,69,63,51,66,72,78,48,78,63,90,93,96,36,96,96,27,6,45,99,81,3,1,1,1,1,59
914,台中銀,金融保險業,2812,30,30,21,69,27,24,27,72,36,54,45,54,69,78,24,39,66,30,42,69,9,42,90,42,18,1,1,1,1,44
915,旺旺保,金融保險業,2816,12,12,15,87,42,48,12,78,0,6,36,57,90,51,3,84,3,63,63,51,12,39,87,48,21,1,1,1,1,41
916,華票,金融保險業,2820,93,90,90,3,9,93,90,93,90,12,39,63,93,69,87,45,6,33,39,78,15,36,84,99,99,1,1,1,1,62
917,台產,金融保險業,2832,6,6,12,99,3,54,30,54,78,36,30,84,72,93,6,57,9,12,9,48,18,33,63,84,12,1,1,1,1,40
918,臺企銀,金融保險業,2834,45,45,36,51,84,57,69,48,24,51,12,39,45,45,33,15,90,36,60,60,21,30,57,78,84,1,1,1,1,49
919,高雄銀,金融保險業,2836,51,48,33,45,90,45,0,87,84,30,96,72,66,63,81,30,12,87,87,3,24,24,81,93,51,1,1,1,1,55
920,聯邦銀,金融保險業,2838,0,0,0,96,63,60,6,51,21,27,27,87,87,87,42,66,15,39,27,66,27,3,48,45,66,1,1,1,1,42
921,遠東銀,金融保險業,2845,42,39,27,54,36,78,84,57,18,48,90,81,84,84,18,48,18,21,15,18,30,21,54,39,33,1,1,1,1,45
922,安泰銀,金融保險業,2849,18,18,9,81,99,27,9,63,57,15,51,99,57,54,69,60,21,24,18,81,33,18,96,75,6,1,1,1,1,46
923,新產,金融保險業,2850,33,36,24,72,15,87,87,33,60,21,78,18,0,6,0,51,24,75,72,33,36,15,27,69,30,1,1,1,1,40
924,中再保,金融保險業,2851,84,84,96,0,60,69,3,90,87,18,54,69,99,60,75,72,27,42,24,90,39,12,78,90,57,1,1,1,1,59
925,第一保,金融保險業,2852,21,24,18,84,12,72,93,96,99,3,42,66,81,99,78,33,30,78,78,36,42,9,75,63,54,1,1,1,1,55
926,統一證,金融保險業,2855,99,99,99,27,24,90,96,75,33,72,60,75,75,81,27,12,78,0,0,63,45,6,72,60,27,1,1,1,1,56
927,三商壽,金融保險業,2867,3,3,6,93,87,75,63,42,81,42,24,93,78,96,45,63,33,45,33,45,3,48,9,87,72,1,1,1,1,51
928,華南金,金融保險業,2880,66,63,66,33,78,9,33,12,3,39,72,45,33,15,39,9,81,9,21,24,48,51,30,36,75,1,1,1,1,40
929,富邦金,金融保險業,2881,24,21,75,36,51,6,39,3,48,57,75,3,6,27,48,24,99,27,57,9,78,54,12,9,81,1,1,1,1,39
930,國泰金,金融保險業,2882,15,15,63,42,75,0,60,0,42,90,18,0,3,3,57,36,63,69,75,0,93,57,42,3,0,1,1,1,1,37
931,凱基金,金融保險業,2883,78,81,84,30,30,96,18,21,45,87,93,30,24,33,63,75,39,81,69,15,90,60,18,24,69,1,1,1,1,54
932,玉山金,金融保險業,2884,39,42,30,48,45,21,54,18,66,93,3,27,21,24,60,42,96,51,45,84,99,63,0,15,93,1,1,1,1,47
933,元大金,金融保險業,2885,96,96,93,6,72,18,48,30,96,81,6,33,18,42,9,78,84,84,90,75,87,66,6,18,48,1,1,1,1,55
934,兆豐金,金融保險業,2886,87,75,78,24,81,3,24,27,15,24,9,9,36,21,72,15,93,6,3,93,84,69,51,51,90,1,1,1,1,46
935,台新金,金融保險業,2887,54,54,60,57,81,81,81,45,51,84,33,36,30,9,36,87,51,60,51,30,81,72,45,12,36,1,1,1,1,53
936,新光金,金融保險業,2888,27,27,42,63,57,33,72,6,27,96,84,12,12,39,96,15,54,57,81,72,51,75,24,0,24,1,1,1,1,46
937,國票金,金融保險業,2889,81,87,72,66,6,99,99,81,54,33,66,51,54,48,54,27,75,54,48,54,54,78,66,66,9,1,1,1,1,59
938,永豐金,金融保險業,2890,60,66,69,39,33,12,42,36,30,99,87,42,39,36,30,90,60,66,54,57,72,81,21,21,42,1,1,1,1,51
939,中信金,金融保險業,2891,90,93,87,12,48,15,57,9,6,60,69,6,9,0,90,93,72,90,93,87,69,84,39,6,39,1,1,1,1,53
940,第一金,金融保險業,2892,72,69,57,21,96,36,66,24,12,63,0,21,27,75,66,15,87,3,6,21,66,87,15,33,78,1,1,1,1,45
941,王道銀行,金融保險業,2897,69,78,48,60,66,39,15,69,39,45,21,60,60,57,15,21,57,18,30,42,63,90,60,57,15,1,1,1,1,48
942,上海商銀,金融保險業,5876,57,51,54,18,18,30,36,60,69,9,99,48,48,18,12,81,48,93,84,96,60,93,33,27,87,1,1,1,1,53
943,合庫金,金融保險業,5880,75,72,81,9,54,51,75,15,63,66,81,15,15,12,51,18,69,15,36,6,57,96,36,30,96,1,1,1,1,48
944,群益證,金融保險業,6005,48,60,45,75,93,42,45,99,93,69,63,90,51,66,84,54,45,99,99,12,96,27,69,72,63,1,1,1,1,66
945,群益期,金融保險業,6024,36,33,39,78,21,66,21,84,75,0,57,96,96,72,99,99,3,48,12,99,0,0,93,96,60,1,1,1,1,55
947,一零四,數位雲端,3130,66,66,99,33,33,99,99,99,99,66,99,99,99,99,99,99,99,66,66,66,66,99,99,99,99,1,1,1,1,84
948,浪凡,數位雲端,6165,99,99,33,99,99,66,66,66,66,33,66,66,66,66,66,66,66,99,33,33,99,66,66,66,66,1,1,1,1,69
949,富邦媒,數位雲端,8454,33,33,66,66,66,33,33,33,33,99,33,33,33,33,33,33,33,33,99,99,33,33,33,33,33,1,1,1,1,45
950,上緯投控,綠能環保,3708,81,81,54,54,72,99,99,81,81,90,99,63,63,90,45,90,99,99,99,63,81,18,99,72,54,1,1,1,1,77
951,鋼聯,綠能環保,6581,63,63,63,18,45,90,90,27,90,72,54,18,36,27,54,18,90,54,54,36,90,9,9,9,45,1,1,1,1,49
952,基士德-KY,綠能環保,6641,18,18,27,81,90,36,27,90,36,81,9,99,90,99,81,81,81,45,18,99,72,45,90,81,90,1,1,1,1,63
953,森崴能源,綠能環保,6806,90,90,90,27,54,81,81,99,9,63,90,90,99,81,18,72,72,36,36,54,99,36,81,99,99,1,1,1,1,70
954,日友,綠能環保,8341,72,72,81,36,36,9,9,9,27,54,72,27,18,18,9,63,63,90,90,90,63,90,27,54,63,1,1,1,1,50
955,可寧衛,綠能環保,8422,54,54,72,45,9,27,18,36,99,99,45,54,81,54,90,99,54,81,81,81,54,81,18,18,9,1,1,1,1,57
956,昶昕,綠能環保,8438,45,45,45,63,99,18,36,63,72,18,36,81,27,72,72,36,45,9,9,72,45,54,63,63,81,1,1,1,1,51
957,山林水,綠能環保,8473,9,9,9,90,18,72,72,54,54,45,18,45,54,45,36,27,36,27,45,9,36,72,54,45,27,1,1,1,1,40
958,台境*,綠能環保,8476,36,36,36,72,63,63,63,45,45,9,63,36,45,36,27,54,27,18,27,18,27,63,45,36,18,1,1,1,1,40
959,中聯資源,綠能環保,9930,99,99,99,9,27,54,54,18,18,36,81,9,9,9,99,9,18,72,72,27,18,99,36,27,36,1,1,1,1,45
960,佳龍,綠能環保,9955,27,27,18,99,81,45,45,72,63,27,27,72,72,63,63,45,9,63,63,45,9,27,72,90,72,1,1,1,1,52
