,Unnamed: 0,公司代號,公司名稱,產業類別,員工福利平均數(仟元/人),員工薪資平均數(仟元/人),非擔任主管職務之全時員工薪資平均數(仟元/人),非擔任主管之全時員工薪資中位數(仟元/人),管理職女性主管占比,職業災害人數及比率-人數,職業災害人數及比率-比率,用水量(公噸),用水密集度-密集度(公噸/單位),公司年度召開法說會次數(次),使用率(再生能源/總能源),範疇一-排放量(噸CO2e),範疇二-排放量(噸CO2e),範疇三-排放量(噸CO2e),溫室氣體排放密集度-密集度(噸CO2e/單位),董事席次(含獨立董事)(席),獨立董事席次(席),女性董事席次及比率-比率,董事出席董事會出席率,有害廢棄物量-數據(公噸),非有害廢棄物量-數據(公噸),總重量(有害+非有害)-數據(公噸),廢棄物密集度-密集度(公噸/單位),E,S,G,ESG_ByPR
0,0,1101,台泥,水泥工業,71,71,71,29,57,43,43,15,43,57,15,15,15,85,29,15,99,29,43,99,15,29,29,35,55,50,45
1,1,1102,亞泥,水泥工業,85,85,85,15,43,99,99,29,29,99,99,29,29,15,15,29,85,99,57,85,29,15,15,35,78,69,58
2,2,1103,嘉泥,水泥工業,99,99,99,43,99,85,85,99,57,85,85,99,99,99,99,99,71,85,29,71,85,71,99,88,85,78,83
3,3,1104,環泥,水泥工業,57,57,57,57,29,71,71,71,99,71,71,71,85,71,85,85,57,71,99,57,43,43,43,67,62,69,65
4,4,1108,幸福,水泥工業,15,15,15,99,71,15,29,43,15,43,57,57,57,57,43,71,43,15,85,43,71,57,71,52,31,55,46
5,5,1109,信大,水泥工業,29,43,43,71,85,57,57,57,85,29,43,43,43,43,71,57,29,43,15,29,57,85,57,56,50,43,53
6,6,1110,東泥,水泥工業,43,29,29,85,15,29,15,85,71,15,29,85,71,29,57,43,15,57,71,15,99,99,85,66,38,36,49
7,7,1201,味全,食品工業,51,51,59,43,67,47,15,23,59,79,55,31,31,39,75,59,99,99,47,43,35,31,71,45,44,75,54
8,8,1203,味王,食品工業,27,27,31,71,27,63,63,59,23,43,23,51,87,67,35,15,95,75,15,27,71,71,43,51,47,45,50
9,9,1210,大成,食品工業,47,47,51,59,43,31,67,63,43,95,27,83,67,63,71,31,19,95,59,55,51,47,63,58,50,57,56
10,10,1213,大飲,食品工業,19,19,15,99,15,91,95,95,87,15,31,99,71,91,59,43,23,67,35,11,99,99,47,72,56,33,59
11,11,1215,卜蜂,食品工業,55,55,27,83,19,23,47,31,15,19,35,19,23,31,27,79,27,91,27,95,15,15,15,29,48,44,39
12,12,1216,統一,食品工業,87,87,95,15,51,59,75,19,19,99,99,15,19,11,15,19,31,43,79,31,11,11,19,24,70,54,42
13,13,1217,愛之味,食品工業,39,39,47,63,83,55,39,51,35,23,39,87,83,51,67,47,35,87,23,91,43,39,59,59,47,50,55
14,14,1218,泰山,食品工業,67,67,63,47,55,43,31,43,31,27,43,63,79,95,63,51,39,63,87,87,67,63,55,63,53,54,59
15,15,1219,福壽,食品工業,43,43,43,55,39,39,23,55,91,31,47,55,63,23,55,55,43,15,43,67,83,83,95,65,41,38,49
16,16,1220,台榮,食品工業,31,31,35,75,35,79,71,39,11,35,51,27,43,35,11,23,47,51,55,83,55,51,11,38,54,41,45
17,17,1225,福懋油,食品工業,59,59,55,51,23,71,43,79,51,39,19,79,95,79,39,63,51,35,83,59,75,75,31,62,56,49,56
18,18,1227,佳格,食品工業,83,79,79,27,71,35,51,47,67,47,15,43,59,55,95,95,55,55,19,23,31,27,83,50,59,57,56
19,19,1229,聯華,食品工業,99,99,67,39,47,87,87,99,95,83,59,91,55,47,43,35,59,71,39,79,91,91,67,74,80,56,70
20,20,1231,聯華食,食品工業,35,35,39,79,71,19,79,91,83,75,63,47,39,71,47,67,63,39,99,75,27,23,35,55,48,69,54
21,21,1232,大統益,食品工業,91,91,99,11,63,75,59,67,71,51,67,59,11,59,83,27,67,79,63,71,63,59,87,63,71,58,64
22,22,1233,天仁,食品工業,11,11,23,91,95,27,27,75,27,55,71,75,91,75,51,87,11,83,67,63,79,67,27,64,32,66,57
23,23,1234,黑松,食品工業,63,63,71,67,31,67,55,35,63,59,87,35,47,19,79,15,71,47,31,51,47,43,75,53,64,42,52
24,24,1235,興泰,食品工業,15,15,11,95,79,83,11,87,79,63,75,95,99,83,91,91,75,59,75,15,95,95,51,79,38,74,68
25,25,1236,宏亞,食品工業,23,23,19,87,99,51,35,83,99,67,11,71,75,87,31,99,79,11,51,99,87,87,99,75,40,68,62
26,26,1256,鮮活果汁-KY,食品工業,71,71,75,35,87,15,19,71,47,71,79,67,51,99,99,83,83,23,91,47,59,55,91,70,48,73,63
27,27,1702,南僑,食品工業,95,95,91,31,91,95,91,27,75,87,83,11,15,43,23,71,87,31,11,19,23,19,39,34,83,63,54
28,28,1737,臺鹽,食品工業,75,75,87,19,59,11,83,11,39,91,91,23,27,15,19,75,91,19,95,35,19,79,23,35,58,72,51
29,29,3054,立萬利,食品工業,79,83,83,23,75,99,99,15,55,11,95,39,35,27,87,39,15,27,71,39,39,35,79,50,78,40,51
30,30,1301,台塑,塑膠工業,69,69,89,9,34,9,39,4,0,94,99,4,0,9,0,0,94,19,0,9,4,4,4,12,47,40,29
31,31,1303,南亞,塑膠工業,64,64,74,14,24,4,44,9,84,99,94,19,4,4,89,4,39,24,49,4,9,9,84,37,44,40,37
32,32,1304,台聚,塑膠工業,94,99,84,24,9,89,89,39,34,79,34,54,34,99,69,34,4,89,39,59,69,74,64,57,80,42,59
33,33,1305,華夏,塑膠工業,49,54,59,34,19,14,19,19,64,89,44,39,24,84,79,39,9,84,44,54,34,39,69,50,38,47,47
34,34,1307,三芳,塑膠工業,34,34,34,64,44,44,34,54,9,4,19,64,69,64,19,74,14,79,24,39,64,49,9,42,41,40,42
35,35,1308,亞聚,塑膠工業,79,79,79,19,14,74,79,49,59,9,69,69,39,34,54,44,19,74,64,89,84,84,74,64,68,37,58
36,36,1309,台達化,塑膠工業,74,74,69,29,54,69,74,34,69,14,64,59,44,79,39,49,99,34,59,84,29,34,54,54,65,52,56
37,37,1310,台苯,塑膠工業,54,49,54,39,59,29,4,29,54,19,59,34,59,74,49,19,24,69,94,79,19,24,49,48,38,47,46
38,38,1312,國喬,塑膠工業,99,94,99,4,74,59,64,24,14,24,54,29,84,69,24,64,29,9,19,64,24,19,14,38,70,36,45
39,39,1313,聯成,塑膠工業,89,89,64,49,89,34,9,64,19,29,49,44,89,59,29,24,34,64,69,19,44,54,19,44,56,52,50
40,40,1314,中石化,塑膠工業,59,59,49,44,29,49,49,14,94,39,79,24,29,24,99,54,44,29,9,0,14,14,99,45,52,34,41
41,41,1315,達新,塑膠工業,29,29,29,74,94,39,24,94,79,34,74,84,99,49,59,59,79,54,29,94,89,94,79,81,37,58,63
42,42,1321,大洋,塑膠工業,39,39,39,54,39,19,14,99,74,69,9,94,54,44,84,29,84,4,34,69,74,79,59,67,34,43,51
43,43,1323,永裕,塑膠工業,19,19,24,79,69,54,29,59,89,44,84,99,64,94,94,14,89,44,79,99,94,99,89,88,37,56,65
44,44,1324,地球,塑膠工業,24,14,14,84,79,64,59,89,99,49,4,79,74,39,64,94,49,49,84,44,99,89,94,70,43,67,62
45,45,1325,恆大,塑膠工業,0,0,0,99,99,79,69,74,39,54,39,89,79,29,74,79,54,0,54,29,49,59,34,54,41,57,51
46,46,1326,台化,塑膠工業,84,84,94,0,4,24,54,0,4,74,89,0,9,0,4,9,59,39,4,49,0,0,0,14,57,32,32
47,47,1337,再生-KY,塑膠工業,9,9,9,89,49,84,84,84,44,59,29,14,19,19,14,84,64,94,14,24,59,69,39,38,47,61,49
48,48,1340,勝悅-KY,塑膠工業,4,4,4,94,0,94,94,79,49,64,24,9,14,14,9,89,69,14,74,34,54,64,44,36,49,52,45
49,49,1341,富林-KY,塑膠工業,44,44,44,59,64,0,0,69,29,84,0,74,94,54,44,69,74,59,89,14,39,44,29,45,32,73,47
50,50,4306,炎洲,塑膠工業,14,24,19,69,84,99,99,44,24,0,14,49,49,89,34,99,0,99,99,74,79,29,24,46,54,64,56
51,51,1316,上曜,建材營造,53,69,5,85,25,99,99,73,53,97,99,33,79,87,35,79,0,99,57,99,0,71,21,59,68,60,62
52,52,1436,華友聯,建材營造,31,29,37,43,27,5,0,99,43,1,59,49,93,63,33,29,71,79,43,41,21,49,7,51,24,42,42
53,53,1438,三地開發,建材營造,1,1,0,97,89,27,25,67,0,35,57,5,15,35,11,53,39,19,0,39,31,77,81,38,25,39,36
54,54,1439,雋揚,建材營造,81,67,45,25,43,29,29,93,0,33,55,51,83,57,9,51,37,47,69,37,33,65,1,44,46,47,46
55,55,1442,名軒,建材營造,41,35,41,47,99,21,31,89,91,31,53,79,89,61,87,49,35,15,67,35,29,67,9,63,36,49,50
56,56,1453,大將,建材營造,0,0,0,93,65,37,21,65,0,29,51,7,13,43,13,47,33,39,39,33,37,75,79,38,25,42,39
57,57,1456,怡華,建材營造,3,5,1,79,43,19,37,41,0,27,49,3,0,55,7,9,0,67,65,31,97,93,73,41,24,35,37
58,58,1472,三洋實業,建材營造,0,0,0,99,89,39,41,63,0,25,47,9,11,37,15,45,31,45,19,29,39,73,77,36,30,42,38
59,59,1805,寶徠,建材營造,33,39,13,77,57,49,47,91,1,23,45,11,91,31,17,15,29,57,11,27,35,69,75,45,43,32,42
60,60,1808,潤隆,建材營造,57,59,61,39,57,47,19,95,81,21,35,89,87,59,93,43,27,31,45,25,0,81,97,67,47,37,56
61,61,2442,新美齊,建材營造,87,43,87,15,49,45,49,37,83,77,43,57,85,93,19,41,25,83,63,23,57,85,87,61,54,56,58
62,62,2501,國建,建材營造,63,65,69,19,67,13,7,55,37,19,41,83,47,51,21,31,23,65,71,21,13,45,0,38,39,46,39
63,63,2504,國產,建材營造,65,83,51,29,61,0,11,15,63,89,0,61,35,0,27,0,21,73,73,17,11,17,43,26,40,53,36
64,64,2505,國揚,建材營造,85,85,71,21,93,41,43,9,61,17,0,0,21,65,29,13,19,63,97,0,59,55,11,28,58,50,41
65,65,2506,太設,建材營造,0,0,27,63,73,17,0,0,23,37,39,21,1,47,71,25,17,61,41,15,55,19,57,32,18,42,31
66,66,2509,全坤建,建材營造,5,3,17,65,79,33,39,17,19,15,37,73,37,45,69,37,15,85,0,13,61,25,49,40,27,38,40
67,67,2511,太子,建材營造,67,61,39,37,83,35,35,87,89,81,61,91,23,69,85,0,1,49,35,11,0,79,93,63,46,42,49
68,68,2515,中工,建材營造,27,31,19,73,63,31,33,49,45,11,1,59,43,71,37,9,13,69,21,9,9,37,13,34,36,31,33
69,69,2516,新建,建材營造,9,11,0,89,45,0,9,19,29,9,65,71,33,25,63,35,0,11,0,7,65,63,59,45,20,17,30
70,70,2520,冠德,建材營造,93,93,91,0,77,25,27,57,57,7,63,63,59,73,41,19,11,7,5,5,17,59,15,46,55,21,39
71,71,2524,京城,建材營造,89,91,79,5,69,23,23,5,33,5,3,17,7,75,75,55,9,41,17,3,41,31,65,32,52,33,41
72,72,2527,宏璟,建材營造,59,55,29,41,89,51,51,29,47,3,97,31,25,27,77,3,7,3,13,1,67,51,0,41,48,20,37
73,73,2528,皇普,建材營造,13,13,15,75,17,43,45,21,27,1,95,69,31,29,73,99,5,9,77,0,93,61,53,50,34,35,39
74,74,2530,華建,建材營造,39,41,73,7,89,55,55,85,97,85,93,99,95,91,89,61,3,87,59,0,0,83,95,75,45,64,63
75,75,2534,宏盛,建材營造,29,33,25,69,37,79,79,61,79,1,91,77,53,95,79,93,3,17,27,0,45,87,89,69,52,30,51
76,76,2535,達欣工,建材營造,75,77,81,1,31,0,13,39,99,1,89,53,61,99,99,91,41,89,29,43,0,97,99,71,41,47,56
77,77,2536,宏普,建材營造,17,17,67,9,69,97,97,71,95,1,87,93,81,33,91,89,43,0,79,19,91,35,71,70,51,47,54
78,78,2537,聯上發,建材營造,77,81,59,13,85,53,53,23,51,41,19,0,39,67,23,57,99,0,99,45,95,39,3,37,56,64,46
79,79,2538,基泰,建材營造,79,87,89,0,17,95,95,45,59,13,7,65,99,77,43,5,47,71,3,75,3,57,17,50,74,26,51
80,80,2539,櫻花建,建材營造,15,15,35,67,77,1,0,11,93,39,9,85,29,0,97,87,95,0,81,97,51,47,83,55,22,63,46
81,81,2540,愛山林,建材營造,97,97,99,0,35,93,93,7,15,47,11,15,9,17,61,85,93,77,0,95,43,33,61,33,80,56,54
82,82,2542,興富發,建材營造,51,63,75,55,89,91,91,43,49,43,79,55,45,79,39,83,91,33,61,93,47,91,19,58,71,67,65
83,83,2543,皇昌,建材營造,0,0,0,95,47,0,3,0,21,73,77,23,5,39,67,81,89,23,49,91,53,21,55,41,16,60,37
84,84,2545,皇翔,建材營造,55,57,83,31,51,89,89,47,41,71,75,1,19,41,31,1,87,5,83,89,89,53,0,44,67,50,51
85,85,2546,根基,建材營造,19,21,53,33,33,0,5,59,55,69,73,47,57,81,0,27,85,59,9,87,5,13,5,44,22,47,40
86,86,2547,日勝生,建材營造,49,51,55,45,75,87,87,25,17,87,71,27,27,19,57,59,83,91,85,85,7,43,69,41,62,80,57
87,87,2548,華固,建材營造,99,99,95,0,19,85,85,69,85,83,69,75,97,97,83,23,81,29,51,83,15,99,91,78,77,48,67
88,88,2597,潤弘,建材營造,71,73,85,17,39,15,15,3,87,61,13,0,0,0,59,21,79,53,15,81,99,95,85,47,46,45,46
89,89,2923,鼎固-KY,建材營造,37,47,77,57,91,83,83,0,11,59,15,13,0,0,49,7,77,25,53,79,87,11,45,28,64,52,43
90,90,3052,夆典,建材營造,11,9,3,81,45,81,81,1,25,57,17,19,3,21,65,77,75,21,55,77,85,23,51,35,44,55,44
91,91,3056,富華新,建材營造,69,75,93,27,93,77,77,0,35,55,0,0,0,83,53,33,97,1,37,73,83,27,63,38,70,53,49
92,92,3266,昇陽,建材營造,45,49,63,3,57,57,57,0,31,53,21,0,0,49,51,95,73,93,31,49,81,29,47,33,46,67,47
93,93,3703,欣陸,建材營造,91,89,23,71,29,9,17,13,39,99,0,25,17,0,55,75,69,0,87,71,49,9,41,29,50,60,42
94,94,5515,建國,建材營造,21,19,49,61,55,75,75,53,65,79,67,95,77,53,81,0,67,95,23,69,23,15,0,54,50,53,55
95,95,5519,隆大,建材營造,83,79,65,11,23,7,1,75,75,45,23,45,69,15,3,73,65,97,89,67,79,0,39,45,41,65,51
96,96,5521,工信,建材營造,0,0,11,87,21,73,73,27,3,75,81,29,41,23,25,71,63,37,91,65,25,0,0,29,41,60,41
97,97,5522,遠雄,建材營造,95,95,97,0,87,71,71,35,9,95,83,87,75,89,95,69,61,51,0,63,27,89,67,65,72,60,65
98,98,5525,順天,建材營造,7,7,21,51,71,69,69,31,7,49,33,41,51,11,45,0,59,75,1,61,77,0,29,35,37,42,41
99,99,5531,鄉林,建材營造,23,25,9,83,17,67,67,97,77,51,85,97,55,85,0,67,57,43,47,59,19,41,23,58,46,47,52
100,100,5533,皇鼎,建材營造,47,27,31,49,97,65,65,77,73,63,25,37,71,9,1,11,55,27,93,57,75,0,27,41,47,58,48
101,101,5534,長虹,建材營造,73,71,57,23,41,63,63,79,71,65,31,39,73,7,0,17,53,55,7,55,73,3,25,41,58,40,48
102,102,5546,永固-KY,建材營造,61,53,43,35,59,61,61,51,13,91,27,35,63,5,5,65,51,13,95,53,71,7,37,33,52,62,45
103,103,6177,達麗,建材營造,43,45,47,59,53,59,59,81,69,67,29,43,67,3,0,63,49,35,25,51,69,5,35,41,52,49,46
104,104,9906,欣巴巴,建材營造,25,23,7,91,95,11,0,33,5,93,5,67,49,13,47,97,0,0,33,47,1,1,33,27,26,53,31
105,105,9946,三發地產,建材營造,35,37,33,53,81,3,0,83,67,1,0,81,65,1,0,39,45,81,75,0,63,0,31,36,27,54,38
106,106,1319,東陽,汽車工業,18,18,45,72,51,99,99,0,15,27,6,3,0,96,12,99,96,39,99,3,6,6,45,17,58,68,45
107,107,1338,廣華-KY,汽車工業,39,45,36,66,84,60,60,3,60,69,12,24,9,99,93,69,45,96,72,9,27,24,87,41,51,72,54
108,108,1339,昭輝,汽車工業,15,21,0,99,96,33,18,33,12,48,45,45,36,24,57,39,99,78,42,12,99,60,57,44,31,67,46
109,109,1512,瑞利,汽車工業,0,0,6,93,63,51,48,63,48,3,48,15,72,27,36,66,9,93,15,69,54,78,39,50,33,42,47
110,110,1521,大億,汽車工業,33,33,39,54,45,48,51,84,24,6,24,27,81,75,3,36,12,69,0,78,69,63,21,50,43,28,44
111,111,1522,堤維西,汽車工業,6,6,15,78,75,0,24,27,9,9,54,42,33,30,63,33,15,90,48,81,18,21,24,37,22,45,36
112,112,1524,耿鼎,汽車工業,3,3,3,96,27,30,27,42,66,51,57,66,27,33,45,12,3,48,6,87,51,54,84,56,27,24,42
113,113,1525,江申,汽車工業,21,24,18,81,69,45,36,69,36,54,60,39,69,36,24,27,6,57,81,90,48,51,69,54,38,49,47
114,114,1533,車王電,汽車工業,12,15,24,90,9,57,57,96,21,12,33,18,84,39,0,63,18,72,78,72,93,96,12,51,42,42,45
115,115,1536,和大,汽車工業,45,39,48,33,33,6,15,24,27,57,21,21,6,18,18,3,21,15,21,66,63,48,15,30,31,25,27
116,116,1568,倉佑,汽車工業,24,9,12,75,81,27,12,72,42,15,39,75,45,42,15,57,24,60,24,45,24,30,33,42,26,44,38
117,117,1587,吉茂,汽車工業,27,27,9,69,87,54,54,51,96,60,66,30,87,45,39,75,27,81,39,0,0,0,6,38,40,62,45
118,118,2115,六暉-KY,汽車工業,81,81,84,12,99,66,66,15,51,18,3,9,21,15,51,15,30,0,57,33,12,12,78,27,65,36,37
119,119,2201,裕隆,汽車工業,78,78,72,21,60,69,69,12,45,93,0,12,24,90,54,18,33,54,27,54,9,9,75,35,64,48,45
120,120,2204,中華,汽車工業,84,84,87,9,54,36,45,21,54,87,18,6,18,0,48,9,36,27,96,21,15,15,81,27,58,52,40
121,121,2206,三陽工業,汽車工業,72,72,75,15,15,15,33,6,0,66,9,0,15,21,66,21,39,63,18,93,3,3,0,20,47,37,33
122,122,2207,和泰車,汽車工業,99,99,99,0,24,63,63,99,18,90,27,72,93,48,30,0,42,36,69,99,87,84,72,66,70,44,57
123,123,2227,裕日車,汽車工業,90,90,93,3,48,72,72,90,57,63,30,69,99,69,27,6,48,75,51,51,75,87,66,65,70,48,61
124,124,2228,劍麟,汽車工業,54,60,30,84,36,75,75,78,75,72,87,81,57,78,75,78,69,9,36,42,60,57,27,65,63,50,58
125,125,2231,為升,汽車工業,57,63,51,48,18,9,0,93,33,81,90,36,90,57,9,81,51,12,75,57,90,90,18,60,38,53,50
126,126,2233,宇隆,汽車工業,66,66,63,36,78,21,6,75,39,75,93,51,66,60,21,30,90,99,33,36,42,45,30,51,43,68,54
127,127,2236,百達-KY,汽車工業,42,51,33,63,75,39,39,66,99,21,96,99,75,63,99,84,87,33,54,60,57,72,42,75,44,59,63
128,128,2239,英利-KY,汽車工業,60,54,60,42,9,78,78,45,72,24,69,84,51,9,87,87,84,30,9,27,36,33,60,52,62,40,53
129,129,2241,艾姆勒,汽車工業,48,36,54,45,72,12,9,30,63,96,36,78,39,66,69,90,81,45,84,18,30,27,90,50,34,78,53
130,130,2243,宏旭-KY,汽車工業,63,57,57,39,39,81,81,48,78,42,81,87,48,6,84,93,78,42,3,30,33,39,54,53,63,50,54
131,131,2247,汎德永業,汽車工業,75,75,78,24,30,3,30,39,90,30,78,63,30,51,60,96,75,6,66,63,66,75,48,60,48,50,54
132,132,2250,IKKA-KY,汽車工業,69,69,69,30,93,84,84,36,69,33,75,90,54,3,81,42,93,87,87,24,39,36,63,52,68,72,62
133,133,2497,怡利電,汽車工業,36,42,42,51,12,87,87,81,81,45,72,93,60,81,78,45,72,66,12,48,78,93,51,74,58,42,62
134,134,3346,麗清,汽車工業,87,87,81,27,21,90,90,87,30,78,63,96,96,72,6,48,66,24,45,75,96,99,36,69,77,47,65
135,135,4551,智伸科,汽車工業,96,96,96,6,90,93,93,9,93,99,15,33,3,93,96,60,63,51,90,6,21,18,99,44,80,76,62
136,136,4557,永新-KY,汽車工業,93,93,90,18,9,24,21,18,87,39,51,48,12,84,90,51,60,84,30,15,45,42,96,53,56,46,54
137,137,4581,光隆精密-KY,汽車工業,30,30,27,57,57,96,96,60,84,36,42,60,78,54,72,54,57,18,60,96,84,81,93,73,56,47,61
138,138,6288,聯嘉,汽車工業,51,48,66,87,66,42,3,54,3,84,84,54,42,87,33,24,54,21,93,39,81,69,3,50,50,57,50
139,139,6605,帝寶,汽車工業,9,12,21,60,42,18,42,57,6,0,99,57,63,12,42,72,0,3,63,84,72,66,9,52,27,30,40
140,185,1402,遠東新,紡織纖維,95,95,95,21,55,19,45,19,71,97,37,19,19,19,87,23,77,41,41,21,19,19,59,35,62,56,47
141,186,1409,新纖,紡織纖維,81,85,89,37,31,41,57,35,79,37,57,29,21,55,19,25,55,69,63,61,53,59,49,47,65,47,50
142,187,1410,南染,紡織纖維,35,47,37,53,87,73,65,63,51,75,67,39,51,33,49,75,97,75,21,59,41,47,21,47,52,72,57
143,188,1413,宏洲,紡織纖維,55,55,75,35,51,49,35,57,75,73,79,63,49,61,83,63,19,35,31,37,71,81,85,67,51,45,55
144,189,1414,東和,紡織纖維,37,33,55,55,49,37,23,79,23,67,77,97,67,99,81,71,51,51,81,57,83,79,33,70,40,62,60
145,190,1417,嘉裕,紡織纖維,33,35,47,93,95,43,29,67,27,65,65,35,59,43,39,73,49,27,65,53,43,51,23,46,47,62,49
146,191,1418,東華,紡織纖維,89,73,43,81,41,65,73,91,63,55,43,81,89,75,65,51,23,83,45,49,91,91,81,74,71,50,69
147,192,1419,新紡,紡織纖維,69,71,79,47,91,67,75,75,97,49,81,91,71,77,95,69,47,73,73,51,87,85,97,82,68,67,73
148,193,1423,利華,紡織纖維,57,51,27,95,77,59,25,99,99,79,53,79,95,79,99,97,45,19,29,55,99,99,99,87,52,58,67
149,194,1434,福懋,紡織纖維,25,25,57,63,45,27,51,21,37,91,85,21,31,51,21,29,43,63,51,19,33,21,35,34,41,54,41
150,195,1440,南紡,紡織纖維,65,67,73,49,33,31,37,47,73,83,31,41,33,21,61,19,99,29,37,39,65,69,75,50,54,50,49
151,196,1441,大東,紡織纖維,77,75,67,51,53,79,79,55,85,47,87,45,47,31,73,85,41,45,85,41,77,71,77,63,71,59,63
152,197,1444,力麗,紡織纖維,43,37,53,77,61,33,39,53,83,21,61,27,43,63,85,53,39,53,33,63,27,35,69,55,47,43,49
153,198,1445,大宇,紡織纖維,39,39,41,85,57,83,83,65,25,23,73,31,57,39,47,81,53,91,75,65,45,49,31,48,62,63,58
154,199,1446,宏和,紡織纖維,41,41,61,83,43,77,85,81,19,25,47,85,97,89,91,55,37,31,27,67,93,93,29,72,65,36,60
155,200,1447,力鵬,紡織纖維,53,49,49,71,65,45,41,23,59,27,83,33,25,47,27,57,35,33,53,33,23,31,39,38,51,45,43
156,201,1449,佳和,紡織纖維,23,23,25,79,71,55,53,33,33,29,91,69,37,49,35,31,33,97,19,71,75,75,61,57,43,47,53
157,202,1451,年興,紡織纖維,59,59,65,57,59,57,59,49,91,31,27,43,27,27,69,59,31,89,49,73,49,55,95,55,59,53,56
158,203,1452,宏益,紡織纖維,87,89,87,31,75,25,19,77,77,33,93,89,63,69,77,47,29,55,43,75,97,97,93,82,56,47,65
159,204,1454,台富,紡織纖維,31,29,29,89,29,85,89,87,31,35,63,65,55,41,37,49,25,85,93,77,47,53,27,53,59,53,57
160,205,1455,集盛,紡織纖維,75,77,83,45,37,39,47,51,69,19,29,51,23,59,79,45,57,61,99,99,51,57,63,57,61,53,58
161,206,1457,宜進,紡織纖維,83,83,69,43,93,89,93,97,57,39,95,83,99,81,55,65,73,25,25,79,95,95,87,84,77,53,71
162,207,1459,聯發,紡織纖維,45,43,23,91,41,91,95,85,89,41,51,93,61,95,75,67,59,87,57,81,85,83,73,79,65,59,70
163,208,1460,宏遠,紡織纖維,47,45,45,67,27,21,31,29,41,43,97,37,41,53,31,39,91,79,39,83,21,27,65,48,43,53,48
164,209,1463,強盛新,紡織纖維,27,27,39,69,47,93,81,27,29,45,69,23,39,35,23,93,21,59,61,25,31,23,25,32,56,54,47
165,210,1464,得力,紡織纖維,29,31,35,75,69,29,27,93,21,85,49,49,53,93,25,87,89,99,83,85,29,39,19,50,38,85,57
166,211,1465,偉全,紡織纖維,21,21,21,97,67,97,77,25,35,77,71,25,35,37,29,79,87,43,67,23,55,25,37,36,56,70,51
167,212,1466,聚隆,紡織纖維,63,63,77,39,81,47,43,71,67,51,23,99,45,91,59,43,85,39,71,87,73,73,67,69,55,62,62
168,213,1467,南緯,紡織纖維,67,61,85,41,85,53,33,89,61,53,45,87,93,87,63,41,83,65,95,45,89,87,89,76,57,70,70
169,214,1468,昶和,紡織纖維,71,69,51,61,57,63,97,43,53,87,33,61,77,25,51,91,81,49,91,89,39,45,53,52,69,76,62
170,215,1470,大統新創,紡織纖維,61,65,63,59,79,95,87,39,43,57,75,53,85,23,45,37,79,93,89,91,35,41,47,52,72,72,64
171,216,1473,台南,紡織纖維,49,53,33,87,63,51,61,61,95,59,19,71,83,85,97,35,93,23,35,31,63,61,57,66,56,51,58
172,217,1474,弘裕,紡織纖維,51,57,59,65,39,61,55,73,81,61,25,75,65,83,71,33,75,67,59,93,59,63,71,69,58,56,63
173,218,1475,業旺,紡織纖維,79,79,31,73,35,81,63,41,55,63,35,59,75,29,53,99,71,37,87,95,37,43,55,52,68,65,61
174,219,1476,儒鴻,紡織纖維,93,93,93,27,83,35,49,31,93,95,89,55,29,65,93,27,95,71,97,97,25,29,91,63,65,78,67
175,220,1477,聚陽,紡織纖維,99,99,99,19,99,69,71,83,87,99,39,95,91,73,89,21,69,21,69,47,81,89,79,78,76,63,71
176,221,4414,如興,紡織纖維,97,97,97,23,67,75,69,95,65,69,55,77,79,71,67,61,67,57,55,43,61,67,83,69,76,63,69
177,222,4426,利勤,紡織纖維,19,19,19,99,89,23,21,59,39,71,21,67,87,67,33,83,65,81,23,35,69,65,41,53,33,69,55
178,223,4438,廣越,紡織纖維,91,91,91,25,97,71,67,45,45,93,59,57,73,57,41,77,63,77,79,29,67,37,43,50,73,81,67
179,224,4439,冠星-KY,紡織纖維,85,87,81,29,73,87,91,37,49,89,41,47,69,45,57,89,61,95,77,27,57,33,45,46,77,81,63
180,225,4440,宜新實業,紡織纖維,73,81,71,33,25,99,99,69,47,81,99,73,81,97,43,95,27,47,47,69,79,77,51,71,76,54,65
181,226,1432,大魯閣,運動休閒,1,1,1,99,64,15,1,71,78,15,50,92,71,15,92,43,92,29,1,43,29,71,92,64,20,41,47
182,227,1598,岱宇,運動休閒,22,22,29,71,43,64,99,57,99,29,99,57,57,92,99,99,71,43,50,99,92,50,99,82,51,56,68
183,228,1736,喬山,運動休閒,29,29,36,57,36,50,36,64,71,78,43,85,64,8,85,22,64,15,29,36,22,64,85,57,40,41,48
184,229,4536,拓凱,運動休閒,64,64,43,64,15,78,50,99,36,64,92,78,78,85,78,36,57,64,43,92,78,78,78,79,60,46,66
185,230,5306,桂盟,運動休閒,99,99,57,36,50,99,92,85,57,99,85,99,99,78,57,85,50,50,99,85,71,99,57,79,80,72,77
186,231,6670,復盛應用,運動休閒,50,50,64,29,29,36,22,43,1,57,29,29,36,71,50,57,43,99,22,15,15,15,50,32,42,51,43
187,232,6768,志強-KY,運動休閒,85,85,50,43,78,71,64,92,29,50,78,71,85,64,71,78,36,92,92,78,64,92,71,72,66,71,70
188,233,8462,柏文,運動休閒,36,36,8,92,99,43,43,22,22,22,36,50,43,57,1,71,29,8,15,50,43,29,15,33,43,41,38
189,234,8467,波力-KY,運動休閒,15,15,22,85,1,92,85,36,8,8,1,22,29,50,43,64,22,1,8,22,99,57,43,37,52,17,38
190,235,8478,東哥遊艇,運動休閒,78,78,78,8,22,57,29,78,15,1,71,64,92,43,64,92,15,85,85,71,57,85,64,64,55,50,58
191,236,9802,鈺齊-KY,運動休閒,8,8,15,78,57,8,8,15,43,85,22,36,15,36,8,50,99,57,78,29,85,43,36,33,21,71,40
192,237,9904,寶成,運動休閒,43,43,71,50,92,29,57,1,64,43,15,1,1,1,22,29,8,36,71,1,1,1,8,11,49,46,29
193,238,9910,豐泰,運動休閒,92,92,99,1,85,1,71,8,92,71,8,8,8,99,15,8,85,78,64,8,8,8,22,26,59,65,44
194,239,9914,美利達,運動休閒,71,71,92,15,8,22,15,50,50,36,64,43,50,22,29,1,78,22,36,64,50,36,1,42,48,30,37
195,240,9921,巨大,運動休閒,57,57,85,22,71,85,78,29,85,92,57,15,22,29,36,15,1,71,57,57,36,22,29,38,64,51,46
196,241,1471,首利,電子零組件業,53,52,46,38,66,99,99,24,65,57,38,40,75,22,33,94,89,14,11,35,31,28,42,39,64,55,50
197,242,1582,信錦,電子零組件業,65,64,73,27,43,57,65,52,74,76,9,88,96,62,82,55,95,37,84,38,63,52,83,64,58,65,61
198,243,2059,川湖,電子零組件業,30,31,48,52,68,55,48,73,60,88,49,50,65,36,86,60,97,21,71,76,51,68,69,62,44,68,58
199,244,2308,台達電,電子零組件業,85,85,94,10,80,7,10,13,17,99,5,12,18,9,16,17,96,61,72,22,6,14,21,14,48,71,38
200,245,2313,華通,電子零組件業,48,47,67,29,39,15,32,18,86,79,60,37,21,76,19,40,33,51,29,89,95,23,34,51,40,45,48
201,246,2316,楠梓電,電子零組件業,6,5,11,84,50,30,31,22,80,24,64,34,29,75,71,41,34,27,19,23,34,36,88,51,28,32,40
202,247,2327,國巨,電子零組件業,36,40,44,60,86,27,44,44,63,97,53,32,22,21,38,43,35,77,7,26,28,31,49,37,42,58,46
203,248,2328,廣宇,電子零組件業,92,92,90,13,69,60,64,91,97,25,42,89,99,78,79,66,36,76,57,85,88,93,91,85,68,55,74
204,249,2355,敬鵬,電子零組件業,22,25,31,67,63,16,21,94,29,26,32,19,16,33,22,45,37,24,35,93,67,13,71,44,30,38,39
205,250,2367,燿華,電子零組件業,13,13,12,88,26,46,52,21,81,27,43,33,23,24,68,61,38,33,75,17,29,26,77,40,37,43,41
206,251,2368,金像電,電子零組件業,43,45,47,63,58,11,25,10,19,81,44,7,12,23,15,47,39,7,36,92,91,12,27,32,39,45,37
207,252,2375,凱美,電子零組件業,86,86,41,39,89,63,63,96,26,28,45,46,66,70,6,97,15,73,16,94,87,91,10,58,63,53,60
208,253,2383,台光電,電子零組件業,72,72,70,36,33,35,34,61,95,98,46,13,38,37,83,64,40,72,62,30,21,27,64,47,53,62,51
209,254,2385,群光,電子零組件業,97,97,98,6,23,19,62,23,5,95,13,25,26,5,5,52,42,47,50,39,79,35,7,24,63,52,40
210,255,2392,正崴,電子零組件業,76,75,88,17,54,64,61,16,32,29,47,16,15,63,24,38,51,54,70,64,57,70,31,40,64,49,50
211,256,2402,毅嘉,電子零組件業,26,29,5,97,62,32,7,60,92,31,48,90,89,39,81,56,43,36,43,67,64,76,65,70,33,45,54
212,257,2413,環科,電子零組件業,5,8,7,98,24,31,15,86,68,38,50,71,79,61,52,49,44,32,60,80,86,88,94,74,27,41,51
213,258,2415,錩新,電子零組件業,88,87,76,25,72,66,60,38,41,64,54,91,90,67,42,59,45,45,34,27,68,44,46,55,67,53,58
214,259,2420,新巨,電子零組件業,17,19,14,89,87,38,20,85,67,65,55,66,74,60,43,54,9,79,56,83,99,99,97,75,33,58,59
215,260,2421,建準,電子零組件業,44,37,58,50,56,5,59,17,33,32,57,47,33,73,34,21,92,9,24,98,92,96,32,56,42,39,48
216,261,2428,興勤,電子零組件業,52,54,62,54,91,53,46,72,94,77,58,73,70,80,94,63,46,34,55,78,81,83,14,72,54,61,62
217,262,2431,聯昌,電子零組件業,51,50,52,45,23,61,58,49,43,33,39,63,54,31,41,13,47,67,53,53,40,58,17,44,53,39,43
218,263,2440,太空梭,電子零組件業,73,73,72,23,66,65,57,68,45,34,22,15,19,42,39,65,48,38,73,42,26,34,18,34,60,54,48
219,264,2457,飛宏,電子零組件業,58,55,65,42,67,41,36,37,30,35,35,54,32,86,32,16,49,91,13,48,33,49,39,43,50,45,46
220,265,2460,建通,電子零組件業,29,30,32,69,32,62,56,79,37,36,40,29,24,26,26,67,50,98,51,71,61,19,56,43,46,56,50
221,266,2462,良得電,電子零組件業,80,79,81,21,56,59,55,69,44,37,23,14,20,41,8,26,31,55,15,43,27,32,15,31,62,37,42
222,267,2467,志聖,電子零組件業,75,77,86,20,37,42,27,88,70,23,62,92,91,92,53,62,32,97,87,96,60,79,92,80,54,56,69
223,268,2472,立隆電,電子零組件業,83,82,85,18,92,58,53,20,88,84,61,93,92,91,63,58,14,96,77,95,97,95,43,76,63,70,70
224,269,2476,鉅祥,電子零組件業,23,28,37,62,74,29,13,78,38,30,59,30,25,25,25,57,41,13,97,24,23,20,57,37,32,52,38
225,270,2478,大毅,電子零組件業,60,62,43,71,70,36,33,46,98,22,56,60,35,59,99,32,19,22,96,28,48,43,99,61,51,44,51
226,271,2483,百容,電子零組件業,10,11,8,94,35,21,8,87,69,68,52,72,84,90,50,34,27,26,95,82,76,84,93,76,25,48,53
227,272,2484,希華,電子零組件業,20,21,28,73,77,69,66,64,56,12,41,57,60,89,31,15,26,94,49,61,52,67,50,57,46,46,53
228,273,2492,華新科,電子零組件業,34,36,49,68,94,37,47,19,96,70,51,20,13,28,62,33,24,93,22,19,20,24,73,39,45,56,46
229,274,2493,揚博,電子零組件業,69,69,82,24,82,85,68,70,46,6,24,22,36,43,40,70,8,35,93,41,25,33,16,36,66,49,49
230,275,3003,健和興,電子零組件業,28,27,17,86,51,47,43,66,99,7,63,74,67,88,89,83,22,92,20,72,59,78,98,78,41,46,61
231,276,3011,今皓,電子零組件業,39,41,30,82,39,98,69,8,76,8,14,8,9,15,60,93,10,42,5,8,12,9,80,27,60,33,39
232,277,3015,全漢,電子零組件業,64,65,77,26,71,43,41,56,51,75,18,43,55,97,48,18,20,62,92,88,90,69,70,62,53,56,57
233,278,3021,鴻名,電子零組件業,18,17,36,75,99,97,98,67,78,74,31,45,58,34,61,31,13,57,10,60,43,61,89,57,57,47,55
234,279,3023,信邦,電子零組件業,27,26,33,90,96,23,16,71,73,9,27,38,45,30,55,11,29,64,59,62,38,55,78,52,36,45,45
235,280,3026,禾伸堂,電子零組件業,55,58,63,57,97,20,11,47,61,80,36,65,42,54,46,30,18,90,26,40,56,50,58,50,44,57,54
236,281,3032,偉訓,電子零組件業,87,88,75,22,28,96,97,25,59,10,25,53,57,40,59,50,16,48,90,36,65,53,75,50,78,40,56
237,282,3037,欣興,電子零組件業,50,51,60,48,55,12,40,5,23,91,66,9,7,14,20,29,21,60,61,9,15,6,33,19,44,53,34
238,283,3042,晶技,電子零組件業,62,68,83,33,44,28,19,50,58,82,34,67,46,49,65,11,93,31,89,58,62,72,67,57,49,58,53
239,284,3044,健鼎,電子零組件業,56,59,29,95,45,95,96,6,84,83,11,5,6,19,73,28,23,58,98,5,7,5,82,28,72,56,45
240,285,3058,立德,電子零組件業,70,70,66,49,39,94,95,51,57,11,20,51,47,55,47,25,25,56,30,7,14,59,62,43,74,31,46
241,286,3090,日電貿,電子零組件業,45,42,59,46,93,56,29,99,53,72,75,87,97,45,67,12,28,28,86,99,94,97,60,79,46,53,60
242,287,3092,鴻碩,電子零組件業,91,91,79,47,68,6,6,59,89,71,98,41,61,32,77,92,52,89,85,75,75,81,96,71,53,76,66
243,288,3229,晟鈦,電子零組件業,9,6,10,91,84,68,67,62,77,40,99,95,94,79,91,69,53,99,6,54,69,73,66,78,42,58,65
244,289,3296,勝德,電子零組件業,35,35,39,53,76,48,12,90,35,13,30,77,83,35,30,96,6,10,63,73,44,92,40,57,37,44,46
245,290,3308,聯德,電子零組件業,59,53,25,58,85,93,94,9,36,20,15,10,10,16,35,91,54,17,83,6,13,10,41,18,64,58,42
246,291,3321,同泰,電子零組件業,11,9,9,92,78,22,9,42,71,14,96,94,93,69,84,90,76,46,12,87,93,62,76,79,25,53,59
247,292,3338,泰碩,電子零組件業,67,66,61,32,27,92,93,53,55,15,21,52,51,56,58,24,94,59,82,68,72,71,68,57,68,50,57
248,293,3376,新日興,電子零組件業,7,10,15,99,27,18,18,75,64,92,28,55,39,44,87,53,77,86,41,63,58,75,74,60,28,63,52
249,294,3432,台端,電子零組件業,81,81,53,55,99,91,92,58,24,16,95,99,59,53,57,99,17,29,27,69,71,77,35,63,76,48,61
250,295,3501,維熹,電子零組件業,16,15,13,93,98,90,91,65,75,17,37,64,56,50,70,89,78,16,80,91,89,94,87,71,53,63,64
251,296,3533,嘉澤,電子零組件業,96,96,93,14,64,89,90,35,42,87,94,23,28,20,80,88,79,19,28,44,80,25,47,47,80,61,56
252,297,3550,聯穎,電子零組件業,57,56,51,41,79,88,89,41,27,18,93,69,62,18,28,87,80,83,79,49,53,64,36,49,64,71,58
253,298,3593,力銘,電子零組件業,41,39,27,59,30,87,88,40,47,19,16,68,63,51,45,22,81,52,39,50,54,65,52,50,57,40,51
254,299,3605,宏致,電子零組件業,40,34,54,61,88,39,30,83,9,21,92,75,77,57,49,98,12,95,38,81,85,87,25,65,43,59,57
255,300,3607,谷崧,電子零組件業,14,12,20,78,34,86,87,54,48,39,29,56,41,52,44,86,5,80,69,74,66,80,53,54,50,52,52
256,301,3645,達邁,電子零組件業,42,43,55,40,52,84,86,39,28,50,91,70,64,17,27,23,84,8,23,51,55,63,37,49,58,40,46
257,302,3653,健策,電子零組件業,38,46,40,65,61,24,26,28,34,41,90,58,43,83,37,19,82,63,46,45,46,54,48,51,40,52,51
258,303,3679,新至陞,電子零組件業,90,90,26,64,82,34,85,93,18,58,89,96,72,84,7,35,83,25,78,84,84,89,29,68,65,60,62
259,304,4545,銘鈺,電子零組件業,19,20,19,85,83,44,35,48,21,60,88,42,69,85,23,85,88,84,64,56,49,66,44,54,37,77,56
260,305,4912,聯德控股-KY,電子零組件業,37,38,38,72,41,8,5,81,6,63,6,97,98,98,92,27,98,85,67,77,41,60,20,61,33,64,55
261,306,4915,致伸,電子零組件業,94,94,97,7,65,17,45,26,62,94,12,31,27,10,54,36,99,53,54,59,30,45,63,38,59,67,51
262,307,4927,泰鼎-KY,電子零組件業,24,22,24,80,81,10,23,15,20,85,87,21,17,29,17,20,85,87,52,21,18,22,30,27,30,68,42
263,308,4943,康控-KY,電子零組件業,89,89,91,11,23,70,84,11,50,62,17,11,8,13,36,71,86,88,14,13,19,15,45,22,72,57,47
264,309,4958,臻鼎-KY,電子零組件業,25,23,23,79,42,14,51,7,39,89,33,6,5,27,29,84,87,82,76,10,8,7,38,19,36,77,41
265,310,4989,榮科,電子零組件業,77,74,87,16,59,83,83,45,91,61,86,80,88,87,98,82,75,18,21,37,77,51,72,74,70,53,65
266,311,4999,鑫禾,電子零組件業,32,32,35,83,66,82,82,76,7,59,85,82,71,81,93,42,91,50,48,97,78,85,22,71,58,59,64
267,312,5469,瀚宇博,電子零組件業,61,61,56,43,47,33,17,43,87,55,84,49,50,96,78,11,73,66,45,18,39,29,81,59,45,50,54
268,313,6108,競國,電子零組件業,12,16,16,77,50,81,81,36,85,54,83,59,52,99,76,95,72,5,47,34,70,47,90,66,47,54,56
269,314,6115,鎰勝,電子零組件業,54,57,57,51,60,80,80,92,25,53,82,78,81,93,10,46,74,23,25,55,74,74,8,61,63,47,56
270,315,6133,金橋,電子零組件業,33,33,34,74,47,79,79,32,82,52,68,28,37,64,75,81,7,43,9,31,36,39,86,53,55,40,52
271,316,6141,柏承,電子零組件業,15,14,18,87,25,40,22,34,83,51,69,27,44,65,72,80,55,40,81,32,42,42,84,54,33,55,49
272,317,6153,嘉聯益,電子零組件業,21,18,21,81,46,25,37,33,16,73,70,18,40,58,74,51,56,49,65,29,37,40,85,45,34,57,46
273,318,6155,鈞寶,電子零組件業,8,7,6,96,75,51,28,74,66,56,71,85,68,68,90,11,57,65,18,79,73,82,19,70,33,47,55
274,319,6191,精成科,電子零組件業,99,99,99,5,57,78,78,14,31,49,7,98,14,12,18,48,58,81,68,11,16,11,28,24,76,60,48
275,320,6197,佳必琪,電子零組件業,71,71,68,31,90,52,24,80,14,48,72,44,76,8,14,79,59,15,99,14,9,16,6,32,53,65,47
276,321,6205,詮欣,電子零組件業,47,49,45,70,95,77,77,57,12,67,73,86,87,66,97,78,11,20,94,46,50,56,24,59,61,61,59
277,322,6213,聯茂,電子零組件業,68,67,64,66,39,76,76,77,8,96,67,36,73,71,88,44,90,11,66,47,45,57,23,54,70,58,57
278,323,6224,聚鼎,電子零組件業,78,78,74,28,31,54,49,82,54,66,74,76,78,47,9,14,60,75,8,12,5,8,61,46,60,42,51
279,324,6269,台郡,電子零組件業,31,24,22,76,48,50,50,29,79,90,76,61,34,72,69,11,61,30,58,33,35,38,79,55,42,50,51
280,325,6282,康舒,電子零組件業,63,60,80,37,29,13,39,27,13,69,77,39,31,7,13,11,62,69,44,57,22,30,5,29,49,47,41
281,326,6412,群電,電子零組件業,95,95,96,8,55,75,75,30,93,93,19,35,30,6,95,77,63,12,40,70,24,37,54,45,74,57,54
282,327,6449,鈺邦,電子零組件業,82,83,78,35,53,74,74,89,52,47,10,79,82,46,11,76,64,70,33,15,10,17,11,38,71,57,54
283,328,6672,騰輝電子-KY,電子零組件業,46,48,42,56,49,26,14,55,90,78,26,24,49,94,85,75,65,74,37,90,96,46,95,68,39,63,59
284,329,6715,嘉基,電子零組件業,84,84,84,19,40,9,73,84,10,46,78,62,80,74,51,74,66,44,88,16,11,18,26,46,59,60,53
285,330,6781,AES-KY,電子零組件業,79,80,71,34,38,73,72,98,49,45,79,84,85,38,64,73,67,68,74,66,82,86,51,71,68,61,66
286,331,8039,台虹,電子零組件業,49,44,50,44,35,45,42,63,72,44,80,26,53,77,56,39,68,78,42,52,32,48,59,56,46,51,53
287,332,8046,南電,電子零組件業,74,76,89,15,36,72,71,12,40,86,81,17,11,11,21,37,69,71,91,20,17,21,13,24,66,65,47
288,333,8103,瀚荃,電子零組件業,66,63,69,30,82,71,70,95,11,43,8,81,95,95,12,72,70,41,31,86,98,98,9,63,62,56,60
289,334,8213,志超,電子零組件業,98,98,95,9,73,49,38,31,15,42,97,48,48,82,96,10,71,6,32,25,47,41,55,53,64,39,52
290,335,8249,菱光,電子零組件業,93,93,92,12,50,67,54,97,22,5,65,83,86,48,66,68,30,39,17,65,83,90,12,65,68,35,56
291,336,1503,士電,電機機械,97,97,97,9,33,99,99,29,95,63,71,67,31,9,63,7,73,99,23,49,35,35,17,46,83,50,59
292,337,1504,東元,電機機械,89,91,87,23,71,47,63,33,55,97,45,7,23,7,53,21,99,31,63,33,25,23,11,29,67,64,48
293,338,1506,正道,電機機械,37,37,15,85,95,59,65,63,13,39,41,75,71,41,75,41,45,53,39,47,73,81,31,56,50,52,53
294,339,1513,中興電,電機機械,69,67,79,29,51,43,59,73,87,37,7,77,49,63,77,35,43,59,53,51,39,39,89,59,58,46,55
295,340,1514,亞力,電機機械,75,75,81,21,19,61,71,67,35,35,15,33,79,87,19,11,41,35,19,63,63,65,65,54,64,27,50
296,341,1515,力山,電機機械,9,15,31,77,49,7,7,15,39,33,43,17,11,45,41,31,97,57,45,13,9,9,27,24,24,52,35
297,342,1517,利奇,電機機械,13,9,25,71,35,37,37,87,75,31,17,21,97,65,17,71,39,9,71,61,93,73,57,60,32,43,46
298,343,1519,華城,電機機械,81,81,83,27,47,35,43,59,63,29,85,79,53,93,61,25,37,71,73,59,57,33,63,64,58,47,58
299,344,1526,日馳,電機機械,57,59,43,99,65,83,75,75,71,27,19,85,83,67,57,27,95,13,75,55,91,67,51,66,69,50,59
300,345,1527,鑽全,電機機械,35,41,45,57,15,27,19,69,7,25,21,23,35,85,85,19,35,61,17,57,69,79,21,50,37,29,43
301,346,1528,恩德,電機機械,73,79,57,49,21,79,69,13,37,23,67,15,13,49,39,77,33,49,67,9,11,11,23,26,68,45,41
302,347,1529,樂事綠能,電機機械,17,11,17,79,39,77,79,91,41,21,39,57,93,47,9,13,31,63,13,11,13,83,25,46,47,30,44
303,348,1530,亞崴,電機機械,39,39,61,59,37,67,35,53,11,19,37,73,39,51,73,79,29,73,41,45,71,77,35,51,50,46,50
304,349,1531,高林股,電機機械,67,69,59,41,63,65,41,27,69,17,47,51,17,43,59,93,27,21,9,21,15,13,43,37,57,38,41
305,350,1532,勤美,電機機械,71,73,73,43,93,57,51,37,61,93,83,55,29,39,55,33,25,29,15,53,23,21,37,45,61,48,47
306,351,1535,中宇,電機機械,95,95,99,7,31,71,83,93,23,77,53,59,95,83,67,17,23,67,33,65,77,93,77,71,75,41,62
307,352,1537,廣隆,電機機械,83,85,75,39,77,73,85,19,47,87,73,49,19,21,25,37,21,77,87,15,33,27,7,30,73,64,50
308,353,1538,正峰,電機機械,53,53,9,91,89,69,17,81,15,15,9,93,87,77,69,99,11,79,35,69,99,91,33,66,49,55,61
309,354,1539,巨庭,電機機械,15,17,11,97,59,89,89,83,27,13,51,91,85,89,7,89,19,17,29,71,75,95,79,68,53,38,53
310,355,1540,喬福,電機機械,33,27,27,65,13,91,91,99,79,9,23,99,99,73,13,91,17,41,93,73,89,99,59,73,56,44,62
311,356,1541,錩泰,電機機械,27,35,39,61,75,93,93,47,93,41,61,63,45,97,91,97,9,7,51,31,81,69,91,70,58,47,60
312,357,1558,伸興,電機機械,87,87,89,15,97,19,49,23,89,75,93,65,33,13,87,23,15,81,59,23,31,31,97,53,58,58,55
313,358,1560,中砂,電機機械,61,61,71,31,27,15,25,7,9,89,79,53,21,27,31,67,47,83,95,25,29,29,39,32,44,68,45
314,359,1583,程泰,電機機械,49,43,53,47,59,49,45,95,77,7,29,87,77,71,11,47,51,51,43,99,67,97,53,69,48,43,57
315,360,1589,永冠-KY,電機機械,43,51,51,53,57,11,67,21,85,95,77,47,9,19,65,15,49,65,61,19,7,7,47,37,46,57,43
316,361,1590,亞德客-KY,電機機械,45,49,49,51,41,9,21,9,19,99,49,13,15,25,29,43,71,69,21,7,17,15,19,20,37,57,37
317,362,1597,直得,電機機械,59,63,67,35,91,55,57,57,43,43,35,89,51,75,27,55,91,11,37,77,45,47,45,54,56,55,52
318,363,2049,上銀,電機機械,85,89,91,11,43,13,23,11,33,83,81,11,7,15,35,29,89,15,79,29,21,19,29,26,52,56,39
319,364,2371,大同,電機機械,63,65,65,37,67,23,53,17,53,47,95,71,27,23,21,81,7,85,83,43,27,25,9,37,51,62,50
320,365,3167,大量,電機機械,93,31,77,33,53,51,27,31,65,73,65,95,75,11,15,51,87,87,49,79,87,89,15,57,52,67,60
321,366,4526,東台,電機機械,47,45,55,45,17,17,13,97,97,67,27,83,65,59,71,9,85,37,57,81,61,63,93,72,37,45,56
322,367,4532,瑞智,電機機械,79,77,93,17,45,39,15,85,83,65,13,35,91,69,79,53,83,89,11,83,97,43,61,67,53,58,63
323,368,4540,全球傳動,電機機械,19,19,37,63,69,25,31,49,45,69,59,19,67,95,93,57,81,39,91,85,59,61,83,65,32,68,58
324,369,4552,力達-KY,電機機械,25,23,21,89,65,95,95,41,25,81,69,9,59,29,99,87,79,47,7,37,47,51,81,50,58,61,56
325,370,4555,氣立,電機機械,31,25,13,93,83,81,87,39,49,79,87,41,43,31,95,85,77,91,89,35,49,59,87,56,55,84,64
326,371,4560,強信-KY,電機機械,23,29,33,75,25,21,33,43,29,61,97,43,61,37,45,83,75,45,25,39,51,53,71,52,36,52,47
327,372,4562,穎漢,電機機械,21,21,29,83,99,29,9,51,21,59,57,29,73,81,49,59,93,93,85,87,85,87,75,63,32,81,61
328,373,4564,元翎,電機機械,29,33,35,67,81,31,11,35,57,57,63,37,89,53,23,75,53,19,47,27,41,41,13,44,34,55,44
329,374,4566,時碩工業,電機機械,77,83,63,55,55,85,77,71,59,55,91,27,55,35,81,95,69,33,27,89,53,55,85,64,73,56,64
330,375,4571,鈞興-KY,電機機械,51,55,47,69,23,87,81,61,31,85,99,45,63,33,47,73,67,95,81,91,55,57,69,59,65,71,65
331,376,4572,駐龍,電機機械,11,13,23,81,79,63,47,65,17,53,31,39,81,91,37,69,65,25,97,93,83,85,73,63,40,65,56
332,377,4576,大銀微系統,電機機械,91,93,85,19,61,53,55,55,51,71,55,31,47,79,33,49,63,55,55,95,43,45,67,55,66,59,58
333,378,4583,台灣精銳,電機機械,41,47,19,87,85,41,29,45,99,11,89,97,37,99,97,65,61,43,31,97,95,49,99,82,44,49,63
334,379,5288,豐祥-KY,電機機械,55,57,41,73,29,33,61,25,91,91,75,69,25,17,89,63,59,97,77,17,19,17,95,49,53,69,57
335,380,8222,寶一,電機機械,7,7,7,95,87,97,73,77,73,51,33,61,57,61,51,61,57,23,69,41,79,75,49,60,48,58,55
336,381,8374,羅昇,電機機械,99,99,95,13,65,75,97,89,81,49,25,25,69,57,83,39,55,27,65,75,65,71,55,63,80,50,60
337,382,8996,高力,電機機械,65,71,69,25,73,45,39,79,67,45,11,81,41,55,43,45,13,75,99,67,37,37,41,51,52,58,52
338,383,1603,華電,電器電纜,8,8,1,99,85,36,29,29,22,71,99,36,64,99,22,99,85,36,22,36,78,50,22,51,30,66,52
339,384,1604,聲寶,電器電纜,78,78,64,36,36,99,99,15,15,64,92,85,57,92,15,78,78,99,71,29,36,29,15,44,76,71,61
340,385,1605,華新,電器電纜,85,85,92,15,64,1,43,1,29,99,85,1,1,85,99,8,99,43,57,1,1,1,29,30,54,62,44
341,386,1608,華榮,電器電纜,57,57,57,29,50,57,50,57,57,57,78,71,71,78,29,71,71,57,8,50,8,8,36,49,51,52,52
342,387,1609,大亞,電器電纜,92,92,78,22,57,22,8,36,50,50,71,57,8,71,85,43,92,22,50,43,15,15,85,49,52,52,49
343,388,1611,中電,電器電纜,50,50,99,1,29,92,92,99,92,92,64,99,99,64,78,15,8,85,15,99,92,99,78,88,64,41,68
344,389,1612,宏泰,電器電纜,99,99,85,8,8,64,64,43,43,43,57,64,43,57,36,50,64,71,78,8,43,22,50,42,70,52,52
345,390,1614,三洋電,電器電纜,1,1,8,85,15,15,36,50,36,36,50,29,36,50,71,1,57,8,36,92,71,78,92,60,24,26,42
346,391,1615,大山,電器電纜,36,29,22,71,78,50,22,92,99,29,43,50,92,43,64,92,1,1,1,85,85,85,99,76,38,34,55
347,392,1616,億泰,電器電纜,15,15,15,92,43,85,85,85,64,22,36,8,85,36,92,64,50,50,99,78,50,43,43,56,51,55,56
348,393,1617,榮星,電器電纜,64,64,50,50,22,78,78,22,8,15,29,78,50,29,8,57,43,64,29,22,29,71,8,32,64,38,44
349,394,1618,合機,電器電纜,43,36,43,43,92,43,1,71,85,8,22,43,78,22,57,36,36,15,92,71,64,92,71,61,35,46,48
350,395,1626,艾美特-KY,電器電纜,29,43,29,78,71,8,57,8,1,85,15,92,15,15,1,29,29,78,64,15,99,57,1,29,41,59,39
351,396,4930,燦星網,電器電纜,71,71,71,57,99,71,71,64,71,78,8,22,29,8,50,85,22,29,85,57,22,36,57,39,69,66,51
352,397,5283,禾聯碩,電器電纜,22,22,36,64,43,29,15,78,78,1,1,15,22,1,43,22,15,92,43,64,57,64,64,44,31,36,39
353,398,1707,葡萄王,生技醫療業,63,66,75,3,87,36,30,0,24,93,99,15,9,33,33,0,93,0,39,48,0,0,27,26,46,52,38
354,399,1720,生達,生技醫療業,18,21,66,21,84,9,15,15,3,63,54,27,33,15,3,60,39,9,24,9,27,21,0,19,25,46,27
355,400,1731,美吾華,生技醫療業,12,15,15,72,69,51,45,54,15,33,48,63,87,93,15,0,33,6,27,6,18,72,15,44,35,28,38
356,401,1733,五鼎,生技醫療業,0,0,3,81,72,12,18,33,69,51,45,81,15,18,75,96,87,27,90,54,39,36,90,50,19,70,46
357,402,1734,杏輝,生技醫療業,0,0,0,93,75,0,24,18,63,27,72,30,30,21,78,3,30,75,36,36,30,27,87,45,20,41,37
358,403,1752,南光,生技醫療業,0,0,0,99,0,9,6,21,0,24,93,12,27,24,0,57,27,36,84,42,33,33,0,26,19,38,28
359,404,1760,寶齡富錦,生技醫療業,48,48,63,45,96,24,21,63,66,39,24,78,93,87,81,45,24,60,54,87,96,60,84,74,42,53,58
360,405,1762,中化生,生技醫療業,69,69,87,0,15,39,54,42,60,48,21,18,18,84,66,63,21,12,30,0,24,3,66,37,53,32,38
361,406,1783,和康生,生技醫療業,30,33,6,87,78,45,39,81,75,54,18,84,66,63,90,54,18,0,78,81,66,63,60,68,40,47,51
362,407,1786,科妍,生技醫療業,45,45,21,66,33,48,36,45,0,3,33,66,45,81,0,27,36,54,45,72,48,45,9,40,44,33,38
363,408,1789,神隆,生技醫療業,60,51,72,15,54,3,3,9,9,84,96,21,6,27,9,0,15,18,57,0,21,0,3,18,34,38,26
364,409,1795,美時,生技醫療業,75,54,96,12,63,33,27,27,42,96,87,0,21,30,60,36,9,45,0,15,36,30,30,34,50,42,40
365,410,3164,景岳,生技醫療業,3,3,0,69,3,54,48,57,12,57,0,60,57,75,12,33,6,78,0,75,84,39,12,44,30,30,41
366,411,3705,永信,生技醫療業,90,90,60,27,45,42,51,87,57,45,42,39,81,39,72,18,3,63,75,63,57,66,78,62,60,42,53
367,412,4104,佳醫,生技醫療業,72,72,78,9,51,60,42,72,90,42,12,87,96,69,96,21,3,81,69,78,87,75,96,78,56,44,62
368,413,4106,雃博,生技醫療業,42,42,51,39,12,6,0,90,84,75,27,51,75,42,36,24,96,57,0,57,45,42,36,53,30,44,44
369,414,4108,懷特,生技醫療業,81,81,36,51,60,63,60,60,18,0,0,69,60,66,18,0,3,30,93,84,90,87,18,52,62,31,49
370,415,4119,旭富,生技醫療業,21,12,33,36,9,66,63,48,0,0,51,90,63,72,0,69,12,39,63,0,9,0,6,31,38,32,33
371,416,4133,亞諾法,生技醫療業,15,9,9,75,81,99,99,96,51,0,0,42,78,36,39,90,42,15,0,60,60,90,42,54,51,38,48
372,417,4137,麗豐-KY,生技醫療業,39,39,69,24,30,72,69,69,93,90,3,72,69,90,87,72,99,0,99,93,93,57,93,74,52,65,62
373,418,4142,國光生,生技醫療業,33,36,12,63,24,15,9,12,6,87,75,24,12,12,6,9,45,21,33,12,42,18,0,20,28,36,29
374,419,4148,全宇生技-KY,生技醫療業,9,18,24,48,21,21,12,24,48,6,39,96,90,57,69,30,75,66,60,0,12,24,48,46,22,43,41
375,420,4155,訊映,生技醫療業,6,6,39,42,99,75,72,84,87,9,36,93,84,54,93,15,84,3,42,3,15,69,51,61,40,42,50
376,421,4164,承業醫,生技醫療業,87,87,93,0,0,18,0,99,45,66,6,54,99,48,63,75,72,87,51,69,75,93,75,66,48,58,61
377,422,4190,佐登-KY,生技醫療業,84,84,54,33,0,78,75,93,54,12,9,48,72,51,42,93,69,69,72,66,72,84,45,58,68,52,59
378,423,4736,泰博,生技醫療業,27,27,18,78,0,81,78,66,96,18,15,99,54,99,84,78,81,90,9,96,81,96,81,79,52,46,65
379,424,4737,華廣,生技醫療業,0,0,0,96,48,27,33,51,0,15,84,75,42,45,0,81,78,42,96,33,78,81,0,44,26,60,46
380,425,4746,台耀,生技醫療業,66,75,90,0,27,0,0,0,21,69,78,33,0,60,21,51,0,99,21,27,6,6,21,25,38,44,36
381,426,6431,光麗-KY,生技醫療業,96,96,81,18,57,84,81,36,33,21,60,0,36,3,27,12,63,72,81,45,63,54,33,35,76,51,51
382,427,6446,藥華藥,生技醫療業,99,99,99,0,93,87,84,75,78,99,30,36,48,96,24,6,66,24,12,51,69,78,24,55,78,50,59
383,428,6472,保瑞,生技醫療業,78,78,30,90,39,30,87,30,27,72,90,0,24,0,30,84,60,84,18,39,51,48,63,37,66,60,52
384,429,6491,晶碩,生技醫療業,24,24,57,30,36,0,0,0,99,81,81,57,0,6,99,39,57,51,6,18,0,0,99,42,22,45,39
385,430,6541,泰福-KY,生技醫療業,57,63,45,54,6,90,90,3,39,30,63,6,3,0,57,42,54,48,15,21,0,12,72,25,66,32,39
386,431,6550,北極星藥業-KY,生技醫療業,54,60,48,57,66,93,93,0,36,0,66,3,0,0,54,87,51,93,3,24,0,9,69,24,68,50,46
387,432,6598,ABC-KY,生技醫療業,51,57,42,60,42,96,96,6,81,78,69,0,0,0,51,99,48,96,87,30,3,15,57,28,67,75,52
388,433,6666,羅麗芬-KY,生技醫療業,93,93,84,6,90,69,66,78,72,36,0,45,51,78,45,48,90,0,48,90,54,51,39,55,68,52,55
389,434,6796,晉弘,生技醫療業,36,30,27,84,18,57,57,39,30,60,57,9,39,9,48,66,3,33,66,99,99,99,54,53,48,41,47
390,435,1708,東鹼,化學工業,63,67,71,11,95,99,99,11,3,35,75,27,55,3,19,3,47,99,3,99,27,31,11,33,68,47,48
391,436,1709,和益,化學工業,99,99,99,0,39,67,95,39,27,23,7,3,15,75,11,0,95,51,0,79,75,67,51,41,76,35,49
392,437,1710,東聯,化學工業,87,83,83,3,3,31,19,0,87,91,99,15,0,15,91,0,3,59,27,75,43,43,99,52,51,30,45
393,438,1711,永光,化學工業,15,23,35,39,39,23,51,7,7,67,71,35,0,7,15,0,3,63,87,0,0,0,15,14,31,43,27
394,439,1712,興農,化學工業,19,27,23,71,55,27,43,15,11,87,95,55,27,11,27,15,7,27,83,63,19,15,35,34,35,46,37
395,440,1713,國化,化學工業,43,43,39,43,87,71,83,47,0,0,91,63,75,71,0,99,11,0,79,23,7,71,0,41,54,46,42
396,441,1714,和桐,化學工業,23,11,43,75,91,63,79,79,75,0,11,43,71,27,59,19,15,47,75,87,83,79,75,63,49,41,52
397,442,1717,長興,化學工業,79,75,79,19,51,39,55,3,63,83,63,19,7,0,67,11,19,11,11,0,0,0,43,24,58,31,36
398,443,1718,中纖,化學工業,0,0,3,87,79,43,35,0,47,3,67,0,31,0,47,23,23,83,19,71,0,0,47,28,28,38,34
399,444,1721,三晃,化學工業,3,3,11,51,71,3,7,35,35,7,15,39,19,67,35,95,27,15,0,31,15,7,39,31,13,36,30
400,445,1722,台肥,化學工業,91,91,95,0,47,35,0,0,15,11,0,0,3,0,55,27,31,7,7,35,67,55,87,29,52,22,34
401,446,1723,中碳,化學工業,95,95,91,0,15,75,63,31,0,79,19,23,0,79,0,31,35,31,31,19,11,75,0,23,70,37,39
402,447,1725,元禎,化學工業,35,19,31,79,35,83,59,95,79,15,79,95,99,31,87,79,39,23,55,51,71,95,79,78,51,41,62
403,448,1726,永記,化學工業,7,15,27,59,11,0,3,55,31,19,35,7,67,63,83,91,43,19,15,7,47,23,31,41,18,33,35
404,449,1727,中華化,化學工業,0,0,0,95,83,87,67,99,99,71,27,79,39,35,79,7,99,55,99,27,55,39,63,58,42,69,55
405,450,1730,花仙子,化學工業,75,79,59,47,95,91,75,75,39,27,31,59,91,23,71,67,51,0,23,67,87,83,3,57,71,44,53
406,451,1732,毛寶,化學工業,0,0,0,99,99,95,87,71,19,31,3,91,95,95,39,71,55,0,95,91,59,51,19,58,47,58,51
407,452,1735,日勝化,化學工業,11,7,7,91,63,0,91,67,59,59,39,71,63,43,63,39,59,71,51,59,51,47,55,56,34,57,53
408,453,1773,勝一,化學工業,83,87,87,7,23,11,15,27,67,39,43,11,51,91,75,43,63,67,0,95,31,35,71,54,48,39,45
409,454,1776,展宇,化學工業,27,31,0,83,7,19,0,91,51,43,47,83,87,47,23,47,67,39,59,43,63,59,23,56,27,44,45
410,455,4720,德淵,化學工業,39,35,15,67,75,51,31,83,55,63,0,87,79,51,43,63,0,79,63,47,91,87,59,62,40,57,56
411,456,4722,國精化,化學工業,59,59,55,23,31,59,39,43,0,47,51,47,59,99,0,51,71,43,67,39,3,3,0,31,49,52,44
412,457,4739,康普,化學工業,67,63,47,55,59,47,27,63,71,75,55,75,43,55,99,55,75,87,47,11,35,63,7,52,51,66,56
413,458,4755,三福化,化學工業,55,51,75,15,0,55,47,23,91,51,83,51,23,87,95,59,79,91,35,0,79,27,95,59,50,52,56
414,459,4763,材料-KY,化學工業,51,55,63,27,19,0,0,19,83,95,87,31,11,83,7,83,83,95,71,15,39,19,91,44,33,74,51
415,460,4764,雙鍵,化學工業,31,39,19,63,67,79,71,87,43,55,59,99,83,59,51,87,87,3,91,55,99,99,83,74,50,65,62
416,461,4766,南寶,化學工業,47,47,51,35,27,15,23,51,95,99,23,67,47,19,31,75,91,75,39,3,23,11,27,36,36,68,44
417,462,4770,上品,化學工業,71,71,67,31,43,7,11,59,23,0,0,0,35,39,3,35,3,35,43,83,95,91,67,45,43,26,37
418,463,1802,台玻,玻璃陶瓷,39,39,79,19,79,19,19,19,39,59,99,19,19,99,79,19,79,79,59,19,19,19,39,43,36,62,49
419,464,1806,冠軍,玻璃陶瓷,19,19,19,79,19,39,59,59,99,99,79,39,39,79,99,99,59,19,99,99,39,39,99,70,39,66,62
420,465,1809,中釉,玻璃陶瓷,79,79,59,99,39,99,99,79,79,39,59,79,79,59,59,39,39,59,79,79,79,79,79,74,86,49,69
421,466,1810,和成,玻璃陶瓷,59,59,39,59,59,59,39,39,19,19,39,59,59,39,39,79,19,99,19,39,59,59,19,43,52,49,49
422,467,1817,凱撒衛,玻璃陶瓷,99,99,99,39,99,79,79,99,59,79,19,99,99,19,19,59,99,39,39,59,99,99,59,66,82,69,67
423,468,1903,士紙,造紙工業,57,57,15,99,85,99,99,43,43,29,43,71,71,85,43,85,85,29,29,57,71,71,85,62,71,57,64
424,469,1904,正隆,造紙工業,71,71,99,15,29,43,71,99,71,57,99,29,29,15,71,57,71,71,99,99,29,29,15,53,62,64,59
425,470,1905,華紙,造紙工業,29,15,57,71,57,71,57,29,15,99,29,57,43,99,15,43,57,99,85,85,43,43,71,48,50,73,57
426,471,1906,寶隆,造紙工業,85,85,29,29,15,85,85,71,85,15,85,43,57,71,85,99,15,57,15,43,57,57,57,65,66,36,59
427,472,1907,永豐餘,造紙工業,99,99,71,43,71,15,29,15,57,85,15,15,15,57,57,29,99,43,43,15,15,15,99,34,59,62,47
428,473,1909,榮成,造紙工業,15,29,43,85,43,57,43,57,99,43,57,85,99,43,99,15,43,85,57,29,85,85,43,71,45,48,58
429,474,6790,永豐實,造紙工業,43,43,85,57,99,29,15,85,29,71,71,99,85,29,29,71,29,15,71,71,99,99,29,66,45,59,55
430,475,2002,中鋼,鋼鐵工業,99,99,99,9,21,42,72,9,30,99,99,9,9,9,9,12,96,63,75,60,9,9,18,25,70,61,47
431,476,2006,東和鋼鐵,鋼鐵工業,81,81,84,24,45,18,42,12,51,84,96,15,12,12,36,15,51,99,84,9,15,15,51,29,55,63,46
432,477,2007,燁興,鋼鐵工業,36,27,33,66,33,45,48,39,15,33,12,30,33,24,69,66,15,96,27,39,33,33,15,31,42,45,39
433,478,2008,高興昌,鋼鐵工業,12,15,9,99,60,57,45,81,54,24,93,93,78,93,48,33,18,48,48,93,75,84,84,80,40,38,58
434,479,2009,第一銅,鋼鐵工業,30,33,45,51,30,39,21,36,45,18,90,54,42,39,12,69,21,33,18,33,78,66,57,50,36,32,42
435,480,2010,春源,鋼鐵工業,39,36,57,60,48,12,18,54,90,12,15,69,60,63,96,18,24,69,30,87,27,27,78,61,37,34,48
436,481,2012,春雨,鋼鐵工業,51,57,30,81,69,30,39,96,18,69,42,39,45,69,93,60,27,42,54,21,48,30,21,47,48,54,48
437,482,2013,中鋼構,鋼鐵工業,93,93,93,18,18,84,78,75,75,72,45,90,75,90,87,21,30,66,60,81,60,69,90,76,76,44,65
438,483,2014,中鴻,鋼鐵工業,90,90,90,12,27,72,69,18,78,96,84,18,21,18,75,78,33,36,72,15,18,18,69,39,70,57,51
439,484,2015,豐興,鋼鐵工業,84,84,81,27,81,9,15,15,48,93,81,12,15,15,27,9,36,81,39,12,12,12,39,26,50,56,42
440,485,2017,官田鋼,鋼鐵工業,9,12,24,96,75,21,9,42,36,78,18,72,51,36,60,24,12,60,15,75,39,39,72,49,28,44,42
441,486,2020,美亞,鋼鐵工業,66,54,63,39,84,33,27,87,42,81,48,84,93,84,51,36,39,57,42,48,90,78,54,69,47,56,59
442,487,2022,聚亨,鋼鐵工業,24,30,15,90,57,54,33,78,72,15,51,81,54,87,57,99,42,27,24,72,45,45,93,67,41,44,56
443,488,2023,燁輝,鋼鐵工業,72,66,60,42,24,75,75,27,87,90,78,24,27,51,72,84,45,75,57,57,42,42,96,55,65,62,59
444,489,2024,志聯,鋼鐵工業,27,24,27,78,90,78,81,30,39,21,27,60,81,48,18,87,48,12,96,30,81,63,63,49,52,59,51
445,490,2025,千興,鋼鐵工業,21,9,18,75,81,99,99,66,93,9,54,45,72,96,99,96,9,15,99,51,69,75,99,74,54,52,62
446,491,2027,大成鋼,鋼鐵工業,96,96,96,15,78,69,66,51,99,27,24,75,48,54,45,27,93,24,21,78,51,48,75,59,73,45,57
447,492,2028,威致,鋼鐵工業,69,63,72,33,93,27,24,21,84,30,75,21,18,45,81,93,57,18,12,18,21,21,30,40,48,50,45
448,493,2029,盛餘,鋼鐵工業,87,87,87,21,42,87,87,24,81,87,72,33,30,42,90,30,60,78,66,63,54,54,24,52,76,60,62
449,494,2030,彰源,鋼鐵工業,48,48,54,84,15,90,90,48,9,36,21,36,36,72,39,75,63,84,78,36,36,72,9,38,69,58,51
450,495,2031,新光鋼,鋼鐵工業,78,78,78,36,63,63,51,84,33,39,60,66,87,81,42,57,66,87,69,84,96,96,36,70,64,64,66
451,496,2032,新鋼,鋼鐵工業,18,21,21,87,54,36,12,69,63,42,87,57,63,33,84,48,69,45,33,42,57,51,81,62,32,48,53
452,497,2033,佳大,鋼鐵工業,15,18,12,93,87,93,93,33,69,45,33,48,57,30,21,81,72,21,9,27,84,60,66,48,54,52,51
453,498,2034,允強,鋼鐵工業,63,72,66,48,72,24,36,45,66,48,9,63,39,21,78,54,99,54,87,54,63,57,87,53,52,69,57
454,499,2038,海光,鋼鐵工業,33,42,36,72,36,96,96,57,12,51,30,27,24,27,30,42,75,90,51,24,24,24,12,26,62,58,48
455,500,2069,運錩,鋼鐵工業,60,69,69,45,96,48,63,93,60,54,63,87,90,75,63,63,78,39,63,90,99,99,48,79,59,66,69
456,501,2211,長榮鋼,鋼鐵工業,75,75,75,30,66,51,57,63,27,57,66,51,66,60,15,72,81,9,90,96,30,36,27,49,60,62,54
457,502,3004,豐達科,鋼鐵工業,57,60,42,69,69,66,60,60,21,60,36,96,96,57,24,51,84,93,93,45,66,90,33,57,59,75,63
458,503,5007,三星,鋼鐵工業,42,39,51,54,51,15,30,99,96,63,69,42,69,78,66,45,87,51,36,66,72,81,60,73,38,56,60
459,504,5538,東明-KY,鋼鐵工業,54,51,48,57,99,81,84,72,24,66,57,99,99,99,33,90,90,30,45,69,87,87,42,70,62,70,68
460,505,9958,世紀鋼,鋼鐵工業,45,45,39,63,39,60,54,90,57,75,39,78,84,66,54,39,54,72,81,99,93,93,45,73,51,60,61
461,506,2062,橋椿,居家生活,27,27,18,81,90,27,27,27,90,45,99,18,27,99,9,72,90,18,45,9,18,18,90,46,34,60,47
462,507,3557,嘉威,居家生活,99,99,72,36,63,99,99,9,81,36,90,81,9,90,90,90,9,36,54,18,27,27,81,55,84,48,61
463,508,6671,三能-KY,居家生活,81,81,90,27,99,45,45,18,18,81,81,90,18,81,27,45,81,54,27,45,54,54,72,51,62,64,57
464,509,6754,匯僑設計,居家生活,45,45,63,45,72,81,54,90,72,27,72,72,90,72,81,63,72,9,99,72,81,81,63,77,56,57,63
465,510,6807,峰源-KY,居家生活,72,72,81,18,54,9,9,54,63,9,63,63,81,63,72,36,99,99,90,36,45,45,54,58,44,64,57
466,511,8464,億豐,居家生活,90,90,99,9,27,72,36,81,54,99,54,54,72,54,63,27,63,90,81,63,72,72,45,62,66,64,64
467,512,8482,商億-KY,居家生活,63,63,54,54,9,18,18,45,45,90,45,27,63,45,54,99,54,45,63,27,36,36,36,42,45,60,46
468,513,9911,櫻花,居家生活,36,36,45,63,36,54,72,99,36,72,36,99,99,36,45,18,45,81,36,54,63,63,27,60,51,48,54
469,514,9924,福興,居家生活,18,18,27,99,45,36,81,36,9,63,27,45,36,27,18,9,36,63,9,81,90,90,9,43,46,38,41
470,515,9934,成霖,居家生活,54,54,36,72,81,90,90,72,27,54,18,36,54,18,36,81,27,27,18,99,99,99,18,52,66,48,55
471,516,9935,慶豐富,居家生活,9,9,9,90,18,63,63,63,99,18,9,9,45,9,99,54,18,72,72,90,9,9,99,49,40,42,48
472,517,2101,南港,橡膠工業,63,63,54,54,27,9,9,72,90,72,81,45,45,99,27,63,90,9,18,99,90,27,36,65,42,46,53
473,518,2102,泰豐,橡膠工業,45,9,18,90,54,45,18,81,27,63,72,72,72,90,18,54,81,54,36,90,54,81,18,61,38,57,56
474,519,2103,台橡,橡膠工業,72,72,81,18,81,36,54,9,36,99,99,18,9,81,45,90,72,45,99,9,18,9,9,31,56,81,51
475,520,2104,國際中橡,橡膠工業,81,81,72,72,99,54,36,18,9,90,9,9,81,72,9,81,63,99,27,81,36,63,90,43,66,76,60
476,521,2105,正新,橡膠工業,54,54,63,36,18,18,63,27,63,81,63,27,18,63,54,27,54,18,90,36,9,18,81,42,48,48,45
477,522,2106,建大,橡膠工業,18,27,45,45,63,27,45,45,72,54,54,36,36,54,36,18,45,63,54,45,72,36,63,50,34,50,46
478,523,2107,厚生,橡膠工業,27,36,36,63,45,99,99,90,18,45,45,81,90,45,72,45,36,90,81,72,99,99,54,70,60,57,64
479,524,2108,南帝,橡膠工業,99,99,99,9,36,90,90,36,81,36,90,99,27,36,81,9,99,27,45,18,27,45,72,56,81,42,56
480,525,2109,華豐,橡膠工業,9,18,27,99,9,81,81,63,45,9,36,54,63,27,99,99,9,81,9,63,81,54,45,57,52,36,54
481,526,2114,鑫永銓,橡膠工業,36,45,9,81,90,63,27,99,54,27,27,90,99,18,63,36,27,72,72,54,63,90,27,62,44,54,54
482,527,6582,申豐,橡膠工業,90,90,90,27,72,72,72,54,99,18,18,63,54,9,90,72,18,36,63,27,45,72,99,57,74,46,56
483,528,2208,台船,航運業,47,47,51,47,23,31,55,15,7,31,11,47,27,19,27,7,87,71,15,7,7,11,7,17,46,39,33
484,529,2603,長榮,航運業,99,99,99,7,47,51,63,39,15,47,19,7,15,7,99,51,83,47,87,23,15,71,15,30,70,60,46
485,530,2605,新興,航運業,71,75,75,23,15,91,99,23,19,43,35,43,99,83,87,75,23,35,11,27,19,95,19,50,72,34,53
486,531,2606,裕民,航運業,79,71,79,27,71,67,71,99,51,79,39,27,67,99,39,19,27,87,71,31,31,99,39,56,66,59,59
487,532,2607,榮運,航運業,35,31,35,55,67,39,31,19,39,11,71,67,23,31,31,59,31,51,95,11,51,15,59,38,38,52,42
488,533,2608,嘉里大榮,航運業,23,23,23,79,39,11,15,31,47,71,43,55,19,87,35,47,35,7,67,63,63,31,47,47,29,44,43
489,534,2609,陽明,航運業,95,95,95,11,75,35,47,55,27,99,7,23,47,71,19,23,39,75,35,51,43,67,27,40,63,58,52
490,535,2610,華航,航運業,67,63,83,31,79,15,27,43,79,63,23,11,31,11,75,15,43,27,19,55,11,35,51,39,48,41,40
491,536,2611,志信,航運業,19,11,11,95,31,99,83,83,83,15,47,63,63,35,91,79,47,79,59,59,95,63,87,70,53,52,62
492,537,2612,中航,航運業,63,67,71,35,19,59,43,79,91,87,51,35,87,39,7,83,11,83,39,71,71,83,63,62,56,54,60
493,538,2613,中櫃,航運業,11,19,7,87,11,43,23,63,71,55,31,87,51,43,47,55,15,55,55,75,75,55,75,61,32,41,49
494,539,2614,東森,航運業,59,59,59,43,91,71,59,75,59,19,63,99,43,63,59,91,51,99,83,99,91,39,71,69,58,72,69
495,540,2615,萬海,航運業,87,87,91,15,51,55,19,59,35,91,15,15,35,27,11,87,55,11,23,47,39,47,35,33,59,53,46
496,541,2617,台航,航運業,51,55,67,39,63,75,51,91,87,23,87,71,55,67,67,71,59,39,79,15,47,79,95,69,56,56,62
497,542,2618,長榮航,航運業,55,51,63,71,87,27,67,35,95,39,91,19,39,95,71,67,63,43,99,43,35,75,91,63,56,66,61
498,543,2630,亞航,航運業,15,15,19,83,27,47,39,51,55,27,27,91,95,51,83,27,91,67,31,83,83,87,67,70,36,45,55
499,544,2633,台灣高鐵,航運業,31,35,43,63,43,63,75,11,11,83,67,95,11,55,23,11,95,31,47,39,27,7,11,32,52,52,41
500,545,2634,漢翔,航運業,43,43,39,67,59,23,35,7,31,59,75,83,7,75,51,35,67,63,27,19,59,23,55,44,42,52,48
501,546,2636,台驊控股,航運業,83,83,27,99,35,95,87,27,23,75,79,51,91,79,15,43,71,91,75,35,23,19,23,42,79,65,58
502,547,2637,慧洋-KY,航運業,39,39,47,59,95,79,91,95,99,95,95,59,75,23,95,63,99,15,91,87,87,43,99,78,59,76,68
503,548,2642,宅配通,航運業,7,7,15,91,55,19,7,47,63,51,59,75,59,59,55,39,75,19,51,91,99,51,79,67,24,48,48
504,549,5607,遠雄港,航運業,91,91,55,51,99,83,95,87,67,35,99,39,79,15,79,99,7,95,7,95,55,27,43,62,78,57,67
505,550,5608,四維航,航運業,75,79,87,19,71,87,79,71,43,67,83,31,83,91,63,95,79,23,63,79,79,59,31,65,71,66,65
506,551,8367,建新國際,航運業,27,27,31,75,83,27,11,67,75,7,55,79,71,47,43,31,19,59,43,67,67,91,83,68,33,40,49
507,552,2301,光寶科,電腦及週邊設備業,75,73,85,0,45,0,31,0,15,73,0,0,0,0,11,5,99,99,33,0,3,0,21,5,44,59,33
508,553,2305,全友,電腦及週邊設備業,0,0,1,81,51,47,55,71,93,1,67,99,83,51,71,9,35,33,1,77,85,85,55,76,31,22,51
509,554,2324,仁寶,電腦及週邊設備業,55,53,77,5,27,0,0,0,75,93,0,0,0,11,63,0,31,55,13,0,0,0,77,21,32,36,31
510,555,2331,精英,電腦及週邊設備業,23,29,37,51,75,1,0,17,13,19,97,59,15,0,97,29,0,65,11,81,43,49,19,45,24,33,37
511,556,2352,佳世達,電腦及週邊設備業,83,83,91,0,9,49,49,7,0,69,93,15,3,41,0,35,29,47,71,3,7,5,13,17,59,43,35
512,557,2353,宏碁,電腦及週邊設備業,89,89,97,0,73,5,47,27,85,91,0,5,31,0,73,47,79,9,5,55,69,19,81,40,54,51,44
513,558,2356,英業達,電腦及週邊設備業,35,35,45,45,5,0,17,0,0,97,1,0,5,1,0,15,27,63,37,0,0,0,0,1,30,41,20
514,559,2357,華碩,電腦及週邊設備業,85,85,95,0,47,15,35,31,7,67,91,69,23,0,25,0,25,59,67,27,23,35,0,30,52,44,40
515,560,2362,藍天,電腦及週邊設備業,69,69,73,3,59,35,11,47,27,65,59,1,0,99,0,37,23,23,49,99,33,41,67,43,43,43,41
516,561,2364,倫飛,電腦及週邊設備業,3,5,0,85,67,55,45,77,63,17,27,29,67,55,31,1,21,57,0,91,59,69,51,56,32,27,45
517,562,2365,昆盈,電腦及週邊設備業,29,17,11,69,85,51,43,49,39,15,87,53,59,0,83,33,19,49,0,65,99,97,45,61,37,34,49
518,563,2376,技嘉,電腦及週邊設備業,99,99,87,11,65,19,37,21,77,45,25,23,17,0,53,9,17,53,53,11,9,9,47,27,59,40,38
519,564,2377,微星,電腦及週邊設備業,87,87,93,0,53,13,21,35,87,13,81,39,35,43,77,0,15,45,97,53,71,29,87,58,50,37,47
520,565,2380,虹光,電腦及週邊設備業,11,3,21,59,0,33,5,67,89,11,85,63,79,61,79,41,95,51,15,23,45,51,89,66,22,36,46
521,566,2382,廣達,電腦及週邊設備業,77,77,83,0,1,0,0,0,17,95,0,0,0,13,19,91,33,61,43,0,0,0,49,9,40,54,33
522,567,2387,精元,電腦及週邊設備業,13,11,7,77,0,53,51,53,37,9,45,31,63,5,85,43,1,0,45,45,57,65,57,49,35,16,38
523,568,2395,研華,電腦及週邊設備業,65,65,67,15,55,0,53,15,45,99,41,9,19,23,37,45,11,27,0,29,17,17,0,23,44,40,31
524,569,2397,友通,電腦及週邊設備業,5,7,17,75,89,57,57,45,65,7,65,35,51,67,43,49,9,73,83,39,53,61,71,54,36,52,48
525,570,2399,映泰,電腦及週邊設備業,59,63,53,39,83,59,59,99,67,5,23,87,71,85,65,51,7,17,85,51,75,75,69,70,55,41,58
526,571,2405,輔信,電腦及週邊設備業,43,41,49,29,23,21,0,81,53,21,21,49,87,93,27,53,5,0,63,73,93,93,15,62,30,28,41
527,572,2417,圓剛,電腦及週邊設備業,21,21,47,23,63,63,63,75,97,47,19,95,85,65,67,39,3,77,57,67,67,73,85,72,40,48,56
528,573,2425,承啟,電腦及週邊設備業,39,27,0,73,93,83,83,25,35,23,43,37,27,7,87,95,0,69,0,69,65,77,25,45,51,47,50
529,574,2465,麗臺,電腦及週邊設備業,1,1,15,71,79,23,0,91,55,1,15,81,73,91,59,73,3,79,87,63,97,95,23,68,18,54,54
530,575,2495,普安,電腦及週邊設備業,7,9,25,57,17,97,97,59,61,1,3,33,53,89,33,85,89,81,89,43,61,67,53,50,49,60,52
531,576,3002,歐格,電腦及週邊設備業,17,23,29,35,95,95,95,93,49,1,5,85,99,87,61,0,91,7,41,47,41,89,65,66,49,39,53
532,577,3005,神基,電腦及週邊設備業,73,75,89,0,37,0,23,1,0,79,39,0,0,9,0,93,3,83,3,0,1,1,0,5,43,50,28
533,578,3013,晟銘電,電腦及週邊設備業,27,19,23,43,87,0,3,3,0,1,31,17,13,33,0,83,3,0,0,15,0,3,37,14,19,29,21
534,579,3017,奇鋐,電腦及週邊設備業,47,43,39,37,33,0,27,0,0,55,95,7,1,3,7,0,93,85,91,5,19,13,1,14,32,60,34
535,580,3022,威強電,電腦及週邊設備業,37,39,13,49,57,93,93,19,11,1,53,11,25,0,21,81,3,11,93,7,5,7,3,15,54,41,30
536,581,3046,建碁,電腦及週邊設備業,41,45,59,1,31,99,99,97,91,25,0,97,97,83,75,57,37,13,29,49,39,87,99,74,57,32,56
537,582,3057,喬鼎,電腦及週邊設備業,53,51,71,9,29,89,89,79,43,1,11,83,75,79,13,89,87,87,27,75,89,27,7,53,60,53,57
538,583,3060,銘異,電腦及週邊設備業,0,0,0,91,39,87,87,37,21,1,0,71,37,19,15,75,51,25,0,97,0,0,0,27,44,32,35
539,584,3231,緯創,電腦及週邊設備業,71,71,79,0,35,0,25,0,51,87,0,0,0,0,45,25,97,31,75,0,0,0,35,12,41,58,30
540,585,3416,融程電,電腦及週邊設備業,0,0,5,83,49,27,0,95,69,81,17,79,81,77,49,59,0,89,81,41,31,37,73,59,19,60,49
541,586,3494,誠研,電腦及週邊設備業,0,0,0,99,41,85,85,61,83,1,57,61,57,75,93,99,73,5,0,59,79,59,61,68,45,36,51
542,587,3515,華擎,電腦及週邊設備業,95,93,99,0,91,81,81,83,19,75,99,89,77,73,69,71,71,91,0,71,91,81,79,76,75,66,69
543,588,3652,精聯,電腦及週邊設備業,15,15,9,63,55,25,0,87,71,0,13,51,89,71,55,27,69,37,21,89,83,83,17,64,21,35,44
544,589,3701,大眾控,電腦及週邊設備業,97,95,31,61,13,65,65,11,41,63,89,25,21,27,35,69,65,93,95,13,13,25,39,31,69,66,52
545,590,3706,神達,電腦及週邊設備業,91,91,65,13,69,45,39,9,31,41,61,21,11,25,23,3,63,95,59,19,15,11,33,24,57,55,43
546,591,3712,永崴投控,電腦及週邊設備業,93,97,41,41,77,79,79,23,25,27,55,77,93,97,51,23,75,39,61,61,73,99,27,62,72,50,61
547,592,4916,事欣科,電腦及週邊設備業,79,79,0,79,99,77,77,0,73,31,0,0,0,37,57,67,61,0,47,0,0,0,43,19,65,51,39
548,593,4938,和碩,電腦及週邊設備業,67,59,75,17,19,7,33,0,57,89,29,0,0,31,39,0,57,43,35,0,0,0,31,17,43,40,32
549,594,5215,科嘉-KY,電腦及週邊設備業,31,25,43,53,81,3,13,0,29,33,51,0,0,39,9,17,55,67,19,0,0,0,9,12,28,45,29
550,595,5258,虹堡,電腦及週邊設備業,0,0,3,87,0,75,75,43,33,57,49,27,43,35,17,65,53,97,39,93,35,39,11,39,40,52,45
551,596,6117,迎廣,電腦及週邊設備業,0,0,0,95,61,11,0,41,9,37,63,19,39,81,3,63,39,0,77,57,77,47,5,40,18,46,37
552,597,6128,上福,電腦及週邊設備業,0,0,0,97,11,31,7,55,99,39,79,91,65,69,99,11,0,0,17,83,27,33,97,72,22,13,42
553,598,6166,凌華,電腦及週邊設備業,49,49,55,19,45,43,41,65,79,51,77,41,45,95,91,31,49,0,23,33,87,79,95,72,43,33,52
554,599,6206,飛捷,電腦及週邊設備業,9,13,27,67,71,73,73,69,5,49,73,65,61,45,89,61,47,21,0,85,51,57,93,63,44,42,52
555,600,6230,尼得科超眾,電腦及週邊設備業,0,0,0,93,21,9,0,73,81,35,69,47,47,63,47,87,0,15,7,95,49,55,83,64,17,28,43
556,601,6235,華孚,電腦及週邊設備業,61,67,33,65,43,71,71,57,59,29,35,55,49,59,41,19,45,35,31,37,55,63,0,46,61,34,46
557,602,6277,宏正,電腦及週邊設備業,45,47,57,27,13,41,29,51,47,83,75,57,55,57,29,7,43,41,9,87,47,53,63,56,41,33,45
558,603,6414,樺漢,電腦及週邊設備業,63,61,61,7,13,69,69,89,0,77,7,93,91,53,0,77,41,19,79,35,81,45,0,45,55,51,49
559,604,6579,研揚,電腦及週邊設備業,19,31,35,47,7,29,1,85,0,59,9,67,95,49,0,0,59,75,25,31,63,71,0,43,27,38,38
560,605,6591,動力-KY,電腦及週邊設備業,25,33,51,33,0,67,67,39,0,53,33,73,41,21,0,79,77,71,69,21,37,43,0,28,46,58,41
561,606,6669,緯穎,電腦及週邊設備業,33,37,69,21,39,17,15,33,3,43,83,75,33,15,81,21,81,3,73,17,29,31,59,42,32,43,38
562,607,8114,振樺電,電腦及週邊設備業,0,0,0,89,97,39,9,63,0,71,71,45,69,47,0,13,67,1,55,79,95,91,75,58,23,51,45
563,608,8163,達方,電腦及週邊設備業,51,55,63,25,25,37,19,5,1,61,47,3,7,29,1,9,83,29,51,1,25,23,29,16,42,43,30
564,609,8210,勤誠,電腦及週邊設備業,81,81,81,31,15,91,91,29,95,85,0,43,29,0,95,97,85,0,65,25,11,15,91,39,76,58,49
565,610,9912,偉聯,電腦及週邊設備業,57,57,19,55,3,61,61,13,23,3,37,13,9,17,5,55,13,0,99,9,21,21,41,19,52,29,28
566,611,2302,麗正,半導體業,29,29,27,99,99,99,99,71,34,41,99,55,99,99,45,99,20,20,21,51,97,70,22,67,64,50,61
567,612,2303,聯電,半導體業,63,63,61,63,52,30,47,23,32,80,36,21,22,24,39,43,96,35,71,22,26,25,46,29,54,63,44
568,613,2329,華泰,半導體業,26,26,29,91,95,26,36,36,98,38,39,54,37,23,96,90,51,80,24,42,35,36,97,54,39,63,54
569,614,2330,台積電,半導體業,79,80,88,35,54,22,46,21,27,75,25,20,20,22,40,27,99,64,80,20,20,20,34,24,58,66,47
570,615,2337,旺宏,半導體業,64,64,74,49,84,51,49,31,36,78,64,23,29,28,37,20,80,47,42,26,32,30,41,34,58,58,46
571,616,2338,光罩,半導體業,59,59,56,68,69,45,27,70,62,37,63,77,58,67,66,92,23,43,82,65,72,64,82,68,52,58,62
572,617,2340,台亞,半導體業,47,48,48,72,93,44,38,37,26,65,42,46,47,61,34,82,50,77,32,39,39,45,42,42,50,66,51
573,618,2342,茂矽,半導體業,37,37,39,78,96,31,42,44,37,36,41,22,43,76,60,42,49,59,40,36,67,49,57,48,44,54,49
574,619,2344,華邦電,半導體業,76,77,84,33,51,61,54,29,87,60,62,28,28,27,89,26,82,41,85,28,33,32,65,46,64,58,53
575,620,2351,順德,半導體業,30,30,31,87,57,43,39,38,20,88,37,49,50,44,91,41,83,75,59,32,45,42,52,45,43,67,51
576,621,2363,矽統,半導體業,53,54,54,65,44,46,25,63,50,35,61,74,71,83,74,62,48,33,34,64,52,62,60,65,50,43,55
577,622,2369,菱生,半導體業,25,25,25,95,62,60,58,42,86,34,43,50,39,42,32,40,47,73,88,46,40,44,44,46,48,57,51
578,623,2379,瑞昱,半導體業,95,95,95,24,49,57,52,59,54,73,60,82,54,85,27,29,46,65,65,58,76,72,23,59,70,54,62
579,624,2388,威盛,半導體業,73,67,65,48,78,47,28,66,70,33,52,76,77,79,58,72,45,48,44,57,62,73,83,68,55,53,60
580,625,2401,凌陽,半導體業,56,56,59,57,79,65,64,61,30,56,58,91,68,84,25,71,86,71,75,68,60,61,37,58,60,73,63
581,626,2408,南亞科,半導體業,62,62,68,53,90,64,65,28,59,99,33,26,27,26,59,22,44,44,45,23,28,27,66,37,62,57,48
582,627,2434,統懋,半導體業,24,23,21,97,38,63,66,55,23,32,20,38,61,89,69,69,43,21,20,86,91,79,48,60,49,37,52
583,628,2436,偉詮電,半導體業,57,57,60,54,41,62,51,99,97,62,57,93,83,49,64,67,21,53,94,90,89,88,84,81,57,56,67
584,629,2441,超豐,半導體業,44,45,46,74,48,32,40,39,21,54,56,57,35,40,42,44,42,82,37,35,37,40,43,40,47,51,48
585,630,2449,京元電子,半導體業,31,31,38,82,88,25,34,27,22,93,55,35,25,38,21,38,41,98,96,34,36,35,20,32,40,76,49
586,631,2451,創見,半導體業,33,32,37,83,60,27,23,62,66,31,54,80,69,81,65,37,40,34,29,67,58,56,69,66,39,38,51
587,632,2454,聯發科,半導體業,98,97,99,22,40,59,63,49,43,77,53,43,40,70,41,61,39,97,70,37,48,58,68,50,73,64,60
588,633,2458,義隆,半導體業,70,71,77,37,68,58,62,64,45,82,48,68,74,78,92,36,94,96,99,69,59,67,55,65,62,79,68
589,634,2481,強茂,半導體業,38,38,35,86,94,25,21,52,40,89,32,53,53,65,47,70,37,95,26,47,63,52,56,51,40,68,55
590,635,3006,晶豪科,半導體業,94,94,97,20,39,56,60,65,78,53,49,71,73,94,75,60,52,94,66,80,87,77,85,76,70,61,70
591,636,3014,聯陽,半導體業,86,87,93,26,54,55,59,73,47,51,45,67,80,98,48,78,36,32,78,74,68,57,24,62,68,55,59
592,637,3016,嘉晶,半導體業,42,39,47,71,82,40,31,47,57,30,31,45,41,77,56,30,29,55,31,62,70,59,79,57,45,43,52
593,638,3034,聯詠,半導體業,97,98,98,21,47,54,57,57,79,79,51,62,57,88,76,63,35,54,64,54,73,63,86,68,71,57,64
594,639,3035,智原,半導體業,75,75,80,41,66,53,56,67,60,83,47,81,72,80,57,34,34,36,55,66,57,78,77,67,63,51,59
595,640,3041,揚智,半導體業,74,74,72,44,59,52,55,91,91,66,50,92,82,50,87,95,33,40,62,91,88,71,87,80,62,59,70
596,641,3094,聯傑,半導體業,52,51,51,64,62,66,53,81,49,29,46,84,94,64,51,91,31,45,91,72,54,85,62,67,56,58,60
597,642,3189,景碩,半導體業,32,33,32,89,68,23,29,26,68,98,35,31,32,32,81,33,30,56,57,25,31,29,73,42,40,57,45
598,643,3257,虹冠電,半導體業,65,65,57,60,59,68,61,92,28,28,65,94,96,47,26,83,22,28,90,89,90,87,40,69,63,52,60
599,644,3413,京鼎,半導體業,51,52,53,66,34,69,68,35,56,86,59,47,34,37,54,84,88,29,30,81,34,37,63,49,60,58,55
600,645,3443,創意,半導體業,87,86,83,34,34,98,69,68,88,97,67,73,67,91,62,32,97,86,35,87,66,89,92,77,76,64,72
601,646,3450,聯鈞,半導體業,28,24,28,90,86,34,26,60,39,27,84,72,60,82,28,86,28,49,68,88,74,68,25,62,38,57,53
602,647,3530,晶相光,半導體業,89,90,64,61,58,97,98,78,89,47,98,78,75,68,53,96,27,38,67,77,71,95,67,77,83,56,70
603,648,3532,台勝科,半導體業,48,50,55,59,42,96,97,30,84,48,97,42,31,29,83,28,26,63,87,75,29,33,64,54,68,49,55
604,649,3545,敦泰,半導體業,88,88,92,31,36,95,96,98,92,81,96,85,85,46,49,88,93,50,86,79,85,90,58,78,82,72,74
605,650,3583,辛耘,半導體業,43,43,41,75,73,41,30,53,24,67,34,56,63,71,20,45,25,37,76,55,47,55,21,45,46,54,48
606,651,3588,通嘉,半導體業,71,73,67,46,64,94,95,85,69,22,94,88,87,63,63,97,71,92,56,96,83,93,90,83,74,67,75
607,652,3592,瑞鼎,半導體業,99,99,78,42,46,93,94,83,85,26,93,36,64,58,44,77,24,85,84,84,80,82,36,68,84,57,69
608,653,3661,世芯-KY,半導體業,84,79,40,81,61,92,93,24,80,87,24,27,23,21,84,76,32,88,79,24,25,26,35,36,78,70,57
609,654,3686,達能,半導體業,49,49,36,84,70,91,92,93,99,25,92,99,95,48,98,98,38,39,77,99,99,92,94,92,67,58,74
610,655,3711,日月光投控,半導體業,93,92,45,77,97,90,91,22,72,91,23,25,21,20,80,21,53,69,54,21,24,24,33,33,81,64,54
611,656,4919,新唐,半導體業,60,60,66,55,54,36,50,48,42,74,91,29,46,72,94,31,89,62,33,33,64,46,53,56,54,57,55
612,657,4952,凌通,半導體業,80,81,86,28,63,89,90,80,67,24,90,79,88,86,68,80,55,46,89,73,53,83,75,77,76,60,71
613,658,4961,天鈺,半導體業,83,83,85,36,77,88,89,82,82,95,89,96,89,66,85,65,73,30,49,98,75,69,76,82,77,65,75
614,659,4967,十銓,半導體業,27,28,26,94,50,87,88,58,44,23,88,75,70,33,55,66,74,31,97,48,86,65,51,61,58,57,59
615,660,4968,立積,半導體業,55,55,62,58,37,86,87,95,53,71,87,66,91,51,78,68,81,52,92,82,78,76,95,77,67,67,72
616,661,5222,全訊,半導體業,36,35,34,79,34,85,86,72,52,58,86,86,78,95,52,24,84,67,74,60,82,75,61,73,59,57,65
617,662,5269,祥碩,半導體業,91,91,89,30,49,84,85,89,41,39,85,83,92,43,36,74,78,83,63,76,92,80,26,68,78,64,70
618,663,5285,界霖,半導體業,23,27,22,93,95,49,32,56,25,59,22,37,65,87,29,79,77,76,83,44,94,60,54,52,41,78,57
619,664,5471,松翰,半導體業,72,72,81,32,56,83,84,86,96,90,83,70,90,53,67,39,76,81,52,85,79,94,88,81,71,66,75
620,665,6202,盛群,半導體業,77,76,79,38,74,82,83,69,63,70,68,90,79,92,70,46,75,72,51,61,56,81,78,73,72,65,71
621,666,6239,力成,半導體業,40,42,42,76,85,29,44,32,38,69,82,30,26,30,38,23,92,68,50,29,30,31,47,38,46,64,49
622,667,6243,迅杰,半導體業,58,58,52,62,43,21,82,94,75,85,81,65,97,54,72,58,72,74,38,70,55,98,96,78,56,62,69
623,668,6257,矽格,半導體業,35,36,33,88,80,33,35,96,76,40,80,64,38,55,88,57,79,78,95,49,65,54,38,64,43,72,62
624,669,6271,同欣電,半導體業,39,40,43,85,81,24,22,41,29,84,38,33,42,34,43,59,70,26,61,53,41,41,45,40,42,64,47
625,670,6415,矽力*-KY,半導體業,68,70,69,50,53,81,81,74,35,96,79,98,66,93,30,87,69,79,27,95,50,50,32,64,70,68,67
626,671,6451,訊芯-KY,半導體業,69,68,70,51,75,80,80,46,58,44,27,61,49,73,22,85,68,89,28,50,81,66,27,51,70,65,61
627,672,6515,穎崴,半導體業,41,41,44,73,74,79,79,79,46,57,78,39,62,35,33,54,91,99,58,63,44,48,29,51,60,72,60
628,673,6525,捷敏-KY,半導體業,92,93,94,25,98,42,41,54,90,42,77,97,45,96,90,53,90,25,47,38,21,21,59,63,64,59,61
629,674,6531,愛普*,半導體業,90,89,90,29,89,78,78,50,65,68,29,40,52,75,23,93,67,42,46,40,22,23,31,41,76,68,57
630,675,6533,晶心科,半導體業,45,44,73,45,57,77,77,90,81,52,76,60,44,56,79,75,66,91,98,56,49,99,91,71,60,73,70
631,676,6552,易華電,半導體業,20,20,20,98,76,76,76,45,94,46,28,59,56,97,99,64,65,84,69,30,69,39,98,65,52,67,63
632,677,6573,虹揚-KY,半導體業,67,69,71,52,59,75,75,84,77,63,21,32,59,62,71,52,87,23,39,71,61,53,39,57,68,54,58
633,678,6719,力智,半導體業,78,78,75,43,35,74,74,77,71,49,75,95,84,60,77,51,64,87,72,93,96,86,81,81,70,60,73
634,679,6756,威鋒電子,半導體業,81,82,87,40,67,73,73,88,55,50,74,63,86,52,50,50,63,57,93,83,95,96,72,74,73,63,70
635,680,6770,力積電,半導體業,61,61,63,56,55,38,48,25,31,94,73,24,24,36,95,49,95,90,73,27,27,28,70,42,54,76,55
636,681,6789,采鈺,半導體業,54,53,58,67,70,72,72,20,51,21,26,34,48,41,93,94,62,22,53,31,42,38,49,43,63,54,52
637,682,6799,來頡,半導體業,82,84,82,39,65,71,71,97,83,20,72,69,98,57,86,73,61,93,48,78,84,97,28,77,72,60,72
638,683,8016,矽創,半導體業,96,96,96,23,83,50,33,51,64,92,30,41,51,74,24,48,85,60,81,41,23,22,30,41,66,75,56
639,684,8028,昇陽半導體,半導體業,34,34,30,80,92,28,24,43,61,64,40,44,55,45,82,56,60,58,36,43,38,43,74,52,38,61,51
640,685,8081,致新,半導體業,85,85,91,27,72,70,70,75,73,72,71,89,81,90,73,81,59,24,25,92,93,84,80,82,71,56,71
641,686,8110,華東,半導體業,22,22,24,96,91,37,37,40,95,45,44,48,36,31,97,55,58,70,22,94,43,47,93,61,40,57,56
642,687,8131,福懋科,半導體業,21,21,23,92,45,48,45,33,74,61,70,51,33,25,31,25,57,66,23,45,51,51,89,50,42,46,48
643,688,8150,南茂,半導體業,46,46,49,69,71,35,43,34,33,76,69,52,30,39,35,47,98,27,41,52,46,34,50,43,48,60,48
644,689,8261,富鼎,半導體業,66,66,76,47,59,39,20,87,48,43,95,87,93,59,46,89,56,51,60,97,98,91,71,79,52,60,65
645,690,8271,宇瞻,半導體業,50,47,50,70,87,67,67,76,93,55,66,58,76,69,61,35,54,61,43,59,77,74,99,73,58,56,63
646,691,2312,金寶,其他電子業,87,87,77,47,79,55,49,29,27,53,99,55,55,69,35,21,93,75,27,99,49,51,39,55,67,58,59
647,692,2317,鴻海,其他電子業,97,97,97,23,69,23,53,21,35,89,33,21,21,21,43,27,65,69,25,21,21,21,27,26,65,57,46
648,693,2354,鴻準,其他電子業,99,99,99,21,27,69,67,95,99,23,63,33,23,67,99,99,57,79,23,23,29,25,99,60,76,51,64
649,694,2359,所羅門,其他電子業,53,49,63,57,71,41,33,67,41,25,53,49,65,61,59,63,21,61,77,57,85,61,31,57,49,53,53
650,695,2360,致茂,其他電子業,71,73,83,41,49,27,29,37,91,95,49,23,37,51,95,59,55,77,79,33,35,35,53,49,54,69,55
651,696,2373,震旦行,其他電子業,35,25,41,79,51,65,63,45,83,75,65,43,61,89,93,55,53,39,81,85,59,65,97,71,51,59,61
652,697,2390,云辰,其他電子業,91,91,75,33,37,63,57,35,29,27,55,29,63,57,47,57,51,25,71,37,37,59,49,45,68,45,49
653,698,2404,漢唐,其他電子業,85,85,93,25,43,37,43,33,31,29,57,31,43,59,49,39,49,47,73,39,39,41,47,43,61,47,49
654,699,2423,固緯,其他電子業,61,61,69,53,33,57,59,65,45,77,67,41,73,35,53,35,47,67,59,71,95,97,37,62,60,53,60
655,700,2433,互盛電,其他電子業,33,31,37,77,35,59,61,71,85,79,69,57,99,85,91,61,45,57,63,91,99,99,93,85,50,57,67
656,701,2459,敦吉,其他電子業,77,79,73,43,27,61,65,79,53,31,71,93,91,27,85,33,43,83,61,59,83,89,67,72,66,46,66
657,702,2461,光群雷,其他電子業,45,45,47,71,83,43,25,69,37,33,73,97,59,81,37,65,59,27,97,73,97,49,29,64,46,61,56
658,703,2464,盟立,其他電子業,73,71,85,45,41,67,69,41,47,35,51,27,47,55,57,97,29,31,43,35,45,43,35,44,68,46,50
659,704,2474,可成,其他電子業,23,23,33,89,75,27,37,23,79,99,77,25,25,75,89,67,41,87,51,25,23,23,87,50,39,70,56
660,705,2477,美隆電,其他電子業,41,41,49,73,61,51,41,81,57,37,79,87,83,25,81,25,39,73,53,49,73,79,65,69,49,48,59
661,706,2482,連宇,其他電子業,39,39,43,85,77,47,31,75,55,39,81,91,81,31,83,71,37,99,55,97,93,95,71,78,47,63,68
662,707,2488,漢平,其他電子業,31,33,45,75,99,73,73,73,49,41,83,95,95,79,75,23,35,91,87,51,77,83,73,76,55,63,67
663,708,3018,隆銘綠能,其他電子業,37,37,31,87,93,75,75,59,51,43,43,83,75,63,51,53,31,43,33,53,75,81,69,64,57,49,59
664,709,3030,德律,其他電子業,79,77,87,31,39,33,35,63,81,83,87,51,71,41,55,29,61,71,89,87,53,55,89,67,57,62,62
665,710,3043,科風,其他電子業,25,27,21,99,55,99,99,25,59,45,41,35,29,65,79,95,77,37,21,29,25,27,75,44,62,55,52
666,711,3305,昇貿,其他電子業,43,43,27,93,73,79,79,53,89,51,37,73,69,83,71,75,63,59,49,43,71,77,55,66,61,62,63
667,712,3518,柏騰,其他電子業,83,83,61,55,67,53,21,31,39,47,35,39,31,53,39,31,89,95,47,31,31,31,33,36,59,63,50
668,713,3617,碩天,其他電子業,65,65,71,51,89,81,81,57,63,49,45,45,97,73,87,77,87,55,95,55,57,63,85,66,69,75,69
669,714,3665,貿聯-KY,其他電子業,47,51,35,83,91,25,51,27,33,97,31,37,27,71,41,93,23,49,65,27,27,29,41,36,49,70,48
670,715,5225,東科-KY,其他電子業,51,47,53,67,59,83,83,49,23,69,29,79,45,47,27,79,99,97,83,47,43,45,23,42,64,81,58
671,716,6139,亞翔,其他電子業,29,29,25,95,45,45,39,93,65,55,75,69,87,29,63,49,85,63,35,69,81,93,45,70,44,55,61
672,717,6192,巨路,其他電子業,81,81,81,39,57,49,47,91,73,87,27,81,49,45,29,81,27,51,41,95,67,73,79,64,63,57,63
673,718,6196,帆宣,其他電子業,89,89,95,27,53,85,85,39,21,85,25,67,39,87,25,45,83,45,85,65,89,39,21,47,78,66,60
674,719,6201,亞弘電,其他電子業,27,35,29,91,31,35,55,61,43,63,59,47,67,33,45,83,81,53,93,67,69,75,51,56,45,67,57
675,720,6215,和椿,其他電子業,67,67,79,37,29,87,87,97,61,65,97,99,93,91,73,85,91,89,45,93,87,87,63,86,71,67,77
676,721,6283,淳安,其他電子業,63,63,65,59,97,89,89,87,75,67,95,77,79,49,31,41,79,21,37,89,61,71,77,72,71,57,66
677,722,6409,旭隼,其他電子業,93,93,91,29,87,31,45,99,77,93,21,59,33,23,21,47,95,33,29,41,33,33,91,48,64,64,55
678,723,6438,迅得,其他電子業,69,69,67,49,35,91,91,77,97,81,93,89,89,37,65,87,75,81,91,75,51,53,95,75,73,75,75
679,724,6558,興能高,其他電子業,75,75,55,63,95,93,93,85,69,71,91,75,77,43,33,51,25,35,39,83,65,69,81,70,76,53,65
680,725,6691,洋基工程,其他電子業,95,95,89,35,47,29,23,51,25,73,23,65,35,39,23,89,73,85,31,45,41,37,25,37,61,66,53
681,726,6698,旭暉應材,其他電子業,21,21,23,97,85,95,95,43,87,61,85,53,51,99,67,43,97,23,57,81,91,91,61,74,59,61,64
682,727,6743,安普新,其他電子業,59,59,59,65,65,39,27,83,71,59,61,71,57,93,77,37,71,65,67,79,63,67,83,73,51,61,64
683,728,8021,尖點,其他電子業,49,57,39,81,63,97,97,55,93,91,39,63,41,95,97,91,69,41,69,77,47,47,59,65,70,71,66
684,729,8201,無敵,其他電子業,57,53,57,61,81,77,77,89,67,57,89,85,85,77,61,73,67,93,75,61,79,85,43,75,64,74,71
685,730,8499,鼎炫-KY,其他電子業,55,55,51,69,93,71,71,47,95,21,47,61,53,97,69,69,33,29,99,63,55,57,57,64,62,57,59
686,731,2314,台揚,通信網路業,37,37,43,75,43,99,99,93,75,49,99,99,41,77,27,83,81,37,65,51,65,67,45,67,65,60,64
687,732,2321,東訊,通信網路業,39,39,41,71,35,61,61,67,21,43,65,75,65,63,49,51,23,27,47,67,91,91,25,62,52,38,53
688,733,2332,友訊,通信網路業,75,79,89,27,97,39,27,75,39,71,63,57,63,75,43,43,45,83,31,95,87,87,71,69,56,62,63
689,734,2345,智邦,通信網路業,67,71,83,61,73,29,35,37,71,23,47,39,37,41,69,57,95,53,29,55,29,27,69,47,58,55,50
690,735,2412,中華電,通信網路業,97,47,97,19,57,17,37,17,45,89,19,17,17,17,33,21,93,77,69,37,27,19,57,28,52,68,43
691,736,2419,仲琦,通信網路業,89,91,77,35,67,59,59,43,19,25,43,79,77,71,51,31,43,29,81,27,47,37,31,48,68,46,50
692,737,2424,隴華,通信網路業,41,43,23,89,67,57,55,77,29,27,59,81,49,55,31,37,91,65,45,57,79,73,29,56,51,55,56
693,738,2439,美律,通信網路業,77,63,53,65,89,55,53,21,35,91,17,45,31,53,65,39,41,67,97,45,39,31,73,41,61,71,52
694,739,2444,兆勁,通信網路業,17,17,17,97,27,53,57,59,81,17,53,31,71,67,41,97,39,19,61,63,95,89,75,66,43,43,52
695,740,2450,神腦,通信網路業,27,25,27,83,77,43,45,95,79,77,55,55,89,69,55,29,37,87,87,71,81,77,51,71,42,66,64
696,741,2455,全新,通信網路業,95,97,95,43,47,35,25,35,17,97,37,51,33,57,17,23,35,69,55,25,69,43,17,36,65,54,50
697,742,2485,兆赫,通信網路業,21,21,21,95,63,21,21,45,91,29,61,25,73,33,93,19,47,89,17,17,17,17,93,51,33,44,49
698,743,2498,宏達電,通信網路業,73,75,91,23,71,41,43,33,73,19,31,59,39,47,57,61,33,45,43,49,45,39,21,45,58,45,50
699,744,3025,星通,通信網路業,65,65,75,45,97,63,63,31,69,31,27,27,23,23,77,99,17,31,93,77,35,29,85,46,63,61,56
700,745,3027,盛達,通信網路業,43,41,39,67,83,65,65,65,67,33,23,29,53,21,75,47,83,93,19,83,33,63,87,54,53,60,56
701,746,3045,台灣大,通信網路業,79,83,85,29,99,31,47,23,93,95,21,21,21,25,95,53,97,59,63,85,25,23,97,48,59,78,57
702,747,3047,訊舟,通信網路業,81,81,71,37,53,69,69,79,59,35,57,61,69,85,73,17,85,75,75,87,71,85,39,70,68,57,64
703,748,3062,建漢,通信網路業,85,85,81,21,33,71,71,81,95,37,69,49,75,87,97,59,89,25,53,89,77,83,43,77,69,49,66
704,749,3138,耀登,通信網路業,93,95,93,25,93,73,73,89,97,39,71,93,95,93,99,65,29,35,73,91,73,93,89,89,75,56,74
705,750,3311,閎暉,通信網路業,23,23,31,93,91,45,49,63,83,41,25,41,51,27,87,67,27,43,27,21,21,61,83,51,44,49,49
706,751,3380,明泰,通信網路業,45,45,55,49,65,67,67,49,77,83,67,69,45,19,83,63,25,21,95,47,49,59,81,59,55,59,56
707,752,3419,譁裕,通信網路業,55,55,47,63,59,75,75,91,85,47,73,87,67,91,63,25,51,73,99,97,61,65,65,77,62,59,66
708,753,3596,智易,通信網路業,99,99,99,17,51,77,77,29,87,85,45,47,29,45,89,49,21,97,33,29,31,25,95,50,78,56,60
709,754,3669,圓展,通信網路業,63,67,63,53,41,79,79,71,27,87,75,67,57,97,91,93,31,91,51,65,89,57,19,65,67,66,66
710,755,3694,海華,通信網路業,83,89,73,31,29,81,81,27,23,45,41,89,35,43,79,91,49,49,35,35,37,79,27,47,73,50,53
711,756,3704,合勤控,通信網路業,91,93,87,33,79,83,83,83,57,79,77,97,99,73,81,45,67,61,39,99,75,45,37,75,78,62,73
712,757,4904,遠傳,通信網路業,59,61,65,47,85,19,29,25,99,93,29,19,19,35,35,27,53,71,57,19,19,41,91,39,47,64,49
713,758,4906,正文,通信網路業,57,59,61,51,31,33,19,47,89,51,39,43,27,37,85,41,79,63,71,53,51,49,99,56,47,56,55
714,759,4977,眾達-KY,通信網路業,33,31,37,81,67,85,85,73,43,55,79,71,61,95,59,89,77,85,67,79,85,69,23,67,59,73,68
715,760,5388,中磊,通信網路業,47,51,57,77,49,37,39,41,37,81,51,77,47,31,67,87,75,33,91,43,41,33,35,46,51,69,55
716,761,6136,富爾特,通信網路業,61,69,51,57,95,87,87,99,61,59,81,63,93,89,25,85,73,47,37,75,83,97,63,75,69,66,71
717,762,6142,友勁,通信網路業,25,27,19,99,69,49,41,55,41,61,83,85,43,59,53,81,71,95,89,59,53,55,55,58,43,78,61
718,763,6152,百一,通信網路業,69,73,79,39,25,89,89,87,63,63,85,95,91,83,21,79,99,79,85,73,97,99,79,79,73,72,76
719,764,6216,居易,通信網路業,87,87,69,41,45,91,91,85,65,65,87,53,83,81,19,35,69,57,23,81,93,81,41,70,78,49,66
720,765,6285,啟碁,通信網路業,49,49,67,59,61,23,33,19,47,99,89,33,25,39,61,33,87,55,59,23,23,21,49,39,47,66,50
721,766,6416,瑞祺電通,通信網路業,35,33,35,79,75,51,51,97,55,67,91,65,79,79,23,77,65,51,83,69,99,95,77,75,47,70,66
722,767,6426,統新,通信網路業,29,29,29,91,23,93,93,57,49,69,93,83,55,61,39,75,63,41,49,61,63,75,67,64,61,53,61
723,768,6442,光聖,通信網路業,31,35,33,85,87,95,95,69,31,75,95,73,59,65,29,73,61,23,79,93,67,71,47,64,62,66,62
724,769,6674,鋐寶科技,通信網路業,71,77,59,55,55,97,97,39,25,57,49,91,81,29,71,71,59,39,25,33,43,35,33,48,76,51,58
725,770,6792,詠業,通信網路業,51,57,49,69,37,25,23,61,33,73,97,23,97,99,37,69,57,81,77,31,55,47,53,58,46,66,58
726,771,8011,台通,通信網路業,19,19,25,87,81,27,17,51,51,53,33,35,85,49,45,95,55,17,41,41,57,53,61,51,32,57,48
727,772,8101,華冠,通信網路業,53,53,45,73,39,47,31,53,53,21,35,37,87,51,47,55,19,99,21,39,59,51,59,52,50,42,50
728,773,2323,中環,光電業,0,0,0,73,57,5,0,0,67,1,19,0,0,7,73,11,89,0,0,49,37,45,47,31,13,26,26
729,774,2349,錸德,光電業,0,3,0,67,0,13,7,33,89,1,31,63,17,53,79,47,31,0,79,19,57,51,35,48,15,26,33
730,775,2374,佳能,光電業,73,71,77,0,47,67,51,75,63,23,59,65,95,77,63,9,27,53,57,71,75,71,61,70,56,36,56
731,776,2393,億光,光電業,33,35,39,51,81,7,1,93,59,79,61,31,9,75,1,9,93,51,19,31,23,29,11,38,28,55,40
732,777,2406,國碩,光電業,0,1,1,49,67,63,59,49,83,1,37,89,71,65,83,45,25,23,7,61,27,37,87,63,29,28,44
733,778,2409,友達,光電業,87,87,97,0,65,27,41,0,73,91,49,0,0,0,71,33,97,1,41,0,0,0,75,24,56,55,38
734,779,2426,鼎元,光電業,7,5,21,47,79,7,5,0,0,1,15,0,33,55,0,35,23,27,0,5,43,25,3,16,15,28,18
735,780,2429,銘旺科,光電業,0,0,0,99,0,41,0,97,79,1,65,55,31,0,15,37,0,49,35,79,61,61,25,52,23,20,39
736,781,2438,翔耀,光電業,0,0,0,91,93,57,57,77,87,1,39,77,5,69,77,59,21,25,69,57,47,67,53,60,34,45,50
737,782,2466,冠西電,光電業,0,0,0,97,75,33,0,73,93,13,69,21,75,83,81,9,19,7,15,69,93,73,91,75,22,23,47
738,783,2486,一詮,光電業,21,25,25,43,21,0,0,11,81,45,0,47,21,45,0,43,17,45,0,13,35,31,89,34,19,28,31
739,784,2489,瑞軒,光電業,93,93,99,0,91,51,55,25,41,19,0,27,77,35,41,0,95,9,17,47,0,0,0,27,65,38,37
740,785,2491,吉祥全,光電業,25,29,0,81,5,71,53,89,47,15,55,71,27,85,17,49,15,0,97,81,91,91,57,65,43,30,46
741,786,3008,大立光,光電業,57,63,81,0,9,0,19,0,0,97,13,0,13,17,9,51,1,47,1,55,1,5,29,13,37,34,28
742,787,3019,亞光,光電業,65,67,69,5,13,75,49,35,25,11,0,59,51,71,59,53,13,21,81,21,53,57,37,43,55,32,43
743,788,3024,憶聲,光電業,61,59,51,3,95,73,47,83,51,9,81,37,91,0,65,1,11,0,21,87,95,93,27,65,49,23,48
744,789,3031,佰鴻,光電業,79,79,45,7,85,45,0,13,0,7,0,49,23,39,0,57,0,0,85,89,25,35,0,25,42,39,31
745,790,3038,全台,光電業,0,0,0,77,23,29,25,9,1,5,51,73,43,23,93,9,5,0,0,51,33,41,0,38,22,7,27
746,791,3049,精金,光電業,69,57,65,1,43,81,65,0,75,3,11,0,0,15,69,39,7,15,5,7,7,11,67,24,56,19,30
747,792,3050,鈺德,光電業,0,0,0,61,89,83,67,59,13,1,87,69,59,81,0,63,29,0,91,27,73,39,0,46,35,46,40
748,793,3051,力特,光電業,0,0,0,79,0,3,0,1,0,1,9,99,25,11,7,3,3,0,0,93,19,23,7,27,14,1,19
749,794,3059,華晶科,光電業,97,97,91,0,31,49,21,99,45,1,91,83,85,87,61,81,3,0,95,95,71,85,51,78,59,35,60
750,795,3149,正達,光電業,5,9,7,59,0,87,95,17,0,17,0,87,15,43,0,93,3,57,0,97,13,21,0,27,44,28,35
751,796,3356,奇偶,光電業,53,49,67,0,61,89,63,65,0,1,0,81,61,0,0,91,3,0,75,83,83,79,19,43,54,38,44
752,797,3406,玉晶光,光電業,55,53,53,19,7,0,91,55,55,1,97,85,49,59,0,97,0,59,55,73,81,75,0,57,45,36,47
753,798,3437,榮創,光電業,3,0,5,65,71,9,13,45,71,1,43,33,55,63,85,89,3,97,0,53,69,59,83,60,16,44,45
754,799,3454,晶睿,光電業,43,43,61,15,69,35,29,71,37,67,53,75,87,89,49,9,3,41,93,91,89,87,65,72,38,47,53
755,800,3481,群創,光電業,71,73,79,11,19,0,33,0,0,71,35,0,0,0,99,87,3,95,29,0,0,0,85,20,44,51,35
756,801,3504,揚明光,光電業,15,15,27,45,29,1,0,39,69,75,0,97,39,51,67,85,3,0,89,17,55,69,31,49,17,47,37
757,802,3535,晶彩科,光電業,35,31,47,9,0,25,0,79,43,1,95,17,93,91,57,9,3,93,0,85,85,81,1,66,24,18,43
758,803,3543,州巧,光電業,13,13,17,69,3,0,0,53,0,1,0,25,3,0,19,9,3,91,43,0,11,77,13,18,19,25,22
759,804,3563,牧德,光電業,81,77,83,0,0,77,85,37,23,83,0,93,97,47,39,9,9,89,83,15,59,95,33,49,67,46,52
760,805,3576,聯合再生,光電業,11,7,9,95,51,0,3,0,0,81,17,39,0,19,3,0,33,99,0,0,5,1,0,8,21,44,26
761,806,3591,艾笛森,光電業,23,23,0,85,87,43,11,69,19,87,63,13,79,95,25,27,57,3,49,67,97,97,63,62,31,52,47
762,807,3622,洋華,光電業,47,55,43,31,41,95,83,85,53,1,57,95,89,97,97,9,35,5,77,63,87,83,59,79,59,28,56
763,808,3673,TPK-KY,光電業,37,37,37,25,55,0,43,0,85,89,0,0,0,0,89,31,67,85,11,9,0,0,93,25,30,56,35
764,809,3714,富采,光電業,99,99,55,17,53,79,81,91,49,93,99,53,29,0,0,9,99,83,73,39,39,89,55,49,72,68,59
765,810,4934,太極,光電業,83,85,59,0,55,55,79,41,5,21,1,29,69,61,23,75,69,11,3,23,15,15,0,26,60,39,36
766,811,4935,茂林-KY,光電業,75,75,41,27,73,61,77,31,9,85,5,0,35,27,29,73,71,19,31,29,17,17,0,18,59,59,38
767,812,4942,嘉彰,光電業,45,45,31,63,59,85,75,57,3,41,89,51,83,99,31,71,73,81,71,77,9,13,0,47,57,66,54
768,813,4956,光鋐,光電業,0,0,3,71,57,99,73,23,0,59,0,41,19,49,0,9,79,79,0,3,49,27,0,19,41,47,35
769,814,4960,誠美材,光電業,27,19,33,33,11,0,0,0,11,77,29,0,11,5,27,9,77,77,47,0,0,0,17,9,19,50,25
770,815,4976,佳凌,光電業,0,0,0,83,37,19,17,5,21,47,33,0,37,25,37,9,81,31,67,0,3,3,45,19,20,45,28
771,816,5234,達興材料,光電業,89,89,95,0,45,53,71,29,7,57,0,19,67,29,21,9,83,75,65,0,31,19,5,21,66,56,44
772,817,5243,乙盛-KY,光電業,91,91,93,0,33,39,37,47,15,55,3,0,73,13,35,61,85,73,63,25,63,33,41,32,58,62,48
773,818,5244,弘凱,光電業,95,95,87,0,0,65,69,0,27,0,27,7,0,0,45,95,87,71,61,11,0,0,39,14,68,52,40
774,819,5484,慧友,光電業,1,0,15,55,63,69,93,87,35,53,85,35,99,93,47,67,65,17,25,75,99,99,95,77,39,48,59
775,820,6116,彩晶,光電業,77,81,85,0,15,0,9,81,77,73,67,0,0,0,5,69,75,0,33,0,0,0,21,23,42,44,33
776,821,6120,達運,光電業,67,61,57,23,27,23,23,95,61,51,93,15,0,57,0,77,61,13,59,35,0,0,9,33,42,48,40
777,822,6164,華興,光電業,9,11,0,57,39,91,87,27,0,49,77,11,0,3,55,13,59,35,0,0,29,7,81,26,42,32,33
778,823,6168,宏齊,光電業,31,33,35,29,77,21,45,51,95,43,41,79,53,31,91,65,63,69,27,59,65,63,99,66,32,57,55
779,824,6176,瑞儀,光電業,85,83,89,0,55,0,0,0,99,95,0,3,0,0,75,7,91,43,53,37,0,0,77,26,43,57,38
780,825,6209,今國光,光電業,0,0,0,89,35,0,0,21,0,39,0,43,41,41,0,25,0,29,0,45,45,47,15,27,15,21,25
781,826,6225,天瀚,光電業,41,39,73,0,83,93,89,0,31,37,23,9,0,0,53,99,0,0,0,1,0,0,49,15,56,36,33
782,827,6226,光鼎,光電業,63,65,49,21,99,59,97,0,29,35,25,5,0,1,0,15,55,37,13,0,0,0,79,13,59,42,35
783,828,6278,台表科,光電業,39,41,11,75,89,97,61,43,65,33,45,57,63,67,87,5,53,0,0,43,79,65,73,62,54,30,50
784,829,6405,悅城,光電業,0,0,13,41,57,11,0,15,0,31,0,67,47,37,11,83,51,67,37,0,21,0,23,20,11,54,28
785,830,6443,元晶,光電業,0,0,0,87,25,0,0,7,0,29,83,0,7,9,0,29,49,65,9,0,0,9,0,10,14,34,20
786,831,6456,GIS-KY,光電業,49,47,63,0,17,0,35,0,17,69,79,1,0,0,33,55,47,63,23,0,0,0,71,18,32,46,30
787,832,6477,安集,光電業,0,0,0,93,97,7,39,67,91,27,75,23,81,0,51,21,45,39,39,65,41,49,0,49,23,45,40
788,833,6668,中揚光,光電業,17,21,23,37,43,37,15,61,39,25,73,61,65,73,0,41,43,61,87,33,67,43,0,47,25,50,43
789,834,6706,惠特,光電業,59,69,71,35,49,47,31,63,97,65,71,91,57,79,95,19,41,33,51,99,51,53,97,78,52,43,59
790,835,8104,錸寶,光電業,29,27,19,53,1,15,0,19,0,63,47,45,45,33,0,17,39,0,45,41,77,55,43,37,24,28,30
791,836,8105,凌巨,光電業,19,17,29,39,55,31,27,0,33,61,21,0,0,0,43,79,37,87,0,0,0,0,69,15,27,53,29
792,837,8215,明基材,光電業,51,51,75,13,63,17,99,3,57,99,7,0,1,21,13,23,3,55,99,0,0,0,0,9,51,57,32
793,838,2347,聯強,電子通路業,29,34,54,54,94,19,19,19,4,89,99,14,29,9,19,94,84,49,39,99,9,19,14,30,35,75,46
794,839,2414,精技,電子通路業,19,19,19,84,44,24,24,59,54,24,54,84,54,54,59,29,79,64,79,19,64,99,34,58,32,53,48
795,840,2430,燦坤,電子通路業,4,4,9,94,64,4,4,49,69,54,59,29,64,94,79,49,14,39,54,24,24,64,44,54,20,46,42
796,841,3010,華立,電子通路業,74,74,84,34,29,29,29,79,59,69,4,19,39,49,4,39,9,59,99,29,94,89,59,48,54,51,52
797,842,3028,增你強,電子通路業,24,24,29,64,69,14,14,39,84,39,64,79,74,89,84,14,19,89,94,34,49,49,69,65,28,54,53
798,843,3033,威健,電子通路業,54,59,69,19,24,34,34,64,44,44,49,64,89,44,54,54,24,44,59,39,59,54,49,55,45,42,48
799,844,3036,文曄,電子通路業,69,69,74,44,59,44,44,24,34,99,74,49,44,74,49,59,29,9,69,44,19,24,74,46,57,54,49
800,845,3048,益登,電子通路業,49,49,64,39,99,49,49,89,94,34,34,74,79,39,89,19,34,69,49,49,74,79,79,71,50,51,59
801,846,3055,蔚華科,電子通路業,84,89,59,29,14,39,39,29,39,29,79,94,34,99,29,69,39,4,9,14,54,34,54,51,56,27,44
802,847,3209,全科,電子通路業,39,39,39,59,19,99,99,94,19,74,9,44,94,59,34,64,44,99,84,54,79,39,19,49,62,64,58
803,848,3312,弘憶股,電子通路業,44,44,24,79,39,64,64,69,29,79,84,54,84,84,44,99,4,29,24,64,44,44,29,57,53,46,54
804,849,3528,安馳,電子通路業,64,64,44,49,74,69,69,44,24,19,29,59,59,79,39,79,54,79,74,69,39,29,24,45,60,63,55
805,850,3702,大聯大,電子通路業,94,94,94,4,84,74,74,9,14,94,89,34,24,4,64,9,89,74,34,74,14,9,4,31,72,64,52
806,851,5434,崇越,電子通路業,79,79,89,24,49,79,79,99,99,64,24,39,49,19,99,34,59,24,64,79,84,59,89,67,72,49,63
807,852,6189,豐藝,電子通路業,59,54,49,69,9,84,84,84,64,14,19,4,4,34,74,84,64,19,44,84,99,94,39,54,66,39,53
808,853,6281,全國電,電子通路業,9,9,14,89,54,9,9,14,9,59,14,24,14,14,24,4,69,84,19,89,29,14,9,23,23,48,34
809,854,6776,展碁國際,電子通路業,34,29,34,74,89,89,89,34,49,84,94,69,69,64,69,89,94,54,29,94,34,74,84,67,58,73,67
810,855,8070,長華*,電子通路業,99,99,99,9,79,94,94,4,89,9,39,9,9,69,94,24,74,94,14,4,4,4,64,35,82,49,54
811,856,8072,陞泰,電子通路業,14,14,4,99,99,59,59,54,74,4,44,89,19,24,14,74,99,14,89,59,89,84,94,59,42,63,52
812,857,8112,至上,電子通路業,89,84,79,14,34,54,54,74,79,49,69,99,99,29,9,44,49,34,4,9,69,69,99,64,62,36,53
813,858,2427,三商電,資訊服務業,27,27,27,81,27,99,99,72,81,36,99,63,99,90,90,90,18,99,45,99,9,18,72,72,60,52,66
814,859,2453,凌群,資訊服務業,54,54,36,54,36,36,27,27,90,27,90,45,36,81,99,81,99,18,99,90,90,36,90,70,44,60,62
815,860,2468,華經,資訊服務業,18,18,9,99,72,18,9,81,54,18,81,99,90,99,54,72,90,9,90,81,81,45,54,74,28,58,58
816,861,2471,資通,資訊服務業,81,81,90,18,54,90,90,36,27,63,72,90,54,27,45,63,9,72,9,72,72,99,45,58,75,45,60
817,862,2480,敦陽科,資訊服務業,63,63,63,36,63,81,81,90,45,99,63,27,81,72,36,27,81,81,27,63,99,63,27,61,64,63,63
818,863,3029,零壹,資訊服務業,90,90,72,45,99,72,72,63,63,54,54,54,63,63,63,45,72,90,54,54,63,90,63,63,74,69,68
819,864,4994,傳奇,資訊服務業,9,9,18,90,90,63,63,18,36,45,45,36,18,18,18,99,63,45,36,45,54,27,36,32,42,63,44
820,865,5203,訊連,資訊服務業,99,99,99,9,18,54,54,45,9,90,36,81,72,54,27,54,54,63,81,36,45,72,18,45,69,60,54
821,866,6112,邁達特,資訊服務業,45,45,54,63,81,27,18,54,18,81,27,72,45,45,9,36,45,27,72,27,36,54,9,36,42,57,42
822,867,6183,關貿,資訊服務業,72,72,81,27,9,45,36,99,99,9,18,9,27,36,81,9,36,36,18,18,27,81,99,54,56,20,43
823,868,6214,精誠,資訊服務業,36,36,45,72,45,9,45,9,72,72,9,18,9,9,72,18,27,54,63,9,18,9,81,29,40,46,35
824,869,2601,益航,貿易百貨,93,93,99,0,21,99,99,93,39,87,93,69,15,69,39,93,93,99,33,99,99,93,0,64,80,71,71
825,870,2901,欣欣,貿易百貨,69,69,63,27,63,93,93,15,27,39,15,45,27,57,27,21,3,9,63,9,9,99,15,31,69,33,42
826,871,2903,遠百,貿易百貨,75,81,75,21,15,87,87,3,57,3,0,15,9,27,57,45,15,3,75,15,15,15,51,24,71,26,34
827,872,2905,三商,貿易百貨,99,99,81,15,75,27,21,87,33,9,99,93,93,63,33,27,21,87,45,21,21,51,21,56,57,44,53
828,873,2906,高林,貿易百貨,81,75,57,39,87,81,81,9,75,15,21,21,21,15,75,9,27,0,51,27,27,33,69,36,69,32,43
829,874,2908,特力,貿易百貨,87,87,87,9,33,21,27,99,99,21,27,99,57,51,99,51,99,15,87,33,33,45,99,67,53,51,57
830,875,2910,統領,貿易百貨,45,45,51,33,3,75,75,27,69,27,33,27,45,39,69,15,33,39,69,39,39,27,63,43,54,31,45
831,876,2911,麗嬰房,貿易百貨,15,27,21,63,69,69,69,63,81,33,39,75,39,33,81,63,39,21,81,45,45,81,27,55,44,51,49
832,877,2912,統一超,貿易百貨,63,63,93,3,93,9,15,0,93,99,45,0,0,0,93,0,45,45,99,51,51,0,75,37,41,64,43
833,878,2913,農林,貿易百貨,57,57,69,45,51,15,3,21,63,45,51,33,33,9,63,3,51,51,3,57,57,39,57,44,41,34,42
834,879,2915,潤泰全,貿易百貨,51,51,45,75,45,57,51,75,45,81,57,81,99,81,45,39,0,69,9,63,63,69,9,62,55,40,55
835,880,2929,淘帝-KY,貿易百貨,39,39,33,69,9,51,45,81,87,51,63,87,87,3,87,99,87,81,93,69,69,21,81,67,46,70,64
836,881,2945,三商家購,貿易百貨,0,0,0,99,57,3,9,33,51,57,69,57,63,45,51,33,57,93,27,75,75,75,45,58,18,54,50
837,882,4807,日成-KY,貿易百貨,33,33,15,93,39,39,33,69,9,93,75,9,3,21,9,75,63,63,15,81,81,9,87,41,41,58,47
838,883,5906,台南-KY,貿易百貨,9,9,9,87,27,33,39,45,3,63,81,3,75,87,3,81,69,33,21,87,87,3,93,52,31,49,45
839,884,5907,大洋-KY,貿易百貨,3,3,3,81,81,45,57,51,0,69,87,63,81,93,0,87,75,27,39,93,93,87,3,59,32,63,52
840,885,8429,金麗-KY,貿易百貨,21,21,27,57,0,63,63,57,21,75,9,39,69,75,21,69,81,75,0,3,3,63,33,36,42,50,41
841,886,8443,阿瘦,貿易百貨,27,15,39,51,99,15,0,39,15,0,3,51,51,99,15,57,9,57,57,0,0,57,39,34,24,46,34
842,887,2616,山隆,油電燃氣業,27,27,27,87,51,99,99,27,39,63,99,27,27,99,63,99,87,27,15,99,99,27,63,61,61,57,62
843,888,6505,台塑化,油電燃氣業,87,99,99,15,39,27,27,15,15,99,87,15,15,87,51,51,75,99,63,87,87,15,51,48,59,71,58
844,889,8926,台汽電,油電燃氣業,99,87,75,39,63,87,87,39,87,87,75,39,51,75,99,63,63,87,75,75,75,39,87,67,79,73,71
845,890,9908,大台北,油電燃氣業,75,75,63,51,27,75,75,63,75,51,63,87,63,63,75,39,51,63,51,63,63,63,75,68,69,47,63
846,891,9918,欣天然,油電燃氣業,63,63,51,63,75,63,63,99,27,75,51,75,99,51,15,15,99,75,39,51,51,99,15,58,61,63,58
847,892,9926,新海,油電燃氣業,51,51,87,27,87,51,51,87,63,39,39,99,87,39,39,27,39,51,27,39,39,87,39,60,53,45,55
848,893,9931,欣高,油電燃氣業,39,39,39,75,15,39,39,75,51,27,27,63,75,27,27,87,27,39,99,27,27,75,27,46,45,49,47
849,894,9937,全國,油電燃氣業,15,15,15,99,99,27,15,51,99,15,15,51,39,15,87,75,15,15,87,15,15,51,99,49,31,51,43
850,895,2701,萬企,觀光餐旅,63,57,39,51,99,99,99,39,87,45,99,9,63,93,93,99,87,69,99,99,93,9,87,70,68,83,71
851,896,2702,華園,觀光餐旅,27,39,33,93,99,81,81,99,21,39,15,87,99,21,3,51,39,15,9,15,27,99,3,44,59,42,48
852,897,2704,國賓,觀光餐旅,93,93,81,33,75,27,15,33,81,9,21,27,39,27,75,3,9,33,3,21,63,81,99,52,57,22,46
853,898,2705,六福,觀光餐旅,33,33,45,57,57,21,63,21,75,15,27,45,51,99,81,57,99,21,39,27,45,69,81,56,42,48,51
854,899,2706,第一店,觀光餐旅,57,63,21,63,33,87,87,93,33,21,33,15,93,33,15,93,15,27,57,33,81,15,15,42,63,41,46
855,900,2707,晶華,觀光餐旅,81,81,93,15,87,51,45,45,57,27,39,99,33,39,51,9,21,39,27,39,57,57,63,53,61,35,50
856,901,2712,遠雄來,觀光餐旅,45,45,51,69,27,63,75,75,99,33,45,3,75,45,99,69,27,93,93,45,15,3,93,54,58,57,57
857,902,2722,夏都,觀光餐旅,21,21,15,99,63,57,21,69,63,75,9,93,69,15,45,39,33,63,15,9,99,87,45,55,39,48,50
858,903,2723,美食-KY,觀光餐旅,51,51,75,21,39,3,27,9,15,99,51,33,9,51,33,63,45,87,63,51,21,27,33,30,38,66,45
859,904,2727,王品,觀光餐旅,15,15,87,9,51,15,51,3,3,93,63,63,3,3,21,81,81,75,45,63,75,21,21,31,32,71,43
860,905,2731,雄獅,觀光餐旅,39,27,27,75,21,75,69,87,27,51,69,57,87,63,9,87,51,81,69,69,69,93,9,58,52,60,57
861,906,2739,寒舍,觀光餐旅,69,69,69,39,69,9,3,27,93,57,75,21,27,69,87,33,57,9,21,75,39,45,75,58,43,41,47
862,907,2748,雲品,觀光餐旅,75,75,57,27,81,33,9,51,39,81,81,51,57,75,69,27,63,3,75,81,51,75,69,64,46,55,53
863,908,2753,八方雲集,觀光餐旅,99,99,99,3,45,39,39,81,69,63,87,75,81,81,63,21,93,57,51,87,3,39,39,64,63,55,59
864,909,5706,鳳凰,觀光餐旅,3,3,3,81,99,93,93,15,9,87,93,69,15,87,27,15,69,99,81,93,87,33,27,50,46,75,56
865,910,8940,新天地,觀光餐旅,87,87,63,45,93,69,33,57,45,69,57,39,45,57,57,75,75,51,87,57,9,63,57,49,64,75,59
866,911,9943,好樂迪,觀光餐旅,9,9,9,87,15,45,57,63,51,3,3,81,21,9,39,45,3,45,33,3,33,51,51,37,36,24,35
867,912,2801,彰銀,金融保險業,63,57,51,15,39,84,78,39,9,75,15,24,42,30,21,69,42,66,39,99,3,54,45,35,58,55,48
868,913,2809,京城銀,金融保險業,9,9,3,90,69,63,51,66,72,78,48,78,63,90,93,96,36,96,27,45,99,81,3,67,38,67,59
869,914,2812,台中銀,金融保險業,30,30,21,69,27,24,27,72,36,54,45,54,69,78,24,39,66,42,69,42,90,42,18,52,34,50,44
870,915,2816,旺旺保,金融保險業,12,12,15,87,42,48,12,78,0,6,36,57,90,51,3,84,3,63,51,39,87,48,21,46,31,42,41
871,916,2820,華票,金融保險業,93,90,90,3,9,93,90,93,90,12,39,63,93,69,87,45,6,39,78,36,84,99,99,77,76,32,62
872,917,2832,台產,金融保險業,6,6,12,99,3,54,30,54,78,36,30,84,72,93,6,57,9,9,48,33,63,84,12,55,34,27,40
873,918,2834,臺企銀,金融保險業,45,45,36,51,84,57,69,48,24,51,12,39,45,45,33,15,90,60,60,30,57,78,84,45,50,60,49
874,919,2836,高雄銀,金融保險業,51,48,33,45,90,45,0,87,84,30,96,72,66,63,81,30,12,87,3,24,81,93,51,73,37,42,55
875,920,2838,聯邦銀,金融保險業,0,0,0,96,63,60,6,51,21,27,27,87,87,87,42,66,15,27,66,3,48,45,66,51,27,44,42
876,921,2845,遠東銀,金融保險業,42,39,27,54,36,78,84,57,18,48,90,81,84,84,18,48,18,15,18,21,54,39,33,53,54,30,45
877,922,2849,安泰銀,金融保險業,18,18,9,81,99,27,9,63,57,15,51,99,57,54,69,60,21,18,81,18,96,75,6,59,27,49,46
878,923,2850,新產,金融保險業,33,36,24,72,15,87,87,33,60,21,78,18,0,6,0,51,24,72,33,15,27,69,30,31,56,36,40
879,924,2851,中再保,金融保險業,84,84,96,0,60,69,3,90,87,18,54,69,99,60,75,72,27,24,90,12,78,90,57,70,56,48,59
880,925,2852,第一保,金融保險業,21,24,18,84,12,72,93,96,99,3,42,66,81,99,78,33,30,78,36,9,75,63,54,69,52,32,55
881,926,2855,統一證,金融保險業,99,99,99,27,24,90,96,75,33,72,60,75,75,81,27,12,78,0,63,6,72,60,27,54,85,42,56
882,927,2867,三商壽,金融保險業,3,3,6,93,87,75,63,42,81,42,24,93,78,96,45,63,33,33,45,48,9,87,72,61,40,50,51
883,928,2880,華南金,金融保險業,66,63,66,33,78,9,33,12,3,39,72,45,33,15,39,9,81,21,24,51,30,36,75,37,45,42,40
884,929,2881,富邦金,金融保險業,24,21,75,36,51,6,39,3,48,57,75,3,6,27,48,24,99,57,9,54,12,9,81,33,34,50,39
885,930,2882,國泰金,金融保險業,15,15,63,42,75,0,60,0,42,90,18,0,3,3,57,36,63,75,0,57,42,3,0,20,32,56,37
886,931,2883,凱基金,金融保險業,78,81,84,30,30,96,18,21,45,87,93,30,24,33,63,75,39,69,15,60,18,24,69,44,64,52,54
887,932,2884,玉山金,金融保險業,39,42,30,48,45,21,54,18,66,93,3,27,21,24,60,42,96,45,84,63,0,15,93,35,39,68,47
888,933,2885,元大金,金融保險業,96,96,93,6,72,18,48,30,96,81,6,33,18,42,9,78,84,90,75,66,6,18,48,34,60,80,55
889,934,2886,兆豐金,金融保險業,87,75,78,24,81,3,24,27,15,24,9,9,36,21,72,15,93,3,93,69,51,51,90,41,48,52,46
890,935,2887,台新金,金融保險業,54,54,60,57,81,81,81,45,51,84,33,36,30,9,36,87,51,51,30,72,45,12,36,37,64,64,53
891,936,2888,新光金,金融保險業,27,27,42,63,57,33,72,6,27,96,84,12,12,39,96,15,54,81,72,75,24,0,24,36,44,62,46
892,937,2889,國票金,金融保險業,81,87,72,66,6,99,99,81,54,33,66,51,54,48,54,27,75,48,54,78,66,66,9,57,84,40,59
893,938,2890,永豐金,金融保險業,60,66,69,39,33,12,42,36,30,99,87,42,39,36,30,90,60,54,57,81,21,21,42,42,48,66,51
894,939,2891,中信金,金融保險業,90,93,87,12,48,15,57,9,6,60,69,6,9,0,90,93,72,93,87,84,39,6,39,32,59,76,53
895,940,2892,第一金,金融保險業,72,69,57,21,96,36,66,24,12,63,0,21,27,75,66,15,87,6,21,87,15,33,78,40,54,48,45
896,941,2897,王道銀行,金融保險業,69,78,48,60,66,39,15,69,39,45,21,60,60,57,15,21,57,30,42,90,60,57,15,49,52,44,48
897,942,5876,上海商銀,金融保險業,57,51,54,18,18,30,36,60,69,9,99,48,48,18,12,81,48,84,96,93,33,27,87,54,41,56,53
898,943,5880,合庫金,金融保險業,75,72,81,9,54,51,75,15,63,66,81,15,15,12,51,18,69,36,6,96,36,30,96,46,60,42,48
899,944,6005,群益證,金融保險業,48,60,45,75,93,42,45,99,93,69,63,90,51,66,84,54,45,99,12,27,69,72,63,71,52,62,66
900,945,6024,群益期,金融保險業,36,33,39,78,21,66,21,84,75,0,57,96,96,72,99,99,3,12,99,0,93,96,60,75,46,39,55
901,947,3130,一零四,數位雲端,66,66,99,33,33,99,99,99,99,66,99,99,99,99,99,99,99,66,66,99,99,99,99,99,77,72,84
902,948,6165,浪凡,數位雲端,99,99,33,99,99,66,66,66,66,33,66,66,66,66,66,66,66,33,33,66,66,66,66,66,77,55,69
903,949,8454,富邦媒,數位雲端,33,33,66,66,66,33,33,33,33,99,33,33,33,33,33,33,33,99,99,33,33,33,33,33,44,72,45
904,950,3708,上緯投控,綠能環保,81,81,54,54,72,99,99,81,81,90,99,63,63,90,45,90,99,99,63,18,99,72,54,70,78,86,77
905,951,6581,鋼聯,綠能環保,63,63,63,18,45,90,90,27,90,72,54,18,36,27,54,18,90,54,36,9,9,9,45,34,64,52,49
906,952,6641,基士德-KY,綠能環保,18,18,27,81,90,36,27,90,36,81,9,99,90,99,81,81,81,18,99,45,90,81,90,74,34,75,63
907,953,6806,森崴能源,綠能環保,90,90,90,27,54,81,81,99,9,63,90,90,99,81,18,72,72,36,54,36,81,99,99,73,76,58,70
908,954,8341,日友,綠能環保,72,72,81,36,36,9,9,9,27,54,72,27,18,18,9,63,63,90,90,90,27,54,63,38,46,66,50
909,955,8422,可寧衛,綠能環保,54,54,72,45,9,27,18,36,99,99,45,54,81,54,90,99,54,81,81,81,18,18,9,53,45,70,57
910,956,8438,昶昕,綠能環保,45,45,45,63,99,18,36,63,72,18,36,81,27,72,72,36,45,9,72,54,63,63,81,62,42,46,51
911,957,8473,山林水,綠能環保,9,9,9,90,18,72,72,54,54,45,18,45,54,45,36,27,36,45,9,72,54,45,27,46,44,30,40
912,958,8476,台境*,綠能環保,36,36,36,72,63,63,63,45,45,9,63,36,45,36,27,54,27,27,18,63,45,36,18,42,51,33,40
913,959,9930,中聯資源,綠能環保,99,99,99,9,27,54,54,18,18,36,81,9,9,9,99,9,18,72,27,99,36,27,36,40,69,32,45
914,960,9955,佳龍,綠能環保,27,27,18,99,81,45,45,72,63,27,27,72,72,63,63,45,9,63,45,27,72,90,72,63,44,45,52
